POTENCIA,ENERGIA,TAXA_ENERGIA,POTENCIA(K-1),ENERGIA(K-1),TAXA_ENERGIA(K-1),POTENCIA(K-2),ENERGIA(K-2),TAXA_ENERGIA(K-2),POTENCIA(K-3),ENERGIA(K-3),TAXA_ENERGIA(K-3),POTENCIA(K-4),ENERGIA(K-4),TAXA_ENERGIA(K-4),POTENCIA(K+1),POTENCIA(K+2)
16.0,265.9499996900558,4.0,15.8000001907349,266.2225003480911,3.950000047683716,14.6000003814697,248.23750001192096,3.6500000953674316,15.8999996185303,266.47500073909765,3.9749999046325684,13.8999996185303,243.06249940395358,3.4749999046325684,16.2999992370605,16.7000007629395
16.2999992370605,269.57499980926525,4.074999809265137,16.0,265.9499996900558,4.0,15.8000001907349,266.2225003480911,3.950000047683716,14.6000003814697,248.23750001192096,3.6500000953674316,15.8999996185303,266.47500073909765,3.9749999046325684,16.7000007629395,17.0
16.7000007629395,279.57499980926514,4.175000190734863,16.2999992370605,269.57499980926525,4.074999809265137,16.0,265.9499996900558,4.0,15.8000001907349,266.2225003480911,3.950000047683716,14.6000003814697,248.23750001192096,3.6500000953674316,17.0,17.1000003814697
17.0,279.54999959468836,4.25,16.7000007629395,279.57499980926514,4.175000190734863,16.2999992370605,269.57499980926525,4.074999809265137,16.0,265.9499996900558,4.0,15.8000001907349,266.2225003480911,3.950000047683716,17.1000003814697,17.2999992370605
17.1000003814697,284.8250000476838,4.275000095367432,17.0,279.54999959468836,4.25,16.7000007629395,279.57499980926514,4.175000190734863,16.2999992370605,269.57499980926525,4.074999809265137,16.0,265.9499996900558,4.0,17.2999992370605,17.3999996185303
17.2999992370605,286.5750000476837,4.324999809265137,17.1000003814697,284.8250000476838,4.275000095367432,17.0,279.54999959468836,4.25,16.7000007629395,279.57499980926514,4.175000190734863,16.2999992370605,269.57499980926525,4.074999809265137,17.3999996185303,18.5
17.3999996185303,283.40000045299524,4.349999904632568,17.2999992370605,286.5750000476837,4.324999809265137,17.1000003814697,284.8250000476838,4.275000095367432,17.0,279.54999959468836,4.25,16.7000007629395,279.57499980926514,4.175000190734863,18.5,17.928947574214
18.5,320.6500008106232,4.625,17.3999996185303,283.40000045299524,4.349999904632568,17.2999992370605,286.5750000476837,4.324999809265137,17.1000003814697,284.8250000476838,4.275000095367432,17.0,279.54999959468836,4.25,17.928947574214,17.0268415651823
17.928947574214,315.87499356269836,4.482236893553505,18.5,320.6500008106232,4.625,17.3999996185303,283.40000045299524,4.349999904632568,17.2999992370605,286.5750000476837,4.324999809265137,17.1000003814697,284.8250000476838,4.275000095367432,17.0268415651823,16.3999996185303
17.0268415651823,290.0749981403356,4.25671039129557,17.928947574214,315.87499356269836,4.482236893553505,18.5,320.6500008106232,4.625,17.3999996185303,283.40000045299524,4.349999904632568,17.2999992370605,286.5750000476837,4.324999809265137,16.3999996185303,16.3999996185303
16.3999996185303,267.97499954700476,4.099999904632568,17.0268415651823,290.0749981403356,4.25671039129557,17.928947574214,315.87499356269836,4.482236893553505,18.5,320.6500008106232,4.625,17.3999996185303,283.40000045299524,4.349999904632568,16.3999996185303,16.1000003814697
16.3999996185303,269.15000021457666,4.099999904632568,16.3999996185303,267.97499954700476,4.099999904632568,17.0268415651823,290.0749981403356,4.25671039129557,17.928947574214,315.87499356269836,4.482236893553505,18.5,320.6500008106232,4.625,16.1000003814697,15.6999998092651
16.1000003814697,267.4250001907349,4.025000095367432,16.3999996185303,269.15000021457666,4.099999904632568,16.3999996185303,267.97499954700476,4.099999904632568,17.0268415651823,290.0749981403356,4.25671039129557,17.928947574214,315.87499356269836,4.482236893553505,15.6999998092651,16.7999992370605
15.6999998092651,265.6250002384186,3.924999952316284,16.1000003814697,267.4250001907349,4.025000095367432,16.3999996185303,269.15000021457666,4.099999904632568,16.3999996185303,267.97499954700476,4.099999904632568,17.0268415651823,290.0749981403356,4.25671039129557,16.7999992370605,15.1999998092651
16.7999992370605,278.27499938011164,4.199999809265137,15.6999998092651,265.6250002384186,3.924999952316284,16.1000003814697,267.4250001907349,4.025000095367432,16.3999996185303,269.15000021457666,4.099999904632568,16.3999996185303,267.97499954700476,4.099999904632568,15.1999998092651,15.6999998092651
15.1999998092651,245.45000016689295,3.799999952316284,16.7999992370605,278.27499938011164,4.199999809265137,15.6999998092651,265.6250002384186,3.924999952316284,16.1000003814697,267.4250001907349,4.025000095367432,16.3999996185303,269.15000021457666,4.099999904632568,15.6999998092651,16.0
15.6999998092651,260.1874990463256,3.924999952316284,15.1999998092651,245.45000016689295,3.799999952316284,16.7999992370605,278.27499938011164,4.199999809265137,15.6999998092651,265.6250002384186,3.924999952316284,16.1000003814697,267.4250001907349,4.025000095367432,16.0,14.6000003814697
16.0,261.35000014305115,4.0,15.6999998092651,260.1874990463256,3.924999952316284,15.1999998092651,245.45000016689295,3.799999952316284,16.7999992370605,278.27499938011164,4.199999809265137,15.6999998092651,265.6250002384186,3.924999952316284,14.6000003814697,14.6000003814697
14.6000003814697,243.44999945163724,3.6500000953674316,16.0,261.35000014305115,4.0,15.6999998092651,260.1874990463256,3.924999952316284,15.1999998092651,245.45000016689295,3.799999952316284,16.7999992370605,278.27499938011164,4.199999809265137,14.6000003814697,13.6999998092651
14.6000003814697,241.04999995231628,3.6500000953674316,14.6000003814697,243.44999945163724,3.6500000953674316,16.0,261.35000014305115,4.0,15.6999998092651,260.1874990463256,3.924999952316284,15.1999998092651,245.45000016689295,3.799999952316284,13.6999998092651,13.3000001907349
13.6999998092651,225.4749995470047,3.424999952316284,14.6000003814697,241.04999995231628,3.6500000953674316,14.6000003814697,243.44999945163724,3.6500000953674316,16.0,261.35000014305115,4.0,15.6999998092651,260.1874990463256,3.924999952316284,13.3000001907349,12.8999996185303
13.3000001907349,225.90000033378604,3.32500004768373,13.6999998092651,225.4749995470047,3.424999952316284,14.6000003814697,241.04999995231628,3.6500000953674316,14.6000003814697,243.44999945163724,3.6500000953674316,16.0,261.35000014305115,4.0,12.8999996185303,13.6000003814697
12.8999996185303,216.40000057220456,3.2249999046325684,13.3000001907349,225.90000033378604,3.32500004768373,13.6999998092651,225.4749995470047,3.424999952316284,14.6000003814697,241.04999995231628,3.6500000953674316,14.6000003814697,243.44999945163724,3.6500000953674316,13.6000003814697,13.5
13.6000003814697,225.4999997615814,3.4000000953674316,12.8999996185303,216.40000057220456,3.2249999046325684,13.3000001907349,225.90000033378604,3.32500004768373,13.6999998092651,225.4749995470047,3.424999952316284,14.6000003814697,241.04999995231628,3.6500000953674316,13.5,14.0
13.5,221.5500007867814,3.375,13.6000003814697,225.4999997615814,3.4000000953674316,12.8999996185303,216.40000057220456,3.2249999046325684,13.3000001907349,225.90000033378604,3.32500004768373,13.6999998092651,225.4749995470047,3.424999952316284,14.0,13.1000003814697
14.0,229.599999308586,3.5,13.5,221.5500007867814,3.375,13.6000003814697,225.4999997615814,3.4000000953674316,12.8999996185303,216.40000057220456,3.2249999046325684,13.3000001907349,225.90000033378604,3.32500004768373,13.1000003814697,13.3999996185303
13.1000003814697,216.97500002384186,3.2750000953674316,14.0,229.599999308586,3.5,13.5,221.5500007867814,3.375,13.6000003814697,225.4999997615814,3.4000000953674316,12.8999996185303,216.40000057220456,3.2249999046325684,13.3999996185303,14.0
13.3999996185303,227.524999499321,3.3499999046325684,13.1000003814697,216.97500002384186,3.2750000953674316,14.0,229.599999308586,3.5,13.5,221.5500007867814,3.375,13.6000003814697,225.4999997615814,3.4000000953674316,14.0,14.0
14.0,228.55000054836285,3.5,13.3999996185303,227.524999499321,3.3499999046325684,13.1000003814697,216.97500002384186,3.2750000953674316,14.0,229.599999308586,3.5,13.5,221.5500007867814,3.375,14.0,14.3000001907349
14.0,229.00000095367434,3.5,14.0,228.55000054836285,3.5,13.3999996185303,227.524999499321,3.3499999046325684,13.1000003814697,216.97500002384186,3.2750000953674316,14.0,229.599999308586,3.5,14.3000001907349,14.6000003814697
14.3000001907349,228.29999959468836,3.57500004768373,14.0,229.00000095367434,3.5,14.0,228.55000054836285,3.5,13.3999996185303,227.524999499321,3.3499999046325684,13.1000003814697,216.97500002384186,3.2750000953674316,14.6000003814697,14.8000001907349
14.6000003814697,239.90000021457672,3.6500000953674316,14.3000001907349,228.29999959468836,3.57500004768373,14.0,229.00000095367434,3.5,14.0,228.55000054836285,3.5,13.3999996185303,227.524999499321,3.3499999046325684,14.8000001907349,15.1000003814697
14.8000001907349,240.56250023841864,3.700000047683716,14.6000003814697,239.90000021457672,3.6500000953674316,14.3000001907349,228.29999959468836,3.57500004768373,14.0,229.00000095367434,3.5,14.0,228.55000054836285,3.5,15.1000003814697,15.3000001907349
15.1000003814697,246.06666642427442,3.7750000953674316,14.8000001907349,240.56250023841864,3.700000047683716,14.6000003814697,239.90000021457672,3.6500000953674316,14.3000001907349,228.29999959468836,3.57500004768373,14.0,229.00000095367434,3.5,15.3000001907349,15.3999996185303
15.3000001907349,253.0250011682511,3.825000047683716,15.1000003814697,246.06666642427442,3.7750000953674316,14.8000001907349,240.56250023841864,3.700000047683716,14.6000003814697,239.90000021457672,3.6500000953674316,14.3000001907349,228.29999959468836,3.57500004768373,15.3999996185303,14.6999998092651
15.3999996185303,254.12499880790716,3.8499999046325684,15.3000001907349,253.0250011682511,3.825000047683716,15.1000003814697,246.06666642427442,3.7750000953674316,14.8000001907349,240.56250023841864,3.700000047683716,14.6000003814697,239.90000021457672,3.6500000953674316,14.6999998092651,15.3000001907349
14.6999998092651,241.64999949932104,3.674999952316284,15.3999996185303,254.12499880790716,3.8499999046325684,15.3000001907349,253.0250011682511,3.825000047683716,15.1000003814697,246.06666642427442,3.7750000953674316,14.8000001907349,240.56250023841864,3.700000047683716,15.3000001907349,15.6999998092651
15.3000001907349,253.2250009775163,3.825000047683716,14.6999998092651,241.64999949932104,3.674999952316284,15.3999996185303,254.12499880790716,3.8499999046325684,15.3000001907349,253.0250011682511,3.825000047683716,15.1000003814697,246.06666642427442,3.7750000953674316,15.6999998092651,16.5
15.6999998092651,261.37499940395355,3.924999952316284,15.3000001907349,253.2250009775163,3.825000047683716,14.6999998092651,241.64999949932104,3.674999952316284,15.3999996185303,254.12499880790716,3.8499999046325684,15.3000001907349,253.0250011682511,3.825000047683716,16.5,16.2999992370605
16.5,265.4875012636185,4.125,15.6999998092651,261.37499940395355,3.924999952316284,15.3000001907349,253.2250009775163,3.825000047683716,14.6999998092651,241.64999949932104,3.674999952316284,15.3999996185303,254.12499880790716,3.8499999046325684,16.2999992370605,16.7000007629395
16.2999992370605,265.67499971389776,4.074999809265137,16.5,265.4875012636185,4.125,15.6999998092651,261.37499940395355,3.924999952316284,15.3000001907349,253.2250009775163,3.825000047683716,14.6999998092651,241.64999949932104,3.674999952316284,16.7000007629395,16.6000003814697
16.7000007629395,268.4750009775162,4.175000190734863,16.2999992370605,265.67499971389776,4.074999809265137,16.5,265.4875012636185,4.125,15.6999998092651,261.37499940395355,3.924999952316284,15.3000001907349,253.2250009775163,3.825000047683716,16.6000003814697,16.7000007629395
16.6000003814697,269.24999952316284,4.150000095367432,16.7000007629395,268.4750009775162,4.175000190734863,16.2999992370605,265.67499971389776,4.074999809265137,16.5,265.4875012636185,4.125,15.6999998092651,261.37499940395355,3.924999952316284,16.7000007629395,16.8999996185303
16.7000007629395,270.6749992370605,4.175000190734863,16.6000003814697,269.24999952316284,4.150000095367432,16.7000007629395,268.4750009775162,4.175000190734863,16.2999992370605,265.67499971389776,4.074999809265137,16.5,265.4875012636185,4.125,16.8999996185303,15.8999996185303
16.8999996185303,277.99999964237213,4.224999904632568,16.7000007629395,270.6749992370605,4.175000190734863,16.6000003814697,269.24999952316284,4.150000095367432,16.7000007629395,268.4750009775162,4.175000190734863,16.2999992370605,265.67499971389776,4.074999809265137,15.8999996185303,16.2999992370605
15.8999996185303,263.1749994754791,3.9749999046325684,16.8999996185303,277.99999964237213,4.224999904632568,16.7000007629395,270.6749992370605,4.175000190734863,16.6000003814697,269.24999952316284,4.150000095367432,16.7000007629395,268.4750009775162,4.175000190734863,16.2999992370605,15.378947634446
16.2999992370605,275.97500026226044,4.074999809265137,15.8999996185303,263.1749994754791,3.9749999046325684,16.8999996185303,277.99999964237213,4.224999904632568,16.7000007629395,270.6749992370605,4.175000190734863,16.6000003814697,269.24999952316284,4.150000095367432,15.378947634446,15.1789475240205
15.378947634446,259.41874957084656,3.844736908611509,16.2999992370605,275.97500026226044,4.074999809265137,15.8999996185303,263.1749994754791,3.9749999046325684,16.8999996185303,277.99999964237213,4.224999904632568,16.7000007629395,270.6749992370605,4.175000190734863,15.1789475240205,16.2999992370605
15.1789475240205,254.6187484264374,3.7947368810051216,15.378947634446,259.41874957084656,3.844736908611509,16.2999992370605,275.97500026226044,4.074999809265137,15.8999996185303,263.1749994754791,3.9749999046325684,16.8999996185303,277.99999964237213,4.224999904632568,16.2999992370605,16.0
16.2999992370605,270.67499947547907,4.074999809265137,15.1789475240205,254.6187484264374,3.7947368810051216,15.378947634446,259.41874957084656,3.844736908611509,16.2999992370605,275.97500026226044,4.074999809265137,15.8999996185303,263.1749994754791,3.9749999046325684,16.0,16.1000003814697
16.0,268.3750009536743,4.0,16.2999992370605,270.67499947547907,4.074999809265137,15.1789475240205,254.6187484264374,3.7947368810051216,15.378947634446,259.41874957084656,3.844736908611509,16.2999992370605,275.97500026226044,4.074999809265137,16.1000003814697,16.7000007629395
16.1000003814697,269.28906314075,4.025000095367432,16.0,268.3750009536743,4.0,16.2999992370605,270.67499947547907,4.074999809265137,15.1789475240205,254.6187484264374,3.7947368810051216,15.378947634446,259.41874957084656,3.844736908611509,16.7000007629395,16.5
16.7000007629395,273.07499921321863,4.175000190734863,16.1000003814697,269.28906314075,4.025000095367432,16.0,268.3750009536743,4.0,16.2999992370605,270.67499947547907,4.074999809265137,15.1789475240205,254.6187484264374,3.7947368810051216,16.5,16.7999992370605
16.5,267.19999980926514,4.125,16.7000007629395,273.07499921321863,4.175000190734863,16.1000003814697,269.28906314075,4.025000095367432,16.0,268.3750009536743,4.0,16.2999992370605,270.67499947547907,4.074999809265137,16.7999992370605,16.8999996185303
16.7999992370605,276.9937510788441,4.199999809265137,16.5,267.19999980926514,4.125,16.7000007629395,273.07499921321863,4.175000190734863,16.1000003814697,269.28906314075,4.025000095367432,16.0,268.3750009536743,4.0,16.8999996185303,15.8000001907349
16.8999996185303,277.7249982357025,4.224999904632568,16.7999992370605,276.9937510788441,4.199999809265137,16.5,267.19999980926514,4.125,16.7000007629395,273.07499921321863,4.175000190734863,16.1000003814697,269.28906314075,4.025000095367432,15.8000001907349,16.7000007629395
15.8000001907349,257.30000078678137,3.950000047683716,16.8999996185303,277.7249982357025,4.224999904632568,16.7999992370605,276.9937510788441,4.199999809265137,16.5,267.19999980926514,4.125,16.7000007629395,273.07499921321863,4.175000190734863,16.7000007629395,17.1000003814697
16.7000007629395,274.57500135898596,4.175000190734863,15.8000001907349,257.30000078678137,3.950000047683716,16.8999996185303,277.7249982357025,4.224999904632568,16.7999992370605,276.9937510788441,4.199999809265137,16.5,267.19999980926514,4.125,17.1000003814697,17.2000007629395
17.1000003814697,281.35000145435333,4.275000095367432,16.7000007629395,274.57500135898596,4.175000190734863,15.8000001907349,257.30000078678137,3.950000047683716,16.8999996185303,277.7249982357025,4.224999904632568,16.7999992370605,276.9937510788441,4.199999809265137,17.2000007629395,18.1000003814697
17.2000007629395,285.1437520384791,4.300000190734863,17.1000003814697,281.35000145435333,4.275000095367432,16.7000007629395,274.57500135898596,4.175000190734863,15.8000001907349,257.30000078678137,3.950000047683716,16.8999996185303,277.7249982357025,4.224999904632568,18.1000003814697,18.1000003814697
18.1000003814697,297.674998998642,4.525000095367432,17.2000007629395,285.1437520384791,4.300000190734863,17.1000003814697,281.35000145435333,4.275000095367432,16.7000007629395,274.57500135898596,4.175000190734863,15.8000001907349,257.30000078678137,3.950000047683716,18.1000003814697,18.1000003814697
18.1000003814697,298.43749833106995,4.525000095367432,18.1000003814697,297.674998998642,4.525000095367432,17.2000007629395,285.1437520384791,4.300000190734863,17.1000003814697,281.35000145435333,4.275000095367432,16.7000007629395,274.57500135898596,4.175000190734863,18.1000003814697,17.1000003814697
18.1000003814697,294.0000007152557,4.525000095367432,18.1000003814697,298.43749833106995,4.525000095367432,18.1000003814697,297.674998998642,4.525000095367432,17.2000007629395,285.1437520384791,4.300000190734863,17.1000003814697,281.35000145435333,4.275000095367432,17.1000003814697,16.5
17.1000003814697,282.12499940395355,4.275000095367432,18.1000003814697,294.0000007152557,4.525000095367432,18.1000003814697,298.43749833106995,4.525000095367432,18.1000003814697,297.674998998642,4.525000095367432,17.2000007629395,285.1437520384791,4.300000190734863,16.5,16.2999992370605
16.5,268.96250081062306,4.125,17.1000003814697,282.12499940395355,4.275000095367432,18.1000003814697,294.0000007152557,4.525000095367432,18.1000003814697,298.43749833106995,4.525000095367432,18.1000003814697,297.674998998642,4.525000095367432,16.2999992370605,16.7999992370605
16.2999992370605,275.9624999761581,4.074999809265137,16.5,268.96250081062306,4.125,17.1000003814697,282.12499940395355,4.275000095367432,18.1000003814697,294.0000007152557,4.525000095367432,18.1000003814697,298.43749833106995,4.525000095367432,16.7999992370605,20.3999996185303
16.7999992370605,274.9500002861023,4.199999809265137,16.2999992370605,275.9624999761581,4.074999809265137,16.5,268.96250081062306,4.125,17.1000003814697,282.12499940395355,4.275000095367432,18.1000003814697,294.0000007152557,4.525000095367432,20.3999996185303,20.3999996185303
20.3999996185303,340.825000524521,5.099999904632568,16.7999992370605,274.9500002861023,4.199999809265137,16.2999992370605,275.9624999761581,4.074999809265137,16.5,268.96250081062306,4.125,17.1000003814697,282.12499940395355,4.275000095367432,20.3999996185303,19.2999992370605
20.3999996185303,342.2875015735628,5.099999904632568,20.3999996185303,340.825000524521,5.099999904632568,16.7999992370605,274.9500002861023,4.199999809265137,16.2999992370605,275.9624999761581,4.074999809265137,16.5,268.96250081062306,4.125,19.2999992370605,19.6000003814697
19.2999992370605,322.73750054836273,4.824999809265137,20.3999996185303,342.2875015735628,5.099999904632568,20.3999996185303,340.825000524521,5.099999904632568,16.7999992370605,274.9500002861023,4.199999809265137,16.2999992370605,275.9624999761581,4.074999809265137,19.6000003814697,19.0
19.6000003814697,334.37500047683716,4.900000095367432,19.2999992370605,322.73750054836273,4.824999809265137,20.3999996185303,342.2875015735628,5.099999904632568,20.3999996185303,340.825000524521,5.099999904632568,16.7999992370605,274.9500002861023,4.199999809265137,19.0,19.2999992370605
19.0,327.1749985218048,4.75,19.6000003814697,334.37500047683716,4.900000095367432,19.2999992370605,322.73750054836273,4.824999809265137,20.3999996185303,342.2875015735628,5.099999904632568,20.3999996185303,340.825000524521,5.099999904632568,19.2999992370605,16.8999996185303
19.2999992370605,324.9250000715256,4.824999809265137,19.0,327.1749985218048,4.75,19.6000003814697,334.37500047683716,4.900000095367432,19.2999992370605,322.73750054836273,4.824999809265137,20.3999996185303,342.2875015735628,5.099999904632568,16.8999996185303,18.5
16.8999996185303,290.0124998092651,4.224999904632568,19.2999992370605,324.9250000715256,4.824999809265137,19.0,327.1749985218048,4.75,19.6000003814697,334.37500047683716,4.900000095367432,19.2999992370605,322.73750054836273,4.824999809265137,18.5,17.5
18.5,307.40625005960476,4.625,16.8999996185303,290.0124998092651,4.224999904632568,19.2999992370605,324.9250000715256,4.824999809265137,19.0,327.1749985218048,4.75,19.6000003814697,334.37500047683716,4.900000095367432,17.5,18.5
17.5,293.03750216960907,4.375,18.5,307.40625005960476,4.625,16.8999996185303,290.0124998092651,4.224999904632568,19.2999992370605,324.9250000715256,4.824999809265137,19.0,327.1749985218048,4.75,18.5,17.5
18.5,312.4250022768975,4.625,17.5,293.03750216960907,4.375,18.5,307.40625005960476,4.625,16.8999996185303,290.0124998092651,4.224999904632568,19.2999992370605,324.9250000715256,4.824999809265137,17.5,18.2000007629395
17.5,297.52499949932104,4.375,18.5,312.4250022768975,4.625,17.5,293.03750216960907,4.375,18.5,307.40625005960476,4.625,16.8999996185303,290.0124998092651,4.224999904632568,18.2000007629395,18.5
18.2000007629395,305.52499866485596,4.550000190734863,17.5,297.52499949932104,4.375,18.5,312.4250022768975,4.625,17.5,293.03750216960907,4.375,18.5,307.40625005960476,4.625,18.5,18.5
18.5,309.11250054836273,4.625,18.2000007629395,305.52499866485596,4.550000190734863,17.5,297.52499949932104,4.375,18.5,312.4250022768975,4.625,17.5,293.03750216960907,4.375,18.5,19.2000007629395
18.5,310.425000667572,4.625,18.5,309.11250054836273,4.625,18.2000007629395,305.52499866485596,4.550000190734863,17.5,297.52499949932104,4.375,18.5,312.4250022768975,4.625,19.2000007629395,19.2000007629395
19.2000007629395,327.8750015497207,4.800000190734863,18.5,310.425000667572,4.625,18.5,309.11250054836273,4.625,18.2000007629395,305.52499866485596,4.550000190734863,17.5,297.52499949932104,4.375,19.2000007629395,19.0
19.2000007629395,318.9000005722046,4.800000190734863,19.2000007629395,327.8750015497207,4.800000190734863,18.5,310.425000667572,4.625,18.5,309.11250054836273,4.625,18.2000007629395,305.52499866485596,4.550000190734863,19.0,19.6000003814697
19.0,321.425000667572,4.75,19.2000007629395,318.9000005722046,4.800000190734863,19.2000007629395,327.8750015497207,4.800000190734863,18.5,310.425000667572,4.625,18.5,309.11250054836273,4.625,19.6000003814697,19.0
19.6000003814697,331.18181855028325,4.900000095367432,19.0,321.425000667572,4.75,19.2000007629395,318.9000005722046,4.800000190734863,19.2000007629395,327.8750015497207,4.800000190734863,18.5,310.425000667572,4.625,19.0,19.8999996185303
19.0,322.3999993801117,4.75,19.6000003814697,331.18181855028325,4.900000095367432,19.0,321.425000667572,4.75,19.2000007629395,318.9000005722046,4.800000190734863,19.2000007629395,327.8750015497207,4.800000190734863,19.8999996185303,19.5
19.8999996185303,343.68954922820717,4.974999904632568,19.0,322.3999993801117,4.75,19.6000003814697,331.18181855028325,4.900000095367432,19.0,321.425000667572,4.75,19.2000007629395,318.9000005722046,4.800000190734863,19.5,20.3999996185303
19.5,332.1874997615814,4.875,19.8999996185303,343.68954922820717,4.974999904632568,19.0,322.3999993801117,4.75,19.6000003814697,331.18181855028325,4.900000095367432,19.0,321.425000667572,4.75,20.3999996185303,21.0
20.3999996185303,340.262499332428,5.099999904632568,19.5,332.1874997615814,4.875,19.8999996185303,343.68954922820717,4.974999904632568,19.0,322.3999993801117,4.75,19.6000003814697,331.18181855028325,4.900000095367432,21.0,20.5
21.0,352.93750059604645,5.25,20.3999996185303,340.262499332428,5.099999904632568,19.5,332.1874997615814,4.875,19.8999996185303,343.68954922820717,4.974999904632568,19.0,322.3999993801117,4.75,20.5,20.7999992370605
20.5,348.9125001430511,5.125,21.0,352.93750059604645,5.25,20.3999996185303,340.262499332428,5.099999904632568,19.5,332.1874997615814,4.875,19.8999996185303,343.68954922820717,4.974999904632568,20.7999992370605,20.8999996185303
20.7999992370605,351.0249996185303,5.199999809265137,20.5,348.9125001430511,5.125,21.0,352.93750059604645,5.25,20.3999996185303,340.262499332428,5.099999904632568,19.5,332.1874997615814,4.875,20.8999996185303,21.0
20.8999996185303,356.59999918937683,5.224999904632568,20.7999992370605,351.0249996185303,5.199999809265137,20.5,348.9125001430511,5.125,21.0,352.93750059604645,5.25,20.3999996185303,340.262499332428,5.099999904632568,21.0,21.1000003814697
21.0,354.6500005722046,5.25,20.8999996185303,356.59999918937683,5.224999904632568,20.7999992370605,351.0249996185303,5.199999809265137,20.5,348.9125001430511,5.125,21.0,352.93750059604645,5.25,21.1000003814697,21.0
21.1000003814697,359.1499993801117,5.275000095367432,21.0,354.6500005722046,5.25,20.8999996185303,356.59999918937683,5.224999904632568,20.7999992370605,351.0249996185303,5.199999809265137,20.5,348.9125001430511,5.125,21.0,21.2999992370605
21.0,356.87499785423273,5.25,21.1000003814697,359.1499993801117,5.275000095367432,21.0,354.6500005722046,5.25,20.8999996185303,356.59999918937683,5.224999904632568,20.7999992370605,351.0249996185303,5.199999809265137,21.2999992370605,21.3999996185303
21.2999992370605,361.5999994277954,5.324999809265137,21.0,356.87499785423273,5.25,21.1000003814697,359.1499993801117,5.275000095367432,21.0,354.6500005722046,5.25,20.8999996185303,356.59999918937683,5.224999904632568,21.3999996185303,21.3999996185303
21.3999996185303,367.14999997615814,5.349999904632568,21.2999992370605,361.5999994277954,5.324999809265137,21.0,356.87499785423273,5.25,21.1000003814697,359.1499993801117,5.275000095367432,21.0,354.6500005722046,5.25,21.3999996185303,18.7999992370605
21.3999996185303,365.9749987125396,5.349999904632568,21.3999996185303,367.14999997615814,5.349999904632568,21.2999992370605,361.5999994277954,5.324999809265137,21.0,356.87499785423273,5.25,21.1000003814697,359.1499993801117,5.275000095367432,18.7999992370605,18.5
18.7999992370605,334.6249983310699,4.699999809265137,21.3999996185303,365.9749987125396,5.349999904632568,21.3999996185303,367.14999997615814,5.349999904632568,21.2999992370605,361.5999994277954,5.324999809265137,21.0,356.87499785423273,5.25,18.5,20.6000003814697
18.5,337.0249984264374,4.625,18.7999992370605,334.6249983310699,4.699999809265137,21.3999996185303,365.9749987125396,5.349999904632568,21.3999996185303,367.14999997615814,5.349999904632568,21.2999992370605,361.5999994277954,5.324999809265137,20.6000003814697,20.2999992370605
20.6000003814697,353.2000000476837,5.150000095367432,18.5,337.0249984264374,4.625,18.7999992370605,334.6249983310699,4.699999809265137,21.3999996185303,365.9749987125396,5.349999904632568,21.3999996185303,367.14999997615814,5.349999904632568,20.2999992370605,20.3999996185303
20.2999992370605,348.90000033378595,5.074999809265137,20.6000003814697,353.2000000476837,5.150000095367432,18.5,337.0249984264374,4.625,18.7999992370605,334.6249983310699,4.699999809265137,21.3999996185303,365.9749987125396,5.349999904632568,20.3999996185303,21.5
20.3999996185303,346.8250012397766,5.099999904632568,20.2999992370605,348.90000033378595,5.074999809265137,20.6000003814697,353.2000000476837,5.150000095367432,18.5,337.0249984264374,4.625,18.7999992370605,334.6249983310699,4.699999809265137,21.5,22.2000007629395
21.5,366.58750057220465,5.375,20.3999996185303,346.8250012397766,5.099999904632568,20.2999992370605,348.90000033378595,5.074999809265137,20.6000003814697,353.2000000476837,5.150000095367432,18.5,337.0249984264374,4.625,22.2000007629395,22.5
22.2000007629395,377.9749989509582,5.550000190734863,21.5,366.58750057220465,5.375,20.3999996185303,346.8250012397766,5.099999904632568,20.2999992370605,348.90000033378595,5.074999809265137,20.6000003814697,353.2000000476837,5.150000095367432,22.5,21.4588140294453
22.5,379.04583551486326,5.625,22.2000007629395,377.9749989509582,5.550000190734863,21.5,366.58750057220465,5.375,20.3999996185303,346.8250012397766,5.099999904632568,20.2999992370605,348.90000033378595,5.074999809265137,21.4588140294453,22.8999996185303
21.4588140294453,365.16250038146967,5.364703507361327,22.5,379.04583551486326,5.625,22.2000007629395,377.9749989509582,5.550000190734863,21.5,366.58750057220465,5.375,20.3999996185303,346.8250012397766,5.099999904632568,22.8999996185303,23.3999996185303
22.8999996185303,389.6125007867813,5.724999904632568,21.4588140294453,365.16250038146967,5.364703507361327,22.5,379.04583551486326,5.625,22.2000007629395,377.9749989509582,5.550000190734863,21.5,366.58750057220465,5.375,23.3999996185303,23.3999996185303
23.3999996185303,395.44375050067913,5.849999904632568,22.8999996185303,389.6125007867813,5.724999904632568,21.4588140294453,365.16250038146967,5.364703507361327,22.5,379.04583551486326,5.625,22.2000007629395,377.9749989509582,5.550000190734863,23.3999996185303,22.7999992370605
23.3999996185303,402.0625,5.849999904632597,23.3999996185303,395.44375050067913,5.849999904632568,22.8999996185303,389.6125007867813,5.724999904632568,21.4588140294453,365.16250038146967,5.364703507361327,22.5,379.04583551486326,5.625,22.7999992370605,22.8999996185303
22.7999992370605,396.49999737739563,5.699999809265137,23.3999996185303,402.0625,5.849999904632597,23.3999996185303,395.44375050067913,5.849999904632568,22.8999996185303,389.6125007867813,5.724999904632568,21.4588140294453,365.16250038146967,5.364703507361327,22.8999996185303,22.8999996185303
22.8999996185303,394.2499986886977,5.724999904632568,22.7999992370605,396.49999737739563,5.699999809265137,23.3999996185303,402.0625,5.849999904632597,23.3999996185303,395.44375050067913,5.849999904632568,22.8999996185303,389.6125007867813,5.724999904632568,22.8999996185303,23.3999996185303
22.8999996185303,393.32500147819525,5.724999904632568,22.8999996185303,394.2499986886977,5.724999904632568,22.7999992370605,396.49999737739563,5.699999809265137,23.3999996185303,402.0625,5.849999904632597,23.3999996185303,395.44375050067913,5.849999904632568,23.3999996185303,23.0
23.3999996185303,406.48749947547907,5.849999904632568,22.8999996185303,393.32500147819525,5.724999904632568,22.8999996185303,394.2499986886977,5.724999904632568,22.7999992370605,396.49999737739563,5.699999809265137,23.3999996185303,402.0625,5.849999904632597,23.0,22.7000007629395
23.0,393.7500002384186,5.75,23.3999996185303,406.48749947547907,5.849999904632568,22.8999996185303,393.32500147819525,5.724999904632568,22.8999996185303,394.2499986886977,5.724999904632568,22.7999992370605,396.49999737739563,5.699999809265137,22.7000007629395,23.8999996185303
22.7000007629395,383.59999895095825,5.675000190734863,23.0,393.7500002384186,5.75,23.3999996185303,406.48749947547907,5.849999904632568,22.8999996185303,393.32500147819525,5.724999904632568,22.8999996185303,394.2499986886977,5.724999904632568,23.8999996185303,22.3999996185303
23.8999996185303,402.24999833106995,5.974999904632568,22.7000007629395,383.59999895095825,5.675000190734863,23.0,393.7500002384186,5.75,23.3999996185303,406.48749947547907,5.849999904632568,22.8999996185303,393.32500147819525,5.724999904632568,22.3999996185303,22.8999996185303
22.3999996185303,380.41250181198126,5.599999904632568,23.8999996185303,402.24999833106995,5.974999904632568,22.7000007629395,383.59999895095825,5.675000190734863,23.0,393.7500002384186,5.75,23.3999996185303,406.48749947547907,5.849999904632568,22.8999996185303,22.2999992370605
22.8999996185303,386.9249999523162,5.724999904632568,22.3999996185303,380.41250181198126,5.599999904632568,23.8999996185303,402.24999833106995,5.974999904632568,22.7000007629395,383.59999895095825,5.675000190734863,23.0,393.7500002384186,5.75,22.2999992370605,21.8999996185303
22.2999992370605,378.65000128746027,5.574999809265137,22.8999996185303,386.9249999523162,5.724999904632568,22.3999996185303,380.41250181198126,5.599999904632568,23.8999996185303,402.24999833106995,5.974999904632568,22.7000007629395,383.59999895095825,5.675000190734863,21.8999996185303,21.7999992370605
21.8999996185303,380.1249992847442,5.474999904632568,22.2999992370605,378.65000128746027,5.574999809265137,22.8999996185303,386.9249999523162,5.724999904632568,22.3999996185303,380.41250181198126,5.599999904632568,23.8999996185303,402.24999833106995,5.974999904632568,21.7999992370605,21.5
21.7999992370605,375.95000004768366,5.449999809265137,21.8999996185303,380.1249992847442,5.474999904632568,22.2999992370605,378.65000128746027,5.574999809265137,22.8999996185303,386.9249999523162,5.724999904632568,22.3999996185303,380.41250181198126,5.599999904632568,21.5,19.2000007629395
21.5,367.9999990463257,5.375,21.7999992370605,375.95000004768366,5.449999809265137,21.8999996185303,380.1249992847442,5.474999904632568,22.2999992370605,378.65000128746027,5.574999809265137,22.8999996185303,386.9249999523162,5.724999904632568,19.2000007629395,20.6000003814697
19.2000007629395,329.02500200271606,4.8000001907348775,21.5,367.9999990463257,5.375,21.7999992370605,375.95000004768366,5.449999809265137,21.8999996185303,380.1249992847442,5.474999904632568,22.2999992370605,378.65000128746027,5.574999809265137,20.6000003814697,19.8873679512425
20.6000003814697,352.94999718666077,5.150000095367432,19.2000007629395,329.02500200271606,4.8000001907348775,21.5,367.9999990463257,5.375,21.7999992370605,375.95000004768366,5.449999809265137,21.8999996185303,380.1249992847442,5.474999904632568,19.8873679512425,19.8999996185303
19.8873679512425,341.2374944686884,4.97184198781062,20.6000003814697,352.94999718666077,5.150000095367432,19.2000007629395,329.02500200271606,4.8000001907348775,21.5,367.9999990463257,5.375,21.7999992370605,375.95000004768366,5.449999809265137,19.8999996185303,19.7000007629395
19.8999996185303,333.2124950885773,4.974999904632568,19.8873679512425,341.2374944686884,4.97184198781062,20.6000003814697,352.94999718666077,5.150000095367432,19.2000007629395,329.02500200271606,4.8000001907348775,21.5,367.9999990463257,5.375,19.7000007629395,18.7000007629395
19.7000007629395,340.43749952316284,4.925000190734863,19.8999996185303,333.2124950885773,4.974999904632568,19.8873679512425,341.2374944686884,4.97184198781062,20.6000003814697,352.94999718666077,5.150000095367432,19.2000007629395,329.02500200271606,4.8000001907348775,18.7000007629395,18.2000007629395
18.7000007629395,319.7000017166138,4.675000190734863,19.7000007629395,340.43749952316284,4.925000190734863,19.8999996185303,333.2124950885773,4.974999904632568,19.8873679512425,341.2374944686884,4.97184198781062,20.6000003814697,352.94999718666077,5.150000095367432,18.2000007629395,18.5
18.2000007629395,318.29999876022333,4.550000190734863,18.7000007629395,319.7000017166138,4.675000190734863,19.7000007629395,340.43749952316284,4.925000190734863,19.8999996185303,333.2124950885773,4.974999904632568,19.8873679512425,341.2374944686884,4.97184198781062,18.5,18.6000003814697
18.5,317.04999923706055,4.625,18.2000007629395,318.29999876022333,4.550000190734863,18.7000007629395,319.7000017166138,4.675000190734863,19.7000007629395,340.43749952316284,4.925000190734863,19.8999996185303,333.2124950885773,4.974999904632568,18.6000003814697,19.5
18.6000003814697,316.02500152587896,4.650000095367432,18.5,317.04999923706055,4.625,18.2000007629395,318.29999876022333,4.550000190734863,18.7000007629395,319.7000017166138,4.675000190734863,19.7000007629395,340.43749952316284,4.925000190734863,19.5,19.2999992370605
19.5,327.47500002384186,4.875,18.6000003814697,316.02500152587896,4.650000095367432,18.5,317.04999923706055,4.625,18.2000007629395,318.29999876022333,4.550000190734863,18.7000007629395,319.7000017166138,4.675000190734863,19.2999992370605,19.2999992370605
19.2999992370605,326.0750018358232,4.824999809265137,19.5,327.47500002384186,4.875,18.6000003814697,316.02500152587896,4.650000095367432,18.5,317.04999923706055,4.625,18.2000007629395,318.29999876022333,4.550000190734863,19.2999992370605,18.3999996185303
19.2999992370605,331.0499994754792,4.824999809265137,19.2999992370605,326.0750018358232,4.824999809265137,19.5,327.47500002384186,4.875,18.6000003814697,316.02500152587896,4.650000095367432,18.5,317.04999923706055,4.625,18.3999996185303,19.7000007629395
18.3999996185303,320.4249997138977,4.599999904632568,19.2999992370605,331.0499994754792,4.824999809265137,19.2999992370605,326.0750018358232,4.824999809265137,19.5,327.47500002384186,4.875,18.6000003814697,316.02500152587896,4.650000095367432,19.7000007629395,19.6000003814697
19.7000007629395,330.7750028371812,4.925000190734863,18.3999996185303,320.4249997138977,4.599999904632568,19.2999992370605,331.0499994754792,4.824999809265137,19.2999992370605,326.0750018358232,4.824999809265137,19.5,327.47500002384186,4.875,19.6000003814697,19.2000007629395
19.6000003814697,336.912501335144,4.900000095367432,19.7000007629395,330.7750028371812,4.925000190734863,18.3999996185303,320.4249997138977,4.599999904632568,19.2999992370605,331.0499994754792,4.824999809265137,19.2999992370605,326.0750018358232,4.824999809265137,19.2000007629395,19.7999992370605
19.2000007629395,343.62500202655787,4.800000190734863,19.6000003814697,336.912501335144,4.900000095367432,19.7000007629395,330.7750028371812,4.925000190734863,18.3999996185303,320.4249997138977,4.599999904632568,19.2999992370605,331.0499994754792,4.824999809265137,19.7999992370605,20.5
19.7999992370605,346.6624987125397,4.949999809265137,19.2000007629395,343.62500202655787,4.800000190734863,19.6000003814697,336.912501335144,4.900000095367432,19.7000007629395,330.7750028371812,4.925000190734863,18.3999996185303,320.4249997138977,4.599999904632568,20.5,21.2999992370605
20.5,361.524997472763,5.125,19.7999992370605,346.6624987125397,4.949999809265137,19.2000007629395,343.62500202655787,4.800000190734863,19.6000003814697,336.912501335144,4.900000095367432,19.7000007629395,330.7750028371812,4.925000190734863,21.2999992370605,21.1000003814697
21.2999992370605,374.57500147819513,5.324999809265137,20.5,361.524997472763,5.125,19.7999992370605,346.6624987125397,4.949999809265137,19.2000007629395,343.62500202655787,4.800000190734863,19.6000003814697,336.912501335144,4.900000095367432,21.1000003814697,22.0
21.1000003814697,358.7500009536744,5.275000095367432,21.2999992370605,374.57500147819513,5.324999809265137,20.5,361.524997472763,5.125,19.7999992370605,346.6624987125397,4.949999809265137,19.2000007629395,343.62500202655787,4.800000190734863,22.0,21.6000003814697
22.0,375.199999332428,5.5,21.1000003814697,358.7500009536744,5.275000095367432,21.2999992370605,374.57500147819513,5.324999809265137,20.5,361.524997472763,5.125,19.7999992370605,346.6624987125397,4.949999809265137,21.6000003814697,22.2999992370605
21.6000003814697,370.0249991416931,5.400000095367432,22.0,375.199999332428,5.5,21.1000003814697,358.7500009536744,5.275000095367432,21.2999992370605,374.57500147819513,5.324999809265137,20.5,361.524997472763,5.125,22.2999992370605,22.0
22.2999992370605,375.1499977111815,5.574999809265137,21.6000003814697,370.0249991416931,5.400000095367432,22.0,375.199999332428,5.5,21.1000003814697,358.7500009536744,5.275000095367432,21.2999992370605,374.57500147819513,5.324999809265137,22.0,22.0
22.0,379.0249998569488,5.5,22.2999992370605,375.1499977111815,5.574999809265137,21.6000003814697,370.0249991416931,5.400000095367432,22.0,375.199999332428,5.5,21.1000003814697,358.7500009536744,5.275000095367432,22.0,22.7000007629395
22.0,379.42499971389765,5.5,22.0,379.0249998569488,5.5,22.2999992370605,375.1499977111815,5.574999809265137,21.6000003814697,370.0249991416931,5.400000095367432,22.0,375.199999332428,5.5,22.7000007629395,22.2000007629395
22.7000007629395,389.5999991893769,5.675000190734863,22.0,379.42499971389765,5.5,22.0,379.0249998569488,5.5,22.2999992370605,375.1499977111815,5.574999809265137,21.6000003814697,370.0249991416931,5.400000095367432,22.2000007629395,19.7999992370605
22.2000007629395,386.62499976158136,5.550000190734863,22.7000007629395,389.5999991893769,5.675000190734863,22.0,379.42499971389765,5.5,22.0,379.0249998569488,5.5,22.2999992370605,375.1499977111815,5.574999809265137,19.7999992370605,19.2000007629395
19.7999992370605,358.8500003814699,4.949999809265137,22.2000007629395,386.62499976158136,5.550000190734863,22.7000007629395,389.5999991893769,5.675000190734863,22.0,379.42499971389765,5.5,22.0,379.0249998569488,5.5,19.2000007629395,19.7999992370605
19.2000007629395,345.7750000953675,4.800000190734863,19.7999992370605,358.8500003814699,4.949999809265137,22.2000007629395,386.62499976158136,5.550000190734863,22.7000007629395,389.5999991893769,5.675000190734863,22.0,379.42499971389765,5.5,19.7999992370605,21.7000007629395
19.7999992370605,355.6062479019165,4.949999809265137,19.2000007629395,345.7750000953675,4.800000190734863,19.7999992370605,358.8500003814699,4.949999809265137,22.2000007629395,386.62499976158136,5.550000190734863,22.7000007629395,389.5999991893769,5.675000190734863,21.7000007629395,21.7999992370605
21.7000007629395,377.72500133514404,5.425000190734863,19.7999992370605,355.6062479019165,4.949999809265137,19.2000007629395,345.7750000953675,4.800000190734863,19.7999992370605,358.8500003814699,4.949999809265137,22.2000007629395,386.62499976158136,5.550000190734863,21.7999992370605,21.2999992370605
21.7999992370605,371.6250009536743,5.449999809265137,21.7000007629395,377.72500133514404,5.425000190734863,19.7999992370605,355.6062479019165,4.949999809265137,19.2000007629395,345.7750000953675,4.800000190734863,19.7999992370605,358.8500003814699,4.949999809265137,21.2999992370605,22.2000007629395
21.2999992370605,364.6062498092651,5.324999809265137,21.7999992370605,371.6250009536743,5.449999809265137,21.7000007629395,377.72500133514404,5.425000190734863,19.7999992370605,355.6062479019165,4.949999809265137,19.2000007629395,345.7750000953675,4.800000190734863,22.2000007629395,23.2000007629395
22.2000007629395,380.8749985694885,5.550000190734863,21.2999992370605,364.6062498092651,5.324999809265137,21.7999992370605,371.6250009536743,5.449999809265137,21.7000007629395,377.72500133514404,5.425000190734863,19.7999992370605,355.6062479019165,4.949999809265137,23.2000007629395,22.3999996185303
23.2000007629395,394.1500000953674,5.800000190734863,22.2000007629395,380.8749985694885,5.550000190734863,21.2999992370605,364.6062498092651,5.324999809265137,21.7999992370605,371.6250009536743,5.449999809265137,21.7000007629395,377.72500133514404,5.425000190734863,22.3999996185303,22.8999996185303
22.3999996185303,382.4000008106232,5.599999904632568,23.2000007629395,394.1500000953674,5.800000190734863,22.2000007629395,380.8749985694885,5.550000190734863,21.2999992370605,364.6062498092651,5.324999809265137,21.7999992370605,371.6250009536743,5.449999809265137,22.8999996185303,23.0
22.8999996185303,388.92500019073486,5.724999904632568,22.3999996185303,382.4000008106232,5.599999904632568,23.2000007629395,394.1500000953674,5.800000190734863,22.2000007629395,380.8749985694885,5.550000190734863,21.2999992370605,364.6062498092651,5.324999809265137,23.0,23.0
23.0,384.8000009059906,5.75,22.8999996185303,388.92500019073486,5.724999904632568,22.3999996185303,382.4000008106232,5.599999904632568,23.2000007629395,394.1500000953674,5.800000190734863,22.2000007629395,380.8749985694885,5.550000190734863,23.0,23.8999996185303
23.0,391.287500858307,5.75,23.0,384.8000009059906,5.75,22.8999996185303,388.92500019073486,5.724999904632568,22.3999996185303,382.4000008106232,5.599999904632568,23.2000007629395,394.1500000953674,5.800000190734863,23.8999996185303,23.7999992370605
23.8999996185303,401.8125002384186,5.974999904632568,23.0,391.287500858307,5.75,23.0,384.8000009059906,5.75,22.8999996185303,388.92500019073486,5.724999904632568,22.3999996185303,382.4000008106232,5.599999904632568,23.7999992370605,23.7999992370605
23.7999992370605,409.5562394857416,5.949999809265137,23.8999996185303,401.8125002384186,5.974999904632568,23.0,391.287500858307,5.75,23.0,384.8000009059906,5.75,22.8999996185303,388.92500019073486,5.724999904632568,23.7999992370605,24.1000003814697
23.7999992370605,406.6000018119812,5.949999809265137,23.7999992370605,409.5562394857416,5.949999809265137,23.8999996185303,401.8125002384186,5.974999904632568,23.0,391.287500858307,5.75,23.0,384.8000009059906,5.75,24.1000003814697,22.0
24.1000003814697,405.9749994277954,6.025000095367403,23.7999992370605,406.6000018119812,5.949999809265137,23.7999992370605,409.5562394857416,5.949999809265137,23.8999996185303,401.8125002384186,5.974999904632568,23.0,391.287500858307,5.75,22.0,19.6000003814697
22.0,374.4500002861023,5.5,24.1000003814697,405.9749994277954,6.025000095367403,23.7999992370605,406.6000018119812,5.949999809265137,23.7999992370605,409.5562394857416,5.949999809265137,23.8999996185303,401.8125002384186,5.974999904632568,19.6000003814697,21.8999996185303
19.6000003814697,345.82500195503235,4.900000095367432,22.0,374.4500002861023,5.5,24.1000003814697,405.9749994277954,6.025000095367403,23.7999992370605,406.6000018119812,5.949999809265137,23.7999992370605,409.5562394857416,5.949999809265137,21.8999996185303,20.3999996185303
21.8999996185303,371.29999852180487,5.474999904632568,19.6000003814697,345.82500195503235,4.900000095367432,22.0,374.4500002861023,5.5,24.1000003814697,405.9749994277954,6.025000095367403,23.7999992370605,406.6000018119812,5.949999809265137,20.3999996185303,19.8999996185303
20.3999996185303,355.6999990940094,5.099999904632568,21.8999996185303,371.29999852180487,5.474999904632568,19.6000003814697,345.82500195503235,4.900000095367432,22.0,374.4500002861023,5.5,24.1000003814697,405.9749994277954,6.025000095367403,19.8999996185303,21.3999996185303
19.8999996185303,343.7750005722046,4.974999904632568,20.3999996185303,355.6999990940094,5.099999904632568,21.8999996185303,371.29999852180487,5.474999904632568,19.6000003814697,345.82500195503235,4.900000095367432,22.0,374.4500002861023,5.5,21.3999996185303,21.3999996185303
21.3999996185303,365.7250003814698,5.349999904632568,19.8999996185303,343.7750005722046,4.974999904632568,20.3999996185303,355.6999990940094,5.099999904632568,21.8999996185303,371.29999852180487,5.474999904632568,19.6000003814697,345.82500195503235,4.900000095367432,21.3999996185303,21.7000007629395
21.3999996185303,364.69999766349787,5.349999904632568,21.3999996185303,365.7250003814698,5.349999904632568,19.8999996185303,343.7750005722046,4.974999904632568,20.3999996185303,355.6999990940094,5.099999904632568,21.8999996185303,371.29999852180487,5.474999904632568,21.7000007629395,20.2999992370605
21.7000007629395,366.02499938011164,5.425000190734863,21.3999996185303,364.69999766349787,5.349999904632568,21.3999996185303,365.7250003814698,5.349999904632568,19.8999996185303,343.7750005722046,4.974999904632568,20.3999996185303,355.6999990940094,5.099999904632568,20.2999992370605,19.8999996185303
20.2999992370605,346.87500000000006,5.074999809265137,21.7000007629395,366.02499938011164,5.425000190734863,21.3999996185303,364.69999766349787,5.349999904632568,21.3999996185303,365.7250003814698,5.349999904632568,19.8999996185303,343.7750005722046,4.974999904632568,19.8999996185303,20.2000007629395
19.8999996185303,338.9249999523163,4.974999904632568,20.2999992370605,346.87500000000006,5.074999809265137,21.7000007629395,366.02499938011164,5.425000190734863,21.3999996185303,364.69999766349787,5.349999904632568,21.3999996185303,365.7250003814698,5.349999904632568,20.2000007629395,19.1000003814697
20.2000007629395,340.13749980926514,5.050000190734863,19.8999996185303,338.9249999523163,4.974999904632568,20.2999992370605,346.87500000000006,5.074999809265137,21.7000007629395,366.02499938011164,5.425000190734863,21.3999996185303,364.69999766349787,5.349999904632568,19.1000003814697,18.7999992370605
19.1000003814697,329.89999771118164,4.775000095367432,20.2000007629395,340.13749980926514,5.050000190734863,19.8999996185303,338.9249999523163,4.974999904632568,20.2999992370605,346.87500000000006,5.074999809265137,21.7000007629395,366.02499938011164,5.425000190734863,18.7999992370605,18.3999996185303
18.7999992370605,320.9374998807907,4.699999809265137,19.1000003814697,329.89999771118164,4.775000095367432,20.2000007629395,340.13749980926514,5.050000190734863,19.8999996185303,338.9249999523163,4.974999904632568,20.2999992370605,346.87500000000006,5.074999809265137,18.3999996185303,19.1000003814697
18.3999996185303,314.17499923706055,4.599999904632568,18.7999992370605,320.9374998807907,4.699999809265137,19.1000003814697,329.89999771118164,4.775000095367432,20.2000007629395,340.13749980926514,5.050000190734863,19.8999996185303,338.9249999523163,4.974999904632568,19.1000003814697,18.2000007629395
19.1000003814697,315.77500033378607,4.775000095367432,18.3999996185303,314.17499923706055,4.599999904632568,18.7999992370605,320.9374998807907,4.699999809265137,19.1000003814697,329.89999771118164,4.775000095367432,20.2000007629395,340.13749980926514,5.050000190734863,18.2000007629395,20.0
18.2000007629395,319.16249966621393,4.550000190734863,19.1000003814697,315.77500033378607,4.775000095367432,18.3999996185303,314.17499923706055,4.599999904632568,18.7999992370605,320.9374998807907,4.699999809265137,19.1000003814697,329.89999771118164,4.775000095367432,20.0,18.6000003814697
20.0,343.1000003814697,5.0,18.2000007629395,319.16249966621393,4.550000190734863,19.1000003814697,315.77500033378607,4.775000095367432,18.3999996185303,314.17499923706055,4.599999904632568,18.7999992370605,320.9374998807907,4.699999809265137,18.6000003814697,18.6000003814697
18.6000003814697,322.5249992609024,4.650000095367432,20.0,343.1000003814697,5.0,18.2000007629395,319.16249966621393,4.550000190734863,19.1000003814697,315.77500033378607,4.775000095367432,18.3999996185303,314.17499923706055,4.599999904632568,18.6000003814697,19.7000007629395
18.6000003814697,317.22499811649317,4.650000095367432,18.6000003814697,322.5249992609024,4.650000095367432,20.0,343.1000003814697,5.0,18.2000007629395,319.16249966621393,4.550000190734863,19.1000003814697,315.77500033378607,4.775000095367432,19.7000007629395,21.1000003814697
19.7000007629395,332.46250081062317,4.925000190734863,18.6000003814697,317.22499811649317,4.650000095367432,18.6000003814697,322.5249992609024,4.650000095367432,20.0,343.1000003814697,5.0,18.2000007629395,319.16249966621393,4.550000190734863,21.1000003814697,19.7999992370605
21.1000003814697,346.53749990463257,5.275000095367432,19.7000007629395,332.46250081062317,4.925000190734863,18.6000003814697,317.22499811649317,4.650000095367432,18.6000003814697,322.5249992609024,4.650000095367432,20.0,343.1000003814697,5.0,19.7999992370605,20.2000007629395
19.7999992370605,338.92500019073486,4.949999809265137,21.1000003814697,346.53749990463257,5.275000095367432,19.7000007629395,332.46250081062317,4.925000190734863,18.6000003814697,317.22499811649317,4.650000095367432,18.6000003814697,322.5249992609024,4.650000095367432,20.2000007629395,19.6000003814697
20.2000007629395,343.8812493085862,5.050000190734863,19.7999992370605,338.92500019073486,4.949999809265137,21.1000003814697,346.53749990463257,5.275000095367432,19.7000007629395,332.46250081062317,4.925000190734863,18.6000003814697,317.22499811649317,4.650000095367432,19.6000003814697,21.0
19.6000003814697,336.23750126361847,4.900000095367432,20.2000007629395,343.8812493085862,5.050000190734863,19.7999992370605,338.92500019073486,4.949999809265137,21.1000003814697,346.53749990463257,5.275000095367432,19.7000007629395,332.46250081062317,4.925000190734863,21.0,21.2999992370605
21.0,359.65000045299536,5.25,19.6000003814697,336.23750126361847,4.900000095367432,20.2000007629395,343.8812493085862,5.050000190734863,19.7999992370605,338.92500019073486,4.949999809265137,21.1000003814697,346.53749990463257,5.275000095367432,21.2999992370605,21.7000007629395
21.2999992370605,363.6374988555908,5.324999809265137,21.0,359.65000045299536,5.25,19.6000003814697,336.23750126361847,4.900000095367432,20.2000007629395,343.8812493085862,5.050000190734863,19.7999992370605,338.92500019073486,4.949999809265137,21.7000007629395,22.2000007629395
21.7000007629395,371.9750020503998,5.425000190734863,21.2999992370605,363.6374988555908,5.324999809265137,21.0,359.65000045299536,5.25,19.6000003814697,336.23750126361847,4.900000095367432,20.2000007629395,343.8812493085862,5.050000190734863,22.2000007629395,22.2999992370605
22.2000007629395,382.4124994277954,5.550000190734863,21.7000007629395,371.9750020503998,5.425000190734863,21.2999992370605,363.6374988555908,5.324999809265137,21.0,359.65000045299536,5.25,19.6000003814697,336.23750126361847,4.900000095367432,22.2999992370605,23.1000003814697
22.2999992370605,383.7500019073486,5.574999809265137,22.2000007629395,382.4124994277954,5.550000190734863,21.7000007629395,371.9750020503998,5.425000190734863,21.2999992370605,363.6374988555908,5.324999809265137,21.0,359.65000045299536,5.25,23.1000003814697,23.7999992370605
23.1000003814697,392.3250004053115,5.775000095367432,22.2999992370605,383.7500019073486,5.574999809265137,22.2000007629395,382.4124994277954,5.550000190734863,21.7000007629395,371.9750020503998,5.425000190734863,21.2999992370605,363.6374988555908,5.324999809265137,23.7999992370605,24.0
23.7999992370605,412.00000143051153,5.949999809265108,23.1000003814697,392.3250004053115,5.775000095367432,22.2999992370605,383.7500019073486,5.574999809265137,22.2000007629395,382.4124994277954,5.550000190734863,21.7000007629395,371.9750020503998,5.425000190734863,24.0,23.0
24.0,411.15000033378595,6.0,23.7999992370605,412.00000143051153,5.949999809265108,23.1000003814697,392.3250004053115,5.775000095367432,22.2999992370605,383.7500019073486,5.574999809265137,22.2000007629395,382.4124994277954,5.550000190734863,23.0,22.6000003814697
23.0,389.4249993562699,5.75,24.0,411.15000033378595,6.0,23.7999992370605,412.00000143051153,5.949999809265108,23.1000003814697,392.3250004053115,5.775000095367432,22.2999992370605,383.7500019073486,5.574999809265137,22.6000003814697,23.3999996185303
22.6000003814697,389.2749993801117,5.650000095367432,23.0,389.4249993562699,5.75,24.0,411.15000033378595,6.0,23.7999992370605,412.00000143051153,5.949999809265108,23.1000003814697,392.3250004053115,5.775000095367432,23.3999996185303,23.3999996185303
23.3999996185303,390.9499993324279,5.849999904632568,22.6000003814697,389.2749993801117,5.650000095367432,23.0,389.4249993562699,5.75,24.0,411.15000033378595,6.0,23.7999992370605,412.00000143051153,5.949999809265108,23.3999996185303,22.7000007629395
23.3999996185303,404.76875102519995,5.849999904632568,23.3999996185303,390.9499993324279,5.849999904632568,22.6000003814697,389.2749993801117,5.650000095367432,23.0,389.4249993562699,5.75,24.0,411.15000033378595,6.0,22.7000007629395,18.5
22.7000007629395,395.0499975681305,5.675000190734863,23.3999996185303,404.76875102519995,5.849999904632568,23.3999996185303,390.9499993324279,5.849999904632568,22.6000003814697,389.2749993801117,5.650000095367432,23.0,389.4249993562699,5.75,18.5,20.6000003814697
18.5,337.0249984264374,4.625,22.7000007629395,395.0499975681305,5.675000190734863,23.3999996185303,404.76875102519995,5.849999904632568,23.3999996185303,390.9499993324279,5.849999904632568,22.6000003814697,389.2749993801117,5.650000095367432,20.6000003814697,20.2999992370605
20.6000003814697,353.2000000476837,5.150000095367432,18.5,337.0249984264374,4.625,22.7000007629395,395.0499975681305,5.675000190734863,23.3999996185303,404.76875102519995,5.849999904632568,23.3999996185303,390.9499993324279,5.849999904632568,20.2999992370605,20.3999996185303
20.2999992370605,348.90000033378595,5.074999809265137,20.6000003814697,353.2000000476837,5.150000095367432,18.5,337.0249984264374,4.625,22.7000007629395,395.0499975681305,5.675000190734863,23.3999996185303,404.76875102519995,5.849999904632568,20.3999996185303,21.5
20.3999996185303,346.8250012397766,5.099999904632568,20.2999992370605,348.90000033378595,5.074999809265137,20.6000003814697,353.2000000476837,5.150000095367432,18.5,337.0249984264374,4.625,22.7000007629395,395.0499975681305,5.675000190734863,21.5,22.2000007629395
21.5,366.58750057220465,5.375,20.3999996185303,346.8250012397766,5.099999904632568,20.2999992370605,348.90000033378595,5.074999809265137,20.6000003814697,353.2000000476837,5.150000095367432,18.5,337.0249984264374,4.625,22.2000007629395,22.5
22.2000007629395,377.9749989509582,5.550000190734863,21.5,366.58750057220465,5.375,20.3999996185303,346.8250012397766,5.099999904632568,20.2999992370605,348.90000033378595,5.074999809265137,20.6000003814697,353.2000000476837,5.150000095367432,22.5,21.4588140294453
22.5,379.04583551486326,5.625,22.2000007629395,377.9749989509582,5.550000190734863,21.5,366.58750057220465,5.375,20.3999996185303,346.8250012397766,5.099999904632568,20.2999992370605,348.90000033378595,5.074999809265137,21.4588140294453,22.8999996185303
21.4588140294453,365.16250038146967,5.364703507361327,22.5,379.04583551486326,5.625,22.2000007629395,377.9749989509582,5.550000190734863,21.5,366.58750057220465,5.375,20.3999996185303,346.8250012397766,5.099999904632568,22.8999996185303,23.3999996185303
22.8999996185303,389.6125007867813,5.724999904632568,21.4588140294453,365.16250038146967,5.364703507361327,22.5,379.04583551486326,5.625,22.2000007629395,377.9749989509582,5.550000190734863,21.5,366.58750057220465,5.375,23.3999996185303,23.3999996185303
23.3999996185303,395.44375050067913,5.849999904632568,22.8999996185303,389.6125007867813,5.724999904632568,21.4588140294453,365.16250038146967,5.364703507361327,22.5,379.04583551486326,5.625,22.2000007629395,377.9749989509582,5.550000190734863,23.3999996185303,22.7999992370605
23.3999996185303,402.0625,5.849999904632597,23.3999996185303,395.44375050067913,5.849999904632568,22.8999996185303,389.6125007867813,5.724999904632568,21.4588140294453,365.16250038146967,5.364703507361327,22.5,379.04583551486326,5.625,22.7999992370605,22.8999996185303
22.7999992370605,396.49999737739563,5.699999809265137,23.3999996185303,402.0625,5.849999904632597,23.3999996185303,395.44375050067913,5.849999904632568,22.8999996185303,389.6125007867813,5.724999904632568,21.4588140294453,365.16250038146967,5.364703507361327,22.8999996185303,22.8999996185303
22.8999996185303,394.2499986886977,5.724999904632568,22.7999992370605,396.49999737739563,5.699999809265137,23.3999996185303,402.0625,5.849999904632597,23.3999996185303,395.44375050067913,5.849999904632568,22.8999996185303,389.6125007867813,5.724999904632568,22.8999996185303,23.3999996185303
22.8999996185303,393.32500147819525,5.724999904632568,22.8999996185303,394.2499986886977,5.724999904632568,22.7999992370605,396.49999737739563,5.699999809265137,23.3999996185303,402.0625,5.849999904632597,23.3999996185303,395.44375050067913,5.849999904632568,23.3999996185303,23.0
23.3999996185303,406.48749947547907,5.849999904632568,22.8999996185303,393.32500147819525,5.724999904632568,22.8999996185303,394.2499986886977,5.724999904632568,22.7999992370605,396.49999737739563,5.699999809265137,23.3999996185303,402.0625,5.849999904632597,23.0,22.7000007629395
23.0,393.7500002384186,5.75,23.3999996185303,406.48749947547907,5.849999904632568,22.8999996185303,393.32500147819525,5.724999904632568,22.8999996185303,394.2499986886977,5.724999904632568,22.7999992370605,396.49999737739563,5.699999809265137,22.7000007629395,23.8999996185303
22.7000007629395,383.59999895095825,5.675000190734863,23.0,393.7500002384186,5.75,23.3999996185303,406.48749947547907,5.849999904632568,22.8999996185303,393.32500147819525,5.724999904632568,22.8999996185303,394.2499986886977,5.724999904632568,23.8999996185303,22.3999996185303
23.8999996185303,402.24999833106995,5.974999904632568,22.7000007629395,383.59999895095825,5.675000190734863,23.0,393.7500002384186,5.75,23.3999996185303,406.48749947547907,5.849999904632568,22.8999996185303,393.32500147819525,5.724999904632568,22.3999996185303,22.8999996185303
22.3999996185303,380.41250181198126,5.599999904632568,23.8999996185303,402.24999833106995,5.974999904632568,22.7000007629395,383.59999895095825,5.675000190734863,23.0,393.7500002384186,5.75,23.3999996185303,406.48749947547907,5.849999904632568,22.8999996185303,22.2999992370605
22.8999996185303,386.9249999523162,5.724999904632568,22.3999996185303,380.41250181198126,5.599999904632568,23.8999996185303,402.24999833106995,5.974999904632568,22.7000007629395,383.59999895095825,5.675000190734863,23.0,393.7500002384186,5.75,22.2999992370605,21.8999996185303
22.2999992370605,378.65000128746027,5.574999809265137,22.8999996185303,386.9249999523162,5.724999904632568,22.3999996185303,380.41250181198126,5.599999904632568,23.8999996185303,402.24999833106995,5.974999904632568,22.7000007629395,383.59999895095825,5.675000190734863,21.8999996185303,21.7999992370605
21.8999996185303,380.1249992847442,5.474999904632568,22.2999992370605,378.65000128746027,5.574999809265137,22.8999996185303,386.9249999523162,5.724999904632568,22.3999996185303,380.41250181198126,5.599999904632568,23.8999996185303,402.24999833106995,5.974999904632568,21.7999992370605,21.5
21.7999992370605,375.95000004768366,5.449999809265137,21.8999996185303,380.1249992847442,5.474999904632568,22.2999992370605,378.65000128746027,5.574999809265137,22.8999996185303,386.9249999523162,5.724999904632568,22.3999996185303,380.41250181198126,5.599999904632568,21.5,19.2000007629395
21.5,367.9999990463257,5.375,21.7999992370605,375.95000004768366,5.449999809265137,21.8999996185303,380.1249992847442,5.474999904632568,22.2999992370605,378.65000128746027,5.574999809265137,22.8999996185303,386.9249999523162,5.724999904632568,19.2000007629395,20.6000003814697
19.2000007629395,329.02500200271606,4.8000001907348775,21.5,367.9999990463257,5.375,21.7999992370605,375.95000004768366,5.449999809265137,21.8999996185303,380.1249992847442,5.474999904632568,22.2999992370605,378.65000128746027,5.574999809265137,20.6000003814697,19.8873679512425
20.6000003814697,352.94999718666077,5.150000095367432,19.2000007629395,329.02500200271606,4.8000001907348775,21.5,367.9999990463257,5.375,21.7999992370605,375.95000004768366,5.449999809265137,21.8999996185303,380.1249992847442,5.474999904632568,19.8873679512425,19.8999996185303
19.8873679512425,341.2374944686884,4.97184198781062,20.6000003814697,352.94999718666077,5.150000095367432,19.2000007629395,329.02500200271606,4.8000001907348775,21.5,367.9999990463257,5.375,21.7999992370605,375.95000004768366,5.449999809265137,19.8999996185303,19.7000007629395
19.8999996185303,333.2124950885773,4.974999904632568,19.8873679512425,341.2374944686884,4.97184198781062,20.6000003814697,352.94999718666077,5.150000095367432,19.2000007629395,329.02500200271606,4.8000001907348775,21.5,367.9999990463257,5.375,19.7000007629395,18.7000007629395
19.7000007629395,340.43749952316284,4.925000190734863,19.8999996185303,333.2124950885773,4.974999904632568,19.8873679512425,341.2374944686884,4.97184198781062,20.6000003814697,352.94999718666077,5.150000095367432,19.2000007629395,329.02500200271606,4.8000001907348775,18.7000007629395,18.2000007629395
18.7000007629395,319.7000017166138,4.675000190734863,19.7000007629395,340.43749952316284,4.925000190734863,19.8999996185303,333.2124950885773,4.974999904632568,19.8873679512425,341.2374944686884,4.97184198781062,20.6000003814697,352.94999718666077,5.150000095367432,18.2000007629395,18.5
18.2000007629395,318.29999876022333,4.550000190734863,18.7000007629395,319.7000017166138,4.675000190734863,19.7000007629395,340.43749952316284,4.925000190734863,19.8999996185303,333.2124950885773,4.974999904632568,19.8873679512425,341.2374944686884,4.97184198781062,18.5,18.6000003814697
18.5,317.04999923706055,4.625,18.2000007629395,318.29999876022333,4.550000190734863,18.7000007629395,319.7000017166138,4.675000190734863,19.7000007629395,340.43749952316284,4.925000190734863,19.8999996185303,333.2124950885773,4.974999904632568,18.6000003814697,19.5
18.6000003814697,316.02500152587896,4.650000095367432,18.5,317.04999923706055,4.625,18.2000007629395,318.29999876022333,4.550000190734863,18.7000007629395,319.7000017166138,4.675000190734863,19.7000007629395,340.43749952316284,4.925000190734863,19.5,19.2999992370605
19.5,327.47500002384186,4.875,18.6000003814697,316.02500152587896,4.650000095367432,18.5,317.04999923706055,4.625,18.2000007629395,318.29999876022333,4.550000190734863,18.7000007629395,319.7000017166138,4.675000190734863,19.2999992370605,19.2999992370605
19.2999992370605,326.0750018358232,4.824999809265137,19.5,327.47500002384186,4.875,18.6000003814697,316.02500152587896,4.650000095367432,18.5,317.04999923706055,4.625,18.2000007629395,318.29999876022333,4.550000190734863,19.2999992370605,18.3999996185303
19.2999992370605,331.0499994754792,4.824999809265137,19.2999992370605,326.0750018358232,4.824999809265137,19.5,327.47500002384186,4.875,18.6000003814697,316.02500152587896,4.650000095367432,18.5,317.04999923706055,4.625,18.3999996185303,19.7000007629395
18.3999996185303,320.4249997138977,4.599999904632568,19.2999992370605,331.0499994754792,4.824999809265137,19.2999992370605,326.0750018358232,4.824999809265137,19.5,327.47500002384186,4.875,18.6000003814697,316.02500152587896,4.650000095367432,19.7000007629395,19.6000003814697
19.7000007629395,330.7750028371812,4.925000190734863,18.3999996185303,320.4249997138977,4.599999904632568,19.2999992370605,331.0499994754792,4.824999809265137,19.2999992370605,326.0750018358232,4.824999809265137,19.5,327.47500002384186,4.875,19.6000003814697,19.2000007629395
19.6000003814697,336.912501335144,4.900000095367432,19.7000007629395,330.7750028371812,4.925000190734863,18.3999996185303,320.4249997138977,4.599999904632568,19.2999992370605,331.0499994754792,4.824999809265137,19.2999992370605,326.0750018358232,4.824999809265137,19.2000007629395,19.7999992370605
19.2000007629395,343.62500202655787,4.800000190734863,19.6000003814697,336.912501335144,4.900000095367432,19.7000007629395,330.7750028371812,4.925000190734863,18.3999996185303,320.4249997138977,4.599999904632568,19.2999992370605,331.0499994754792,4.824999809265137,19.7999992370605,20.5
19.7999992370605,346.6624987125397,4.949999809265137,19.2000007629395,343.62500202655787,4.800000190734863,19.6000003814697,336.912501335144,4.900000095367432,19.7000007629395,330.7750028371812,4.925000190734863,18.3999996185303,320.4249997138977,4.599999904632568,20.5,21.2999992370605
20.5,361.524997472763,5.125,19.7999992370605,346.6624987125397,4.949999809265137,19.2000007629395,343.62500202655787,4.800000190734863,19.6000003814697,336.912501335144,4.900000095367432,19.7000007629395,330.7750028371812,4.925000190734863,21.2999992370605,21.1000003814697
21.2999992370605,374.57500147819513,5.324999809265137,20.5,361.524997472763,5.125,19.7999992370605,346.6624987125397,4.949999809265137,19.2000007629395,343.62500202655787,4.800000190734863,19.6000003814697,336.912501335144,4.900000095367432,21.1000003814697,22.0
21.1000003814697,358.7500009536744,5.275000095367432,21.2999992370605,374.57500147819513,5.324999809265137,20.5,361.524997472763,5.125,19.7999992370605,346.6624987125397,4.949999809265137,19.2000007629395,343.62500202655787,4.800000190734863,22.0,21.6000003814697
22.0,375.199999332428,5.5,21.1000003814697,358.7500009536744,5.275000095367432,21.2999992370605,374.57500147819513,5.324999809265137,20.5,361.524997472763,5.125,19.7999992370605,346.6624987125397,4.949999809265137,21.6000003814697,22.2999992370605
21.6000003814697,370.0249991416931,5.400000095367432,22.0,375.199999332428,5.5,21.1000003814697,358.7500009536744,5.275000095367432,21.2999992370605,374.57500147819513,5.324999809265137,20.5,361.524997472763,5.125,22.2999992370605,22.0
22.2999992370605,375.1499977111815,5.574999809265137,21.6000003814697,370.0249991416931,5.400000095367432,22.0,375.199999332428,5.5,21.1000003814697,358.7500009536744,5.275000095367432,21.2999992370605,374.57500147819513,5.324999809265137,22.0,22.0
22.0,379.0249998569488,5.5,22.2999992370605,375.1499977111815,5.574999809265137,21.6000003814697,370.0249991416931,5.400000095367432,22.0,375.199999332428,5.5,21.1000003814697,358.7500009536744,5.275000095367432,22.0,22.7000007629395
22.0,379.42499971389765,5.5,22.0,379.0249998569488,5.5,22.2999992370605,375.1499977111815,5.574999809265137,21.6000003814697,370.0249991416931,5.400000095367432,22.0,375.199999332428,5.5,22.7000007629395,22.2000007629395
22.7000007629395,389.5999991893769,5.675000190734863,22.0,379.42499971389765,5.5,22.0,379.0249998569488,5.5,22.2999992370605,375.1499977111815,5.574999809265137,21.6000003814697,370.0249991416931,5.400000095367432,22.2000007629395,19.7999992370605
22.2000007629395,386.62499976158136,5.550000190734863,22.7000007629395,389.5999991893769,5.675000190734863,22.0,379.42499971389765,5.5,22.0,379.0249998569488,5.5,22.2999992370605,375.1499977111815,5.574999809265137,19.7999992370605,19.2000007629395
19.7999992370605,358.8500003814699,4.949999809265137,22.2000007629395,386.62499976158136,5.550000190734863,22.7000007629395,389.5999991893769,5.675000190734863,22.0,379.42499971389765,5.5,22.0,379.0249998569488,5.5,19.2000007629395,19.7999992370605
19.2000007629395,345.7750000953675,4.800000190734863,19.7999992370605,358.8500003814699,4.949999809265137,22.2000007629395,386.62499976158136,5.550000190734863,22.7000007629395,389.5999991893769,5.675000190734863,22.0,379.42499971389765,5.5,19.7999992370605,21.7000007629395
19.7999992370605,355.6062479019165,4.949999809265137,19.2000007629395,345.7750000953675,4.800000190734863,19.7999992370605,358.8500003814699,4.949999809265137,22.2000007629395,386.62499976158136,5.550000190734863,22.7000007629395,389.5999991893769,5.675000190734863,21.7000007629395,21.7999992370605
21.7000007629395,377.72500133514404,5.425000190734863,19.7999992370605,355.6062479019165,4.949999809265137,19.2000007629395,345.7750000953675,4.800000190734863,19.7999992370605,358.8500003814699,4.949999809265137,22.2000007629395,386.62499976158136,5.550000190734863,21.7999992370605,21.2999992370605
21.7999992370605,371.6250009536743,5.449999809265137,21.7000007629395,377.72500133514404,5.425000190734863,19.7999992370605,355.6062479019165,4.949999809265137,19.2000007629395,345.7750000953675,4.800000190734863,19.7999992370605,358.8500003814699,4.949999809265137,21.2999992370605,22.2000007629395
21.2999992370605,364.6062498092651,5.324999809265137,21.7999992370605,371.6250009536743,5.449999809265137,21.7000007629395,377.72500133514404,5.425000190734863,19.7999992370605,355.6062479019165,4.949999809265137,19.2000007629395,345.7750000953675,4.800000190734863,22.2000007629395,23.2000007629395
22.2000007629395,380.8749985694885,5.550000190734863,21.2999992370605,364.6062498092651,5.324999809265137,21.7999992370605,371.6250009536743,5.449999809265137,21.7000007629395,377.72500133514404,5.425000190734863,19.7999992370605,355.6062479019165,4.949999809265137,23.2000007629395,22.3999996185303
23.2000007629395,394.1500000953674,5.800000190734863,22.2000007629395,380.8749985694885,5.550000190734863,21.2999992370605,364.6062498092651,5.324999809265137,21.7999992370605,371.6250009536743,5.449999809265137,21.7000007629395,377.72500133514404,5.425000190734863,22.3999996185303,22.8999996185303
22.3999996185303,382.4000008106232,5.599999904632568,23.2000007629395,394.1500000953674,5.800000190734863,22.2000007629395,380.8749985694885,5.550000190734863,21.2999992370605,364.6062498092651,5.324999809265137,21.7999992370605,371.6250009536743,5.449999809265137,22.8999996185303,23.0
22.8999996185303,388.92500019073486,5.724999904632568,22.3999996185303,382.4000008106232,5.599999904632568,23.2000007629395,394.1500000953674,5.800000190734863,22.2000007629395,380.8749985694885,5.550000190734863,21.2999992370605,364.6062498092651,5.324999809265137,23.0,23.0
23.0,384.8000009059906,5.75,22.8999996185303,388.92500019073486,5.724999904632568,22.3999996185303,382.4000008106232,5.599999904632568,23.2000007629395,394.1500000953674,5.800000190734863,22.2000007629395,380.8749985694885,5.550000190734863,23.0,23.8999996185303
23.0,391.287500858307,5.75,23.0,384.8000009059906,5.75,22.8999996185303,388.92500019073486,5.724999904632568,22.3999996185303,382.4000008106232,5.599999904632568,23.2000007629395,394.1500000953674,5.800000190734863,23.8999996185303,23.7999992370605
23.8999996185303,401.8125002384186,5.974999904632568,23.0,391.287500858307,5.75,23.0,384.8000009059906,5.75,22.8999996185303,388.92500019073486,5.724999904632568,22.3999996185303,382.4000008106232,5.599999904632568,23.7999992370605,21.7000007629395
23.7999992370605,405.22499847412115,5.949999809265137,23.8999996185303,401.8125002384186,5.974999904632568,23.0,391.287500858307,5.75,23.0,384.8000009059906,5.75,22.8999996185303,388.92500019073486,5.724999904632568,21.7000007629395,22.0
21.7000007629395,367.75000047683716,5.425000190734863,23.7999992370605,405.22499847412115,5.949999809265137,23.8999996185303,401.8125002384186,5.974999904632568,23.0,391.287500858307,5.75,23.0,384.8000009059906,5.75,22.0,22.0
22.0,359.5375008583069,5.5,21.7000007629395,367.75000047683716,5.425000190734863,23.7999992370605,405.22499847412115,5.949999809265137,23.8999996185303,401.8125002384186,5.974999904632568,23.0,391.287500858307,5.75,22.0,21.8999996185303
22.0,377.36874712705617,5.5,22.0,359.5375008583069,5.5,21.7000007629395,367.75000047683716,5.425000190734863,23.7999992370605,405.22499847412115,5.949999809265137,23.8999996185303,401.8125002384186,5.974999904632568,21.8999996185303,20.0
21.8999996185303,369.2875010967254,5.474999904632568,22.0,377.36874712705617,5.5,22.0,359.5375008583069,5.5,21.7000007629395,367.75000047683716,5.425000190734863,23.7999992370605,405.22499847412115,5.949999809265137,20.0,19.5
20.0,331.4874985218048,5.0,21.8999996185303,369.2875010967254,5.474999904632568,22.0,377.36874712705617,5.5,22.0,359.5375008583069,5.5,21.7000007629395,367.75000047683716,5.425000190734863,19.5,20.7999992370605
19.5,327.40000009536743,4.875,20.0,331.4874985218048,5.0,21.8999996185303,369.2875010967254,5.474999904632568,22.0,377.36874712705617,5.5,22.0,359.5375008583069,5.5,20.7999992370605,20.2000007629395
20.7999992370605,352.3624992370605,5.199999809265137,19.5,327.40000009536743,4.875,20.0,331.4874985218048,5.0,21.8999996185303,369.2875010967254,5.474999904632568,22.0,377.36874712705617,5.5,20.2000007629395,20.1000003814697
20.2000007629395,337.8250005245208,5.050000190734863,20.7999992370605,352.3624992370605,5.199999809265137,19.5,327.40000009536743,4.875,20.0,331.4874985218048,5.0,21.8999996185303,369.2875010967254,5.474999904632568,20.1000003814697,20.1000003814697
20.1000003814697,336.712497472763,5.025000095367432,20.2000007629395,337.8250005245208,5.050000190734863,20.7999992370605,352.3624992370605,5.199999809265137,19.5,327.40000009536743,4.875,20.0,331.4874985218048,5.0,20.1000003814697,21.2999992370605
20.1000003814697,336.15000104904175,5.025000095367432,20.1000003814697,336.712497472763,5.025000095367432,20.2000007629395,337.8250005245208,5.050000190734863,20.7999992370605,352.3624992370605,5.199999809265137,19.5,327.40000009536743,4.875,21.2999992370605,18.7000007629395
21.2999992370605,333.7249987125397,5.324999809265137,20.1000003814697,336.15000104904175,5.025000095367432,20.1000003814697,336.712497472763,5.025000095367432,20.2000007629395,337.8250005245208,5.050000190734863,20.7999992370605,352.3624992370605,5.199999809265137,18.7000007629395,19.0
18.7000007629395,315.6125013828277,4.6750001907348775,21.2999992370605,333.7249987125397,5.324999809265137,20.1000003814697,336.15000104904175,5.025000095367432,20.1000003814697,336.712497472763,5.025000095367432,20.2000007629395,337.8250005245208,5.050000190734863,19.0,17.7999992370605
19.0,317.0250009298325,4.75,18.7000007629395,315.6125013828277,4.6750001907348775,21.2999992370605,333.7249987125397,5.324999809265137,20.1000003814697,336.15000104904175,5.025000095367432,20.1000003814697,336.712497472763,5.025000095367432,17.7999992370605,18.7999992370605
17.7999992370605,291.87500119209295,4.4499998092651225,19.0,317.0250009298325,4.75,18.7000007629395,315.6125013828277,4.6750001907348775,21.2999992370605,333.7249987125397,5.324999809265137,20.1000003814697,336.15000104904175,5.025000095367432,18.7999992370605,17.2000007629395
18.7999992370605,305.5124983787536,4.699999809265137,17.7999992370605,291.87500119209295,4.4499998092651225,19.0,317.0250009298325,4.75,18.7000007629395,315.6125013828277,4.6750001907348775,21.2999992370605,333.7249987125397,5.324999809265137,17.2000007629395,17.5
17.2000007629395,285.17500042915344,4.300000190734863,18.7999992370605,305.5124983787536,4.699999809265137,17.7999992370605,291.87500119209295,4.4499998092651225,19.0,317.0250009298325,4.75,18.7000007629395,315.6125013828277,4.6750001907348775,17.5,18.2000007629395
17.5,292.17499971389765,4.375,17.2000007629395,285.17500042915344,4.300000190734863,18.7999992370605,305.5124983787536,4.699999809265137,17.7999992370605,291.87500119209295,4.4499998092651225,19.0,317.0250009298325,4.75,18.2000007629395,18.2999992370605
18.2000007629395,307.8249999284745,4.550000190734863,17.5,292.17499971389765,4.375,17.2000007629395,285.17500042915344,4.300000190734863,18.7999992370605,305.5124983787536,4.699999809265137,17.7999992370605,291.87500119209295,4.4499998092651225,18.2999992370605,18.3999996185303
18.2999992370605,297.72499847412104,4.5749998092651225,18.2000007629395,307.8249999284745,4.550000190734863,17.5,292.17499971389765,4.375,17.2000007629395,285.17500042915344,4.300000190734863,18.7999992370605,305.5124983787536,4.699999809265137,18.3999996185303,18.6000003814697
18.3999996185303,306.6749992370605,4.599999904632568,18.2999992370605,297.72499847412104,4.5749998092651225,18.2000007629395,307.8249999284745,4.550000190734863,17.5,292.17499971389765,4.375,17.2000007629395,285.17500042915344,4.300000190734863,18.6000003814697,18.1000003814697
18.6000003814697,311.0999995470047,4.650000095367432,18.3999996185303,306.6749992370605,4.599999904632568,18.2999992370605,297.72499847412104,4.5749998092651225,18.2000007629395,307.8249999284745,4.550000190734863,17.5,292.17499971389765,4.375,18.1000003814697,19.25
18.1000003814697,301.68750011920923,4.525000095367432,18.6000003814697,311.0999995470047,4.650000095367432,18.3999996185303,306.6749992370605,4.599999904632568,18.2999992370605,297.72499847412104,4.5749998092651225,18.2000007629395,307.8249999284745,4.550000190734863,19.25,21.2000007629395
19.25,320.5312500596048,4.8125,18.1000003814697,301.68750011920923,4.525000095367432,18.6000003814697,311.0999995470047,4.650000095367432,18.3999996185303,306.6749992370605,4.599999904632568,18.2999992370605,297.72499847412104,4.5749998092651225,21.2000007629395,18.2000007629395
21.2000007629395,371.65000057220453,5.300000190734863,19.25,320.5312500596048,4.8125,18.1000003814697,301.68750011920923,4.525000095367432,18.6000003814697,311.0999995470047,4.650000095367432,18.3999996185303,306.6749992370605,4.599999904632568,18.2000007629395,19.0
18.2000007629395,312.5750005245209,4.550000190734863,21.2000007629395,371.65000057220453,5.300000190734863,19.25,320.5312500596048,4.8125,18.1000003814697,301.68750011920923,4.525000095367432,18.6000003814697,311.0999995470047,4.650000095367432,19.0,18.7999992370605
19.0,319.21250164508825,4.75,18.2000007629395,312.5750005245209,4.550000190734863,21.2000007629395,371.65000057220453,5.300000190734863,19.25,320.5312500596048,4.8125,18.1000003814697,301.68750011920923,4.525000095367432,18.7999992370605,19.3999996185303
18.7999992370605,315.90000057220453,4.699999809265137,19.0,319.21250164508825,4.75,18.2000007629395,312.5750005245209,4.550000190734863,21.2000007629395,371.65000057220453,5.300000190734863,19.25,320.5312500596048,4.8125,19.3999996185303,20.2000007629395
19.3999996185303,328.02499830722803,4.849999904632568,18.7999992370605,315.90000057220453,4.699999809265137,19.0,319.21250164508825,4.75,18.2000007629395,312.5750005245209,4.550000190734863,21.2000007629395,371.65000057220453,5.300000190734863,20.2000007629395,19.3999996185303
20.2000007629395,335.650000333786,5.050000190734863,19.3999996185303,328.02499830722803,4.849999904632568,18.7999992370605,315.90000057220453,4.699999809265137,19.0,319.21250164508825,4.75,18.2000007629395,312.5750005245209,4.550000190734863,19.3999996185303,20.7000007629395
19.3999996185303,327.55000329017645,4.849999904632568,20.2000007629395,335.650000333786,5.050000190734863,19.3999996185303,328.02499830722803,4.849999904632568,18.7999992370605,315.90000057220453,4.699999809265137,19.0,319.21250164508825,4.75,20.7000007629395,19.6000003814697
20.7000007629395,361.2125005722046,5.175000190734863,19.3999996185303,327.55000329017645,4.849999904632568,20.2000007629395,335.650000333786,5.050000190734863,19.3999996185303,328.02499830722803,4.849999904632568,18.7999992370605,315.90000057220453,4.699999809265137,19.6000003814697,20.0
19.6000003814697,335.2374997138977,4.900000095367432,20.7000007629395,361.2125005722046,5.175000190734863,19.3999996185303,327.55000329017645,4.849999904632568,20.2000007629395,335.650000333786,5.050000190734863,19.3999996185303,328.02499830722803,4.849999904632568,20.0,20.5
20.0,339.3499987125397,5.0,19.6000003814697,335.2374997138977,4.900000095367432,20.7000007629395,361.2125005722046,5.175000190734863,19.3999996185303,327.55000329017645,4.849999904632568,20.2000007629395,335.650000333786,5.050000190734863,20.5,20.3999996185303
20.5,346.48750114440924,5.125,20.0,339.3499987125397,5.0,19.6000003814697,335.2374997138977,4.900000095367432,20.7000007629395,361.2125005722046,5.175000190734863,19.3999996185303,327.55000329017645,4.849999904632568,20.3999996185303,20.7000007629395
20.3999996185303,342.5125004053115,5.099999904632568,20.5,346.48750114440924,5.125,20.0,339.3499987125397,5.0,19.6000003814697,335.2374997138977,4.900000095367432,20.7000007629395,361.2125005722046,5.175000190734863,20.7000007629395,20.7000007629395
20.7000007629395,345.61250281333923,5.175000190734863,20.3999996185303,342.5125004053115,5.099999904632568,20.5,346.48750114440924,5.125,20.0,339.3499987125397,5.0,19.6000003814697,335.2374997138977,4.900000095367432,20.7000007629395,20.7999992370605
20.7000007629395,353.7749991416931,5.175000190734863,20.7000007629395,345.61250281333923,5.175000190734863,20.3999996185303,342.5125004053115,5.099999904632568,20.5,346.48750114440924,5.125,20.0,339.3499987125397,5.0,20.7999992370605,20.6000003814697
20.7999992370605,351.6249977350235,5.199999809265137,20.7000007629395,353.7749991416931,5.175000190734863,20.7000007629395,345.61250281333923,5.175000190734863,20.3999996185303,342.5125004053115,5.099999904632568,20.5,346.48750114440924,5.125,20.6000003814697,23.5
20.6000003814697,352.7625000476837,5.150000095367432,20.7999992370605,351.6249977350235,5.199999809265137,20.7000007629395,353.7749991416931,5.175000190734863,20.7000007629395,345.61250281333923,5.175000190734863,20.3999996185303,342.5125004053115,5.099999904632568,23.5,16.2999992370605
