,loss,mae,mse,root_mean_squared_error,val_loss,val_mae,val_mse,val_root_mean_squared_error
0,0.218463733792305,0.44669926166534424,0.218463733792305,0.46740102767944336,0.18041129410266876,0.40552130341529846,0.18041129410266876,0.4247485101222992
1,0.12777289748191833,0.33581510186195374,0.12777289748191833,0.3574533462524414,0.09838227927684784,0.292117178440094,0.09838227927684784,0.3136594891548157
2,0.0640837624669075,0.22558452188968658,0.0640837624669075,0.2531477212905884,0.04572645574808121,0.1879492998123169,0.04572645574808121,0.21383745968341827
3,0.028132930397987366,0.1388026922941208,0.028132930397987366,0.1677287369966507,0.01976856030523777,0.11248880624771118,0.01976856030523777,0.14060071110725403
4,0.015218192711472511,0.09882116317749023,0.015218192711472511,0.12336204200983047,0.011272277683019638,0.08712498843669891,0.011272277683019638,0.10617098212242126
5,0.011542018502950668,0.08635768294334412,0.011542018502950668,0.10743378847837448,0.0076702795922756195,0.06851234287023544,0.0076702795922756195,0.0875801295042038
6,0.008306876756250858,0.06997013837099075,0.008306876756250858,0.09114206582307816,0.005555254407227039,0.05559708923101425,0.005555254407227039,0.07453358173370361
7,0.00642091641202569,0.06266143172979355,0.00642091641202569,0.08013062179088593,0.005886920727789402,0.060623589903116226,0.005886920727789402,0.0767262727022171
8,0.006315238308161497,0.06371388584375381,0.006315238308161497,0.07946847379207611,0.006645685527473688,0.06590196490287781,0.006645685527473688,0.08152107894420624
9,0.006355987396091223,0.06405599415302277,0.006355987396091223,0.07972444593906403,0.0063206772319972515,0.06368517130613327,0.0063206772319972515,0.07950268685817719
10,0.0062134750187397,0.06303131580352783,0.006213474087417126,0.07882559299468994,0.005780021194368601,0.059551917016506195,0.005780021194368601,0.07602645456790924
11,0.006130629684776068,0.061987802386283875,0.006130629684776068,0.07829833775758743,0.005513788666576147,0.057150665670633316,0.005513788666576147,0.07425489276647568
12,0.0060625215992331505,0.061510756611824036,0.0060625215992331505,0.0778621956706047,0.005566470790654421,0.05783781781792641,0.005566470790654421,0.07460878044366837
13,0.006028195843100548,0.061681151390075684,0.006028195843100548,0.07764145731925964,0.005706824827939272,0.059261810034513474,0.005706824827939272,0.07554353028535843
14,0.005997956730425358,0.06166495382785797,0.005997956730425358,0.07744647562503815,0.005690138787031174,0.05910511687397957,0.005690138787031174,0.07543300837278366
15,0.0059799253940582275,0.061645686626434326,0.0059799253940582275,0.07732997834682465,0.005712979473173618,0.05934775993227959,0.005712979473173618,0.07558425515890121
16,0.005963136907666922,0.06160743162035942,0.005963136907666922,0.0772213488817215,0.005670255981385708,0.05899558961391449,0.005670255981385708,0.07530110329389572
17,0.005955583415925503,0.06136732175946236,0.005955583415925503,0.0771724283695221,0.005591169465333223,0.05829924717545509,0.005591169465333223,0.0747741162776947
18,0.0059386976063251495,0.06130678206682205,0.0059386976063251495,0.0770629420876503,0.0056643555872142315,0.05905158445239067,0.0056643555872142315,0.0752619132399559
19,0.005925537087023258,0.061258465051651,0.005925537087023258,0.07697751373052597,0.005531115457415581,0.05780203267931938,0.005531115457415581,0.07437146455049515
20,0.005901013035327196,0.06096898391842842,0.005901013035327196,0.07681804895401001,0.0055612837895751,0.05814584344625473,0.0055612837895751,0.07457401603460312
21,0.00589168444275856,0.06084835156798363,0.00589168444275856,0.07675731182098389,0.0055022770538926125,0.05760623514652252,0.0055022770538926125,0.0741773322224617
22,0.005859022494405508,0.060827575623989105,0.005859022494405508,0.07654425501823425,0.005575831979513168,0.05835127457976341,0.005575831979513168,0.07467149198055267
23,0.005856470670551062,0.06107978895306587,0.005856470670551062,0.07652757316827774,0.00562239857390523,0.05884898081421852,0.00562239857390523,0.0749826580286026
24,0.005833910778164864,0.060794416815042496,0.005833910778164864,0.07638004422187805,0.0054382518865168095,0.05709861218929291,0.0054382518865168095,0.0737445130944252
25,0.005841750651597977,0.06032135710120201,0.005841750651597977,0.07643134891986847,0.0053331670351326466,0.056065384298563004,0.0053331670351326466,0.07302853465080261
26,0.0058033764362335205,0.060493215918540955,0.0058033764362335205,0.07617989182472229,0.0055563487112522125,0.0583239309489727,0.0055563487112522125,0.07454092055559158
27,0.005793074145913124,0.060838352888822556,0.005793074145913124,0.07611224800348282,0.005585862789303064,0.05866410583257675,0.005585862789303064,0.07473862916231155
28,0.0057629989460110664,0.06043489649891853,0.0057629989460110664,0.0759144201874733,0.005351058207452297,0.056372758001089096,0.005351058207452297,0.07315092533826828
29,0.005754081532359123,0.05989303067326546,0.005754081532359123,0.07585566490888596,0.0053459638729691505,0.05636969953775406,0.0053459638729691505,0.07311610132455826
30,0.005735767539590597,0.06002103537321091,0.005735767539590597,0.07573485374450684,0.0053861672058701515,0.056793760508298874,0.0053861672058701515,0.07339051365852356
31,0.005710804834961891,0.059821486473083496,0.005710804834961891,0.07556986808776855,0.005368753802031279,0.056665536016225815,0.005368753802031279,0.07327178120613098
32,0.00569184822961688,0.05990275740623474,0.00569184822961688,0.07544434070587158,0.0054453457705676556,0.057456087321043015,0.0054453457705676556,0.07379258424043655
33,0.005670366808772087,0.05979645252227783,0.005670366808772087,0.07530184090137482,0.005337070673704147,0.05645066872239113,0.005337070673704147,0.07305525988340378
34,0.005651866085827351,0.05945491045713425,0.005651866085827351,0.07517889142036438,0.005248038098216057,0.05562027171254158,0.005248038098216057,0.07244334369897842
35,0.005634181667119265,0.05927923694252968,0.005634181667119265,0.07506118714809418,0.005289497319608927,0.05605105683207512,0.005289497319608927,0.07272893190383911
36,0.005617487244307995,0.05937037244439125,0.005617487244307995,0.07494989782571793,0.00528520904481411,0.05605804920196533,0.00528520904481411,0.07269944250583649
37,0.005596803966909647,0.05920242890715599,0.005596803966909647,0.07481179386377335,0.0052710906602442265,0.05597519502043724,0.0052710906602442265,0.072602279484272
38,0.005576023831963539,0.05909815803170204,0.005576023831963539,0.07467278093099594,0.005218070466071367,0.05546989664435387,0.005218070466071367,0.07223621010780334
39,0.00556956185027957,0.0587921142578125,0.00556956185027957,0.07462950050830841,0.00519239716231823,0.055253490805625916,0.00519239716231823,0.0720582902431488
40,0.0055466461926698685,0.05899185314774513,0.0055466461926698685,0.07447581738233566,0.005298484116792679,0.056313544511795044,0.005298484116792679,0.07279068976640701
41,0.005534184165298939,0.05886978656053543,0.005534184165298939,0.07439209520816803,0.005184579640626907,0.05531620979309082,0.005184579640626907,0.07200402021408081
42,0.005516452714800835,0.05879289656877518,0.005516452714800835,0.07427282631397247,0.005189195275306702,0.055467694997787476,0.005189195275306702,0.07203606516122818
43,0.005487360060214996,0.05853351205587387,0.005487360060214996,0.07407671958208084,0.005201823078095913,0.05560405179858208,0.005201823078095913,0.07212366163730621
44,0.005467766895890236,0.058526672422885895,0.005467766895890236,0.07394435256719589,0.005183011293411255,0.05534391850233078,0.005183011293411255,0.0719931349158287
45,0.005466184113174677,0.058137670159339905,0.005466184113174677,0.07393364608287811,0.005023261997848749,0.05370228365063667,0.005023261997848749,0.07087497413158417
46,0.005432736128568649,0.05785273015499115,0.005432736128568649,0.07370709627866745,0.005134468898177147,0.054995764046907425,0.005134468898177147,0.07165521383285522
47,0.0054061198607087135,0.05812698230147362,0.0054061198607087135,0.07352632284164429,0.00517079746350646,0.05535958707332611,0.00517079746350646,0.07190826535224915
48,0.005410568788647652,0.05841842293739319,0.005410568788647652,0.0735565721988678,0.005183652509003878,0.05558646842837334,0.005183652509003878,0.07199759036302567
49,0.0053694830276072025,0.05804184451699257,0.0053694830276072025,0.07327675819396973,0.00505234906449914,0.05427579954266548,0.00505234906449914,0.07107987999916077
50,0.005356591660529375,0.057494472712278366,0.005356591660529375,0.07318873703479767,0.0049898759461939335,0.05360667034983635,0.0049898759461939335,0.07063905149698257
51,0.005341172683984041,0.05738283321261406,0.005341172683984041,0.07308332622051239,0.004949846770614386,0.053180452436208725,0.004949846770614386,0.07035514712333679
52,0.005327671766281128,0.05723234638571739,0.005327671766281128,0.07299090176820755,0.005048750434070826,0.05431250482797623,0.005048750434070826,0.07105456292629242
53,0.005303374957293272,0.057428281754255295,0.005303374957293272,0.07282427698373795,0.005017309915274382,0.05408530682325363,0.005017309915274382,0.07083297520875931
54,0.005285681691020727,0.05723505839705467,0.005285681691020727,0.07270269095897675,0.004998900927603245,0.05392894521355629,0.004998900927603245,0.07070291042327881
55,0.005265302024781704,0.056983623653650284,0.005265302024781704,0.07256240397691727,0.004953985568135977,0.053446680307388306,0.004953985568135977,0.07038455456495285
56,0.0052435509860515594,0.056950055062770844,0.0052435509860515594,0.07241236418485641,0.005009236745536327,0.05402082949876785,0.005009236745536327,0.07077596336603165
57,0.0052334642969071865,0.056892797350883484,0.0052334642969071865,0.07234268635511398,0.004953986499458551,0.05348832160234451,0.004953986499458551,0.07038456201553345
58,0.005212659481912851,0.05680139362812042,0.005212659481912851,0.07219874858856201,0.004926490597426891,0.05327019840478897,0.004926490597426891,0.07018895447254181
59,0.005231406539678574,0.057145074009895325,0.005231406539678574,0.07232846319675446,0.004974511452019215,0.05390322208404541,0.004974511452019215,0.07053021341562271
60,0.005174750927835703,0.05646337568759918,0.005174750927835703,0.0719357430934906,0.0048202453181147575,0.05215558409690857,0.0048202453181147575,0.069427989423275
61,0.005170850083231926,0.056394267827272415,0.005170850083231926,0.0719086155295372,0.004928824491798878,0.053402237594127655,0.004928824491798878,0.07020558416843414
62,0.005141041241586208,0.05618440359830856,0.005141041241586208,0.0717010572552681,0.004837840795516968,0.05241429805755615,0.004837840795516968,0.06955458968877792
63,0.005121560301631689,0.056037526577711105,0.005121560767292976,0.07156508415937424,0.004844173323363066,0.05244486778974533,0.004844173323363066,0.06960009038448334
64,0.005102658644318581,0.05590517073869705,0.005102658644318581,0.07143289595842361,0.0048667252995073795,0.05273572355508804,0.0048667252995073795,0.06976191699504852
65,0.005090457387268543,0.056213125586509705,0.005090457387268543,0.0713474377989769,0.004903179127722979,0.05328904464840889,0.004903179127722979,0.07002270221710205
66,0.005076903384178877,0.056058842688798904,0.005076903384178877,0.07125239074230194,0.0048323520459234715,0.0524909608066082,0.0048323520459234715,0.06951512396335602
67,0.005045689642429352,0.05563797801733017,0.005045689642429352,0.07103301584720612,0.004766891710460186,0.051813870668411255,0.004766891710460186,0.06904268264770508
68,0.005046916659921408,0.055521585047245026,0.005046916659921408,0.07104165107011795,0.004742325749248266,0.05157037824392319,0.004742325749248266,0.06886454671621323
69,0.005063655786216259,0.0559123232960701,0.005063655786216259,0.07115937024354935,0.004737378563731909,0.05154494196176529,0.004737378563731909,0.06882862001657486
70,0.0049981228075921535,0.0549733005464077,0.0049981228075921535,0.07069740444421768,0.004650169983506203,0.0504453182220459,0.004650169983506203,0.06819215416908264
71,0.0049976930022239685,0.05502862110733986,0.0049976930022239685,0.07069435715675354,0.00468666385859251,0.05093648284673691,0.00468666385859251,0.06845921277999878
72,0.004965872038155794,0.05493143945932388,0.004965872038155794,0.0704689472913742,0.004722534213215113,0.05138946697115898,0.004722534213215113,0.06872069835662842
73,0.004954425152391195,0.05511627718806267,0.004954425152391195,0.07038767635822296,0.004816917702555656,0.05241440236568451,0.004816917702555656,0.06940402090549469
74,0.0049462150782346725,0.05551224574446678,0.0049462150782346725,0.07032933086156845,0.004716341849416494,0.05138668790459633,0.004716341849416494,0.06867562979459763
75,0.0049255406484007835,0.05441868677735329,0.0049255406484007835,0.070182204246521,0.004558790475130081,0.049397293478250504,0.004558790475130081,0.06751881539821625
76,0.004952212329953909,0.054920099675655365,0.004952212329953909,0.07037195563316345,0.004769371822476387,0.05196358263492584,0.004769371822476387,0.06906063854694366
77,0.004880721215158701,0.05478132516145706,0.004880721215158701,0.06986214965581894,0.0046424539759755135,0.05060162767767906,0.0046424539759755135,0.06813555955886841
78,0.004902837797999382,0.053933024406433105,0.004902837797999382,0.07002026587724686,0.004493053536862135,0.04863288626074791,0.004493053536862135,0.06703024357557297
79,0.00487130181863904,0.054375212639570236,0.00487130181863904,0.06979471445083618,0.004806801211088896,0.05232905223965645,0.004806801211088896,0.0693311020731926
80,0.0048432969488203526,0.05457281693816185,0.0048432969488203526,0.06959380209445953,0.0046151308342814445,0.05024682357907295,0.0046151308342814445,0.06793475151062012
81,0.004827311262488365,0.053818199783563614,0.004827311262488365,0.06947885453701019,0.004564556293189526,0.04970047250390053,0.004564556293189526,0.06756149977445602
82,0.004804128780961037,0.05378010869026184,0.004804128780961037,0.06931181997060776,0.004558087792247534,0.049632590264081955,0.004558087792247534,0.0675136148929596
83,0.0047994377091526985,0.05407965928316116,0.0047994377091526985,0.06927797198295593,0.004710270557552576,0.05131726711988449,0.004710270557552576,0.06863141059875488
84,0.004850393161177635,0.05393856391310692,0.004850393161177635,0.06964476406574249,0.004411878064274788,0.0475015752017498,0.004411878064274788,0.06642197072505951
85,0.004817718639969826,0.0536809079349041,0.004817718639969826,0.06940978765487671,0.00478180730715394,0.052028194069862366,0.00478180730715394,0.06915061175823212
86,0.004752664361149073,0.05403226986527443,0.004752664361149073,0.06893956661224365,0.004482457414269447,0.048779550939798355,0.004482457414269447,0.06695115566253662
87,0.004785509780049324,0.05283430218696594,0.004785509780049324,0.06917738169431686,0.004460035357624292,0.04845031350851059,0.004460035357624292,0.06678349524736404
88,0.004702763166278601,0.05344059690833092,0.004702763166278601,0.06857669353485107,0.004680789541453123,0.05098676681518555,0.004680789541453123,0.0684162899851799
89,0.0047546192072331905,0.05376646667718887,0.0047546192072331905,0.0689537450671196,0.004473512060940266,0.04854270815849304,0.004473512060940266,0.06688431650400162
90,0.004767990205436945,0.05413423106074333,0.004767990205436945,0.069050632417202,0.004615630954504013,0.0502634160220623,0.004615630954504013,0.067938432097435
91,0.0046719578094780445,0.05337800458073616,0.0046719578094780445,0.06835172325372696,0.004395647905766964,0.047561973333358765,0.004395647905766964,0.0662996768951416
92,0.004673585761338472,0.05248140171170235,0.004673585761338472,0.06836362928152084,0.004416351206600666,0.04789223521947861,0.004416351206600666,0.06645563244819641
93,0.004644031170755625,0.052674684673547745,0.004644031170755625,0.06814713031053543,0.004474022425711155,0.0486791655421257,0.004474022425711155,0.06688813120126724
94,0.004636907950043678,0.05290080979466438,0.004636907950043678,0.06809484213590622,0.004477673675864935,0.04861611872911453,0.004477673675864935,0.06691542267799377
95,0.004641932900995016,0.05294445902109146,0.004641932900995016,0.06813172996044159,0.004438385833054781,0.04821021482348442,0.004438385833054781,0.06662121415138245
96,0.004622896201908588,0.05285969749093056,0.004622896201908588,0.06799188256263733,0.004398211371153593,0.04763859137892723,0.004398211371153593,0.06631901115179062
97,0.004605012480169535,0.05171763896942139,0.004605012480169535,0.06786024570465088,0.0043176994659006596,0.046390827745199203,0.0043176994659006596,0.0657092034816742
98,0.004579303320497274,0.052201222628355026,0.004579303320497274,0.0676705464720726,0.0045393346808850765,0.049245454370975494,0.0045393346808850765,0.067374587059021
99,0.004569395910948515,0.05241568014025688,0.004569395910948515,0.06759730726480484,0.0043993438594043255,0.04759242385625839,0.0043993438594043255,0.0663275495171547
100,0.004551384132355452,0.05205552652478218,0.004551384132355452,0.0674639493227005,0.004396107513457537,0.04756862670183182,0.004396107513457537,0.06630314886569977
101,0.0045831757597625256,0.05266328901052475,0.0045831757597625256,0.06769915670156479,0.00441988417878747,0.04785798862576485,0.00441988417878747,0.06648220866918564
102,0.004540461115539074,0.05183350294828415,0.004540461115539074,0.06738294661045074,0.004313597455620766,0.04645995423197746,0.004313597455620766,0.06567798554897308
103,0.004570253659039736,0.05122464522719383,0.004570253659039736,0.06760364770889282,0.004299708642065525,0.046266671270132065,0.004299708642065525,0.06557216495275497
104,0.004515703767538071,0.05192731320858002,0.004515703767538071,0.0671989843249321,0.004494728520512581,0.04857030138373375,0.004494728520512581,0.06704273819923401
105,0.004528793506324291,0.05205026641488075,0.004528793506324291,0.06729631125926971,0.004272371996194124,0.04593881219625473,0.004272371996194124,0.06536338478326797
106,0.00451098894700408,0.05154450982809067,0.00451098894700408,0.06716389209032059,0.004348087590187788,0.04692317172884941,0.004348087590187788,0.06594002991914749
107,0.0044738734140992165,0.051528450101614,0.0044738734140992165,0.0668870210647583,0.00433272123336792,0.04667258262634277,0.00433272123336792,0.06582340598106384
108,0.004458732437342405,0.050952911376953125,0.004458732437342405,0.06677374243736267,0.004298077430576086,0.04629172012209892,0.004298077430576086,0.06555972993373871
109,0.004455282352864742,0.05112019181251526,0.004455282352864742,0.06674790382385254,0.004373422358185053,0.04719839245080948,0.004373422358185053,0.06613185256719589
110,0.00443628616631031,0.05127522349357605,0.00443628616631031,0.06660544872283936,0.004317785147577524,0.04652513563632965,0.004317785147577524,0.06570985913276672
111,0.004438474774360657,0.050661180168390274,0.004438474774360657,0.06662187725305557,0.004236842039972544,0.045468080788850784,0.004236842039972544,0.06509102880954742
112,0.004435498267412186,0.051134977489709854,0.004435498267412186,0.0665995329618454,0.004458756651729345,0.04798264056444168,0.004458756651729345,0.0667739287018776
113,0.004401526413857937,0.051018763333559036,0.004401526413857937,0.0663440003991127,0.0042235818691551685,0.04528291895985603,0.0042235818691551685,0.06498908996582031
114,0.004413125570863485,0.05076378956437111,0.004413125570863485,0.06643135845661163,0.004284179303795099,0.0460817851126194,0.004284179303795099,0.06545364111661911
115,0.004377999342978001,0.05043903738260269,0.004377999342978001,0.066166453063488,0.004263496957719326,0.045768920332193375,0.004263496957719326,0.06529546529054642
116,0.004415007308125496,0.0512404590845108,0.004415007308125496,0.06644552201032639,0.004374455660581589,0.046963028609752655,0.004374455660581589,0.06613966822624207
117,0.004353866446763277,0.05057745799422264,0.004353866446763277,0.0659838318824768,0.004150217864662409,0.04423627629876137,0.004150217864662409,0.06442218273878098
118,0.004385516978800297,0.04974586144089699,0.004385516978800297,0.06622323393821716,0.004216696135699749,0.045168377459049225,0.004216696135699749,0.0649360939860344
119,0.004384747706353664,0.05106788128614426,0.004384747706353664,0.06621742993593216,0.004433709662407637,0.04757017642259598,0.004433709662407637,0.06658610701560974
120,0.0043886820785701275,0.050116151571273804,0.0043886820785701275,0.0662471279501915,0.004133930895477533,0.0440371036529541,0.004133930895477533,0.06429564952850342
121,0.004339928273111582,0.04997560754418373,0.004339928273111582,0.06587813049554825,0.004347037523984909,0.04664553701877594,0.004347037523984909,0.06593206524848938
122,0.004333697725087404,0.05071830749511719,0.004333697725087404,0.06583082675933838,0.0042999666184186935,0.04615854099392891,0.0042999666184186935,0.06557413190603256
123,0.004349512048065662,0.04968183487653732,0.004349512048065662,0.06595083326101303,0.004146284889429808,0.04421839863061905,0.004146284889429808,0.06439165025949478
124,0.004317871294915676,0.04964204505085945,0.004317871294915676,0.06571051478385925,0.004370257258415222,0.04680498689413071,0.004370257258415222,0.06610792130231857
125,0.004333866760134697,0.050724588334560394,0.004333866760134697,0.06583211570978165,0.0042510987259447575,0.04550779238343239,0.0042510987259447575,0.06520044803619385
126,0.00429881177842617,0.049722764641046524,0.00429881177842617,0.065565325319767,0.004178049974143505,0.044615957885980606,0.004178049974143505,0.06463783979415894
127,0.004287436604499817,0.04964003339409828,0.004287436604499817,0.06547851860523224,0.004366009961813688,0.04675009101629257,0.004366009961813688,0.06607577949762344
128,0.004281995818018913,0.04996632784605026,0.004281995818018913,0.0654369592666626,0.004234150052070618,0.045324817299842834,0.004234150052070618,0.06507034599781036
129,0.0042715067975223064,0.049360763281583786,0.0042715067975223064,0.0653567686676979,0.004212831612676382,0.04506668448448181,0.004212831612676382,0.06490633636713028
130,0.0042664892971515656,0.049932390451431274,0.0042664892971515656,0.06531836837530136,0.004287221003323793,0.04580969363451004,0.004287221003323793,0.06547687947750092
131,0.004301402252167463,0.04952866584062576,0.004301402252167463,0.06558507680892944,0.004122926387935877,0.04384354501962662,0.004122926387935877,0.06421001255512238
132,0.004288782365620136,0.05034533143043518,0.004288782365620136,0.0654887929558754,0.004427126608788967,0.04721877723932266,0.004427126608788967,0.06653665751218796
133,0.004246465861797333,0.049259696155786514,0.00424646632745862,0.06516491621732712,0.0040771737694740295,0.04295297712087631,0.0040771737694740295,0.06385275721549988
134,0.004245240241289139,0.04904463142156601,0.004245240241289139,0.0651555061340332,0.004248297773301601,0.04533473402261734,0.004248297773301601,0.06517896056175232
135,0.004232299979776144,0.049458544701337814,0.004232299979776144,0.06505613029003143,0.004269551485776901,0.04555476829409599,0.004269551485776901,0.06534180790185928
136,0.004215838387608528,0.04944731667637825,0.004215838387608528,0.06492948532104492,0.004215150605887175,0.04498078674077988,0.004215150605887175,0.0649241954088211
137,0.004262078553438187,0.04882549121975899,0.004262078553438187,0.0652845948934555,0.004154483787715435,0.04422789067029953,0.004154483787715435,0.06445528566837311
138,0.0042574782855808735,0.0500628687441349,0.0042574782855808735,0.06524935364723206,0.004332432057708502,0.04610292986035347,0.004332432057708502,0.06582121551036835
139,0.004206521902233362,0.048973649740219116,0.004206521902233362,0.06485770642757416,0.004103283863514662,0.04338843747973442,0.004103283863514662,0.0640568807721138
140,0.004223014693707228,0.04877583682537079,0.004223014693707228,0.06498472392559052,0.0041421218775212765,0.043989501893520355,0.0041421218775212765,0.06435932219028473
141,0.004189254716038704,0.04894871264696121,0.004189254716038704,0.06472445279359818,0.004232528619468212,0.04504930600523949,0.004232528619468212,0.06505788862705231
142,0.0042317574843764305,0.04897642880678177,0.0042317574843764305,0.06505195796489716,0.004170537460595369,0.04432613030076027,0.004170537460595369,0.06457969546318054
143,0.004206684418022633,0.04951677471399307,0.004206684418022633,0.06485895812511444,0.004233349114656448,0.044983480125665665,0.004233349114656448,0.0650641918182373
144,0.004198383539915085,0.04878643527626991,0.004198383539915085,0.06479493528604507,0.004108038730919361,0.04339054226875305,0.004108038730919361,0.06409399211406708
145,0.004180862568318844,0.04901094734668732,0.004180862568318844,0.06465958803892136,0.004274886101484299,0.04537350684404373,0.004274886101484299,0.06538261473178864
146,0.0042083729058504105,0.048667170107364655,0.0042083729058504105,0.06487197428941727,0.004122375976294279,0.04357648268342018,0.004122375976294279,0.06420572847127914
147,0.0041443766094744205,0.048636242747306824,0.0041443766094744205,0.0643768310546875,0.004295902792364359,0.04556747153401375,0.004295902792364359,0.06554313749074936
148,0.004239390604197979,0.04996207356452942,0.004239390604197979,0.06511060148477554,0.004110604990273714,0.043355174362659454,0.004110604990273714,0.06411399692296982
149,0.00451289676129818,0.04931751638650894,0.00451289676129818,0.06717810034751892,0.00413573207333684,0.04371831566095352,0.00413573207333684,0.06430966407060623
150,0.004496003035455942,0.052499353885650635,0.004496003035455942,0.06705223768949509,0.00444118632003665,0.04696499928832054,0.00444118632003665,0.06664222478866577
151,0.004389219917356968,0.048651766031980515,0.004389219917356968,0.06625118851661682,0.004044803790748119,0.041118089109659195,0.004044803790748119,0.06359877437353134
152,0.004192723426967859,0.04894329234957695,0.004192723426967859,0.06475124508142471,0.004576677456498146,0.04819914698600769,0.004576677456498146,0.06765114516019821
153,0.0042056371457874775,0.049140460789203644,0.0042056371457874775,0.06485088169574738,0.004098101053386927,0.04306168481707573,0.004098101053386927,0.06401640921831131
154,0.004174550995230675,0.04791594296693802,0.004174550995230675,0.06461076438426971,0.00420788349583745,0.04455947503447533,0.00420788349583745,0.06486820429563522
155,0.004156243056058884,0.049113016575574875,0.004156243056058884,0.06446892768144608,0.004210720304399729,0.044578079134225845,0.004210720304399729,0.0648900642991066
156,0.0041235522367060184,0.04782918840646744,0.0041235522367060184,0.06421489268541336,0.004056228324770927,0.04203150421380997,0.004056228324770927,0.06368852406740189
157,0.004179132170975208,0.048249252140522,0.004179132170975208,0.06464620679616928,0.004247279372066259,0.04493512213230133,0.004247279372066259,0.06517115235328674
158,0.004123252350836992,0.04806701838970184,0.004123252350836992,0.06421255320310593,0.00408866535872221,0.042763542383909225,0.00408866535872221,0.06394267082214355
159,0.004116874188184738,0.04785909503698349,0.004116874188184738,0.06416287273168564,0.004219934809952974,0.04460718482732773,0.004219934809952974,0.0649610236287117
160,0.004142978694289923,0.04862441122531891,0.004142978694289923,0.06436597555875778,0.004145142622292042,0.04366118833422661,0.004145142622292042,0.06438278406858444
161,0.004148103296756744,0.04781221225857735,0.004148103296756744,0.06440576910972595,0.004150071181356907,0.0437089167535305,0.004150071181356907,0.06442104279994965
162,0.004108950030058622,0.048666298389434814,0.004108950030058622,0.06410109251737595,0.004257545340806246,0.04500873014330864,0.004257545340806246,0.06524986773729324
163,0.004120903555303812,0.048143740743398666,0.004120903555303812,0.06419426202774048,0.004095189739018679,0.042763933539390564,0.004095189739018679,0.0639936700463295
164,0.004125721752643585,0.04805436730384827,0.004125721752643585,0.06423177570104599,0.004225074779242277,0.04462149366736412,0.004225074779242277,0.06500057131052017
165,0.004112571943551302,0.04807581007480621,0.004112571943551302,0.06412933766841888,0.004118303302675486,0.043115828186273575,0.004118303302675486,0.06417401134967804
166,0.004086763132363558,0.04783790931105614,0.004086763132363558,0.0639277994632721,0.004238070920109749,0.04473048821091652,0.004238070920109749,0.06510046869516373
167,0.004104130901396275,0.04825250431895256,0.004104130901396275,0.06406348943710327,0.004118801094591618,0.04309188574552536,0.004118801094591618,0.06417788565158844
168,0.004100017249584198,0.04788005352020264,0.004100017249584198,0.06403137743473053,0.004138119984418154,0.0433778278529644,0.004138119984418154,0.06432822346687317
169,0.004098312463611364,0.04804585874080658,0.004098312463611364,0.06401805579662323,0.004145356826484203,0.04346901923418045,0.004145356826484203,0.06438444554805756
170,0.004094516858458519,0.04743238911032677,0.004094516858458519,0.06398840993642807,0.004132675938308239,0.04327214136719704,0.004132675938308239,0.06428588926792145
171,0.004157321993261576,0.04914958402514458,0.004157321993261576,0.06447730213403702,0.0042187063954770565,0.04447057470679283,0.0042187063954770565,0.0649515688419342
172,0.004094304051250219,0.0473129078745842,0.004094304051250219,0.06398674845695496,0.0040916455909609795,0.04236933961510658,0.0040916455909609795,0.06396596878767014
173,0.004071387927979231,0.047299616038799286,0.004071387927979231,0.0638074278831482,0.004293047357350588,0.045231252908706665,0.004293047357350588,0.06552135199308395
174,0.004095025826245546,0.04822373390197754,0.004095025826245546,0.06399239599704742,0.004161786753684282,0.04358907416462898,0.004161786753684282,0.06451191753149033
175,0.004124322906136513,0.04845787212252617,0.004124322906136513,0.06422089040279388,0.004161863122135401,0.04367947578430176,0.004161863122135401,0.06451250612735748
176,0.004124130588024855,0.047305647283792496,0.004124130588024855,0.0642194002866745,0.004112861584872007,0.04287925362586975,0.004112861584872007,0.06413160264492035
177,0.004093165509402752,0.04792633652687073,0.004093165509402752,0.06397785246372223,0.0042491089552640915,0.044745590537786484,0.0042491089552640915,0.06518518179655075
178,0.004073015879839659,0.04722864553332329,0.004073015879839659,0.06382018327713013,0.004099698271602392,0.04242030531167984,0.004099698271602392,0.06402888894081116
179,0.004073499236255884,0.04720625281333923,0.004073499236255884,0.06382396817207336,0.004343327600508928,0.04571600630879402,0.004343327600508928,0.0659039318561554
180,0.0040841856971383095,0.048180606216192245,0.0040841856971383095,0.06390763819217682,0.004189628642052412,0.04397254064679146,0.004189628642052412,0.06472734361886978
181,0.004197333939373493,0.047476090490818024,0.004197333939373493,0.06478683650493622,0.004113443661481142,0.04277917742729187,0.004113443661481142,0.06413613259792328
182,0.004268004093319178,0.050350889563560486,0.004268004093319178,0.06532996147871017,0.004353001248091459,0.045820701867341995,0.004353001248091459,0.06597727537155151
183,0.004139760043472052,0.047272685915231705,0.004139760043472052,0.06434096395969391,0.004069649148732424,0.0413421168923378,0.004069649148732424,0.06379380077123642
184,0.004188695456832647,0.04848118871450424,0.004188695456832647,0.06472013145685196,0.00444399518892169,0.04665941745042801,0.00444399518892169,0.06666329503059387
185,0.0040507083758711815,0.04738467186689377,0.0040507083758711815,0.06364517658948898,0.004072512034326792,0.04122085124254227,0.004072512034326792,0.06381623446941376
186,0.0041356515139341354,0.04717307910323143,0.0041356515139341354,0.0643090307712555,0.004321421030908823,0.04547438398003578,0.004321421030908823,0.0657375156879425
187,0.004094682168215513,0.04777063429355621,0.004094682168215513,0.06398969888687134,0.004106994718313217,0.04246843606233597,0.004106994718313217,0.06408584117889404
188,0.004132455214858055,0.04832062870264053,0.004132455214858055,0.06428417563438416,0.004163357429206371,0.04345833137631416,0.004163357429206371,0.0645240768790245
189,0.004039982799440622,0.047244492918252945,0.004039982799440622,0.0635608583688736,0.004109300673007965,0.04239490628242493,0.004109300673007965,0.06410382688045502
190,0.004073557909578085,0.04674455150961876,0.004073557909578085,0.06382443010807037,0.004153946880251169,0.04328717663884163,0.004153946880251169,0.06445112079381943
191,0.004133656620979309,0.04873672127723694,0.004133656620979309,0.0642935186624527,0.004245112184435129,0.04452740028500557,0.004245112184435129,0.06515452265739441
192,0.004025111440569162,0.04669196903705597,0.004025111440569162,0.06344376504421234,0.004091382957994938,0.0418461337685585,0.004091382957994938,0.06396391987800598
193,0.004066851921379566,0.04706929624080658,0.004066851921379566,0.06377187371253967,0.004211121704429388,0.04413498565554619,0.004211121704429388,0.06489315629005432
194,0.004032324068248272,0.04724346101284027,0.004032324068248272,0.06350058317184448,0.00411990424618125,0.04255330562591553,0.00411990424618125,0.06418648362159729
195,0.004045311361551285,0.046724408864974976,0.004045311361551285,0.0636027604341507,0.004200998693704605,0.0439651720225811,0.004200998693704605,0.06481511145830154
196,0.004035047255456448,0.0475987084209919,0.004035047255456448,0.06352202594280243,0.004251709673553705,0.04455149546265602,0.004251709673553705,0.06520514190196991
197,0.004055939149111509,0.04795369133353233,0.004055939149111509,0.06368625909090042,0.004129793494939804,0.042576298117637634,0.004129793494939804,0.0642634704709053
198,0.00407525897026062,0.046776194125413895,0.00407525897026062,0.06383775174617767,0.004141667392104864,0.042942747473716736,0.004141667392104864,0.06435579061508179
199,0.004129079170525074,0.0486285574734211,0.004129079170525074,0.06425791233778,0.004190681502223015,0.04376755654811859,0.004190681502223015,0.06473547965288162
200,0.004083220846951008,0.04694540426135063,0.004083220846951008,0.06390008330345154,0.004129545763134956,0.042606741189956665,0.004129545763134956,0.0642615482211113
201,0.00411687046289444,0.048301342874765396,0.00411687046289444,0.06416285037994385,0.004223357420414686,0.04419046267867088,0.004223357420414686,0.06498736143112183
202,0.004115872550755739,0.0470125712454319,0.004115872550755739,0.06415506452322006,0.004101376049220562,0.04182208329439163,0.004101376049220562,0.06404198706150055
203,0.0040334975346922874,0.047504667192697525,0.0040334975346922874,0.06350982189178467,0.004365366417914629,0.04583513364195824,0.004365366417914629,0.06607092171907425
204,0.004096629098057747,0.04758071526885033,0.004096629098057747,0.06400492042303085,0.004173689987510443,0.04327504336833954,0.004173689987510443,0.06460410356521606
205,0.0040154787711799145,0.04713929817080498,0.0040154787711799145,0.0633677989244461,0.004242637660354376,0.04439026862382889,0.004242637660354376,0.06513553112745285
206,0.0041076927445828915,0.04707757383584976,0.0041076927445828915,0.0640912875533104,0.004147952888160944,0.042901571840047836,0.004147952888160944,0.06440459936857224
207,0.004065312910825014,0.04834460839629173,0.004065312910825014,0.06375980377197266,0.004341854248195887,0.04552564397454262,0.004341854248195887,0.06589274853467941
208,0.004053547512739897,0.04722820594906807,0.004053547512739897,0.06366747617721558,0.00410111527889967,0.04143500700592995,0.00410111527889967,0.06403995305299759
209,0.0041214763186872005,0.04770761355757713,0.0041214763186872005,0.06419873237609863,0.00428894953802228,0.04491272196173668,0.00428894953802228,0.06549007445573807
210,0.004012711346149445,0.046815063804388046,0.004012711346149445,0.06334596872329712,0.00411513727158308,0.042114175856113434,0.00411513727158308,0.06414933502674103
211,0.004013742320239544,0.04690203443169594,0.004013742320239544,0.06335410475730896,0.004258489236235619,0.044572435319423676,0.004258489236235619,0.06525710225105286
212,0.00403188681229949,0.04715011641383171,0.00403188681229949,0.0634971410036087,0.004158563446253538,0.0429099015891552,0.004158563446253538,0.06448692828416824
213,0.004035210702568293,0.047462280839681625,0.004035210702568293,0.0635233074426651,0.004181985277682543,0.043434690684080124,0.004181985277682543,0.06466827541589737
214,0.004010997246950865,0.046716321259737015,0.004010997246950865,0.06333243101835251,0.004172350745648146,0.043246254324913025,0.004172350745648146,0.06459373980760574
215,0.004072774667292833,0.04805271327495575,0.004072774667292833,0.06381829082965851,0.004262716043740511,0.04452132061123848,0.004262716043740511,0.06528947502374649
216,0.004114554729312658,0.046745121479034424,0.004114554729312658,0.0641447976231575,0.004112315364181995,0.04183370620012283,0.004112315364181995,0.06412733346223831
217,0.004205046687275171,0.04912257567048073,0.004205046687275171,0.06484632939100266,0.0043547977693378925,0.045596517622470856,0.0043547977693378925,0.06599089503288269
218,0.004107187036424875,0.04676676541566849,0.004107187036424875,0.06408733874559402,0.004120861180126667,0.041780441999435425,0.004120861180126667,0.06419393420219421
219,0.004163417499512434,0.04831366986036301,0.004163417499512434,0.06452454626560211,0.004272966179996729,0.04470270499587059,0.004272966179996729,0.0653679296374321
220,0.004036095924675465,0.04670143127441406,0.004036095924675465,0.06353027373552322,0.0041146972216665745,0.04169051721692085,0.0041146972216665745,0.06414590775966644
221,0.004023751709610224,0.04724203050136566,0.004023751709610224,0.06343305110931396,0.004358362872153521,0.04567354544997215,0.004358362872153521,0.06601790338754654
222,0.004000931978225708,0.047012679278850555,0.004000931978225708,0.06325291842222214,0.004123358521610498,0.04194428026676178,0.004123358521610498,0.06421338021755219
223,0.004013493657112122,0.04666638746857643,0.004013493657112122,0.06335214525461197,0.004250041674822569,0.04429151117801666,0.004250041674822569,0.0651923418045044
224,0.004044377710670233,0.046793509274721146,0.004044377710670233,0.06359542161226273,0.00424045929685235,0.04425022751092911,0.00424045929685235,0.06511881202459335
225,0.00405411422252655,0.04775763303041458,0.00405411422252655,0.06367192417383194,0.004164814483374357,0.042909421026706696,0.004164814483374357,0.06453537195920944
226,0.004029071424156427,0.04679463431239128,0.004029071424156427,0.06347496807575226,0.00425629923120141,0.04433666542172432,0.00425629923120141,0.06524030864238739
227,0.004036574624478817,0.046612776815891266,0.004036574624478817,0.06353404372930527,0.0042040990665555,0.04366609826683998,0.0042040990665555,0.06483902782201767
228,0.004007452167570591,0.04721265658736229,0.004007452167570591,0.06330443918704987,0.00420394679531455,0.0435364656150341,0.00420394679531455,0.06483785063028336
229,0.0040266383439302444,0.04658849909901619,0.0040266383439302444,0.06345579773187637,0.004198294598609209,0.043527375906705856,0.004198294598609209,0.06479424238204956
230,0.004000319633632898,0.04690631479024887,0.004000319633632898,0.06324808299541473,0.004273042548447847,0.044655803591012955,0.004273042548447847,0.06536851078271866
231,0.004099292680621147,0.048548776656389236,0.004099292680621147,0.06402572244405746,0.004224041011184454,0.04378179833292961,0.004224041011184454,0.06499262154102325
232,0.0041400231420993805,0.04653964191675186,0.0041400231420993805,0.06434301286935806,0.004156226757913828,0.04237447679042816,0.004156226757913828,0.06446880102157593
233,0.003970377612859011,0.047006815671920776,0.003970377612859011,0.06301093101501465,0.004469433333724737,0.046872664242982864,0.004469433333724737,0.06685382127761841
234,0.003965221345424652,0.047309473156929016,0.003965221345424652,0.06297000497579575,0.004124396946281195,0.04157448187470436,0.004124396946281195,0.06422147154808044
235,0.0040979571640491486,0.04633190110325813,0.0040979571640491486,0.06401529163122177,0.004227218218147755,0.043985895812511444,0.004227218218147755,0.06501705944538116
236,0.0040406761690974236,0.048034943640232086,0.0040406761690974236,0.06356631219387054,0.004294034093618393,0.044813405722379684,0.004294034093618393,0.06552887707948685
237,0.003969842102378607,0.046703532338142395,0.003969842102378607,0.0630066841840744,0.004173825494945049,0.04285255819559097,0.004173825494945049,0.06460515409708023
238,0.004002343397587538,0.046622756868600845,0.004002343397587538,0.06326407939195633,0.004196708556264639,0.04339001700282097,0.004196708556264639,0.06478200852870941
239,0.003996870014816523,0.04643768072128296,0.003996870014816523,0.0632208064198494,0.0042791119776666164,0.044669654220342636,0.0042791119776666164,0.0654149204492569
240,0.0040248120203614235,0.04771960899233818,0.0040248120203614235,0.06344140321016312,0.00423598475754261,0.044031210243701935,0.00423598475754261,0.06508444249629974
241,0.004011770710349083,0.04624411091208458,0.004011770710349083,0.06333854049444199,0.004213692620396614,0.04350833222270012,0.004213692620396614,0.06491295993328094
242,0.004010086879134178,0.04738754779100418,0.004010086879134178,0.06332524865865707,0.004290577955543995,0.044733282178640366,0.004290577955543995,0.06550250202417374
243,0.004000342916697264,0.04642805829644203,0.004000342916697264,0.06324826180934906,0.004172805696725845,0.04287607595324516,0.004172805696725845,0.06459725648164749
244,0.003960727714002132,0.04624832421541214,0.003960727714002132,0.06293430924415588,0.0044111828319728374,0.04614262655377388,0.0044111828319728374,0.06641673296689987
245,0.004112774971872568,0.048202648758888245,0.004112774971872568,0.06413091719150543,0.004143893253058195,0.04217924177646637,0.004143893253058195,0.06437307596206665
246,0.003979709930717945,0.04613874480128288,0.003979709930717945,0.06308494508266449,0.0042798868380486965,0.04459388181567192,0.0042798868380486965,0.06542084366083145
247,0.0040522376075387,0.04802033305168152,0.0040522376075387,0.06365718692541122,0.004200647585093975,0.043131113052368164,0.004200647585093975,0.06481239944696426
248,0.004007883835583925,0.0460788868367672,0.004007883835583925,0.06330785155296326,0.004175309091806412,0.04271639510989189,0.004175309091806412,0.0646166279911995
249,0.004217300098389387,0.04945284500718117,0.004217300098389387,0.06494075059890747,0.004310759715735912,0.04491075873374939,0.004310759715735912,0.065656378865242
250,0.0042225681245327,0.04724109545350075,0.0042225681245327,0.06498128920793533,0.004154385067522526,0.042180102318525314,0.004154385067522526,0.06445451825857162
251,0.003978234250098467,0.04701043665409088,0.003978234250098467,0.06307324022054672,0.004405395593494177,0.04617256298661232,0.004405395593494177,0.06637314707040787
252,0.0039644064381718636,0.04685270041227341,0.0039644064381718636,0.06296353787183762,0.004159396979957819,0.042361170053482056,0.004159396979957819,0.06449338793754578
253,0.003988801967352629,0.046096935868263245,0.003988801967352629,0.06315696239471436,0.0042332736775279045,0.04386525973677635,0.0042332736775279045,0.06506361067295074
254,0.0040173036977648735,0.047411590814590454,0.0040173036977648735,0.06338220089673996,0.004213716834783554,0.043532248586416245,0.004213716834783554,0.06491314619779587
255,0.003985829185694456,0.04646677523851395,0.003985829185694456,0.06313342601060867,0.004173835273832083,0.04253298416733742,0.004173835273832083,0.0646052286028862
256,0.003979106899350882,0.046357106417417526,0.003979106899350882,0.06308016180992126,0.004222481977194548,0.04377901181578636,0.004222481977194548,0.06498062610626221
257,0.004005090799182653,0.04716840758919716,0.004005090799182653,0.06328579038381577,0.00428198603913188,0.044601958245038986,0.00428198603913188,0.06543688476085663
258,0.00403338810428977,0.04644466191530228,0.00403338810428977,0.06350895762443542,0.0041683088056743145,0.04257557913661003,0.0041683088056743145,0.06456243991851807
259,0.0039893751963973045,0.04695018380880356,0.0039893751963973045,0.06316149979829788,0.004484141245484352,0.046937502920627594,0.004484141245484352,0.06696372479200363
260,0.004181325901299715,0.04695510491728783,0.004181325901299715,0.06466317176818848,0.00417750608175993,0.042498718947172165,0.00417750608175993,0.06463363021612167
261,0.004141824785619974,0.04880896583199501,0.004141824785619974,0.06435701251029968,0.0043520377948880196,0.04534322768449783,0.0043520377948880196,0.06596997380256653
262,0.004017260856926441,0.0461345799267292,0.004017260856926441,0.0633818656206131,0.004175901412963867,0.0425451435148716,0.004175901412963867,0.0646212175488472
263,0.003948218189179897,0.045975055545568466,0.003948218189179897,0.06283485144376755,0.004373804200440645,0.045790474861860275,0.004373804200440645,0.0661347433924675
264,0.004012199118733406,0.04778788983821869,0.004012199118733406,0.06334192305803299,0.004262139089405537,0.044333022087812424,0.004262139089405537,0.06528505682945251
265,0.003952470608055592,0.046152208000421524,0.003952470608055592,0.06286867707967758,0.0041755191050469875,0.04245325177907944,0.0041755191050469875,0.06461825966835022
266,0.004012651741504669,0.04603513702750206,0.004012651741504669,0.06334549188613892,0.00441320426762104,0.04610464721918106,0.00441320426762104,0.06643195450305939
267,0.004012037068605423,0.04700837656855583,0.004012037068605423,0.06334064155817032,0.0042124479077756405,0.04337340593338013,0.0042124479077756405,0.0649033710360527
268,0.003993688151240349,0.04677502065896988,0.003993688151240349,0.06319563090801239,0.004254809580743313,0.04423192888498306,0.004254809580743313,0.0652289018034935
269,0.003976554609835148,0.04661797732114792,0.003976554609835148,0.06305993348360062,0.004184182733297348,0.04273812100291252,0.004184182733297348,0.06468525528907776
270,0.003968661185353994,0.04628341272473335,0.003968661185353994,0.06299731135368347,0.004320010542869568,0.044940005987882614,0.004320010542869568,0.06572678685188293
271,0.003982624504715204,0.04655572399497032,0.003982624504715204,0.06310804188251495,0.004261110909283161,0.04408653825521469,0.004261110909283161,0.06527718156576157
272,0.003951468039304018,0.04651839658617973,0.003951468039304018,0.06286069750785828,0.00425473740324378,0.04392394796013832,0.00425473740324378,0.06522835046052933
273,0.003983775619417429,0.04661749303340912,0.003983775619417429,0.06311715394258499,0.004257151857018471,0.044244490563869476,0.004257151857018471,0.06524685025215149
274,0.003986790776252747,0.046151719987392426,0.003986790776252747,0.06314104050397873,0.004229343496263027,0.04355769231915474,0.004229343496263027,0.06503340601921082
275,0.0040350742638111115,0.04752656817436218,0.0040350742638111115,0.06352223455905914,0.00424252450466156,0.04385380074381828,0.00424252450466156,0.06513466686010361
276,0.003945614211261272,0.0463021881878376,0.003945614211261272,0.0628141239285469,0.004201308358460665,0.04291157051920891,0.004201308358460665,0.06481750309467316
277,0.004029073752462864,0.046134281903505325,0.004029073752462864,0.06347498297691345,0.0042987726628780365,0.04470852017402649,0.0042987726628780365,0.06556502729654312
278,0.004135534167289734,0.04911459609866142,0.004135534167289734,0.06430812180042267,0.004311441909521818,0.04493420943617821,0.004311441909521818,0.06566156446933746
279,0.004083632957190275,0.04673720896244049,0.004083632957190275,0.06390330940485,0.004192417953163385,0.042672012001276016,0.004192417953163385,0.06474888324737549
280,0.0040909950621426105,0.04824681207537651,0.0040909950621426105,0.06396088749170303,0.0042869593016803265,0.04451790079474449,0.0042869593016803265,0.06547487527132034
281,0.0041697146371006966,0.046848002821207047,0.0041697146371006966,0.06457333266735077,0.00420938478782773,0.04317369684576988,0.00420938478782773,0.06487977504730225
282,0.0041387127712368965,0.04886377975344658,0.0041387127712368965,0.06433282792568207,0.004321404732763767,0.0451011024415493,0.004321404732763767,0.06573738902807236
283,0.003929369151592255,0.04640328884124756,0.003929369151592255,0.06268467754125595,0.0041677807457745075,0.04226056858897209,0.0041677807457745075,0.06455834954977036
284,0.0040199230425059795,0.04593650624155998,0.0040199230425059795,0.06340286135673523,0.004239582922309637,0.04381342977285385,0.004239582922309637,0.06511207669973373
285,0.003994118422269821,0.04749514162540436,0.003994118422269821,0.06319903582334518,0.00431073596701026,0.04486466571688652,0.00431073596701026,0.06565619260072708
286,0.003972085192799568,0.04628061130642891,0.003972085192799568,0.06302448362112045,0.004238024353981018,0.04370654746890068,0.004238024353981018,0.06510011106729507
287,0.003941020928323269,0.04608502984046936,0.003941020928323269,0.0627775490283966,0.004243026487529278,0.04389984533190727,0.004243026487529278,0.06513851881027222
288,0.003977399785071611,0.046718183904886246,0.003977399785071611,0.06306662410497665,0.00425726966932416,0.0441577322781086,0.00425726966932416,0.06524775922298431
289,0.003946809563785791,0.04617500305175781,0.003946809563785791,0.06282363831996918,0.004243801347911358,0.04374011233448982,0.004243801347911358,0.06514447182416916
290,0.003967989236116409,0.046280741691589355,0.003967989236116409,0.06299197673797607,0.004388384986668825,0.04572760686278343,0.004388384986668825,0.06624488532543182
291,0.00399467209354043,0.04700968414545059,0.00399467209354043,0.06320341676473618,0.004219816531985998,0.04346276447176933,0.004219816531985998,0.06496011465787888
292,0.004005849827080965,0.04689670354127884,0.004005849827080965,0.06329178065061569,0.0042106639593839645,0.04301252216100693,0.0042106639593839645,0.06488963216543198
293,0.004023066721856594,0.046040959656238556,0.004023066721856594,0.0634276494383812,0.0042757815681397915,0.04436556622385979,0.0042757815681397915,0.06538946181535721
294,0.004054824355989695,0.04823090136051178,0.004054824355989695,0.06367750465869904,0.004236374516040087,0.04381214454770088,0.004236374516040087,0.06508743762969971
295,0.00394476018846035,0.04604048654437065,0.00394476018846035,0.06280732899904251,0.004242405295372009,0.04370654746890068,0.004242405295372009,0.06513375043869019
296,0.00398969417437911,0.047051798552274704,0.00398969417437911,0.06316402554512024,0.0042603956535458565,0.04388456791639328,0.0042603956535458565,0.06527170538902283
297,0.003999297507107258,0.04636535048484802,0.003999297507107258,0.06323999911546707,0.004228625446557999,0.043535325676202774,0.004228625446557999,0.0650278851389885
298,0.003983550239354372,0.04605479910969734,0.003983550239354372,0.06311537325382233,0.004254275467246771,0.04408854618668556,0.004254275467246771,0.06522480398416519
299,0.003995633218437433,0.04645147919654846,0.003995633218437433,0.06321102380752563,0.004242928698658943,0.043854277580976486,0.004242928698658943,0.06513776630163193
300,0.004005436319857836,0.04745697230100632,0.004005436319857836,0.06328851729631424,0.004328846465796232,0.044919129461050034,0.004328846465796232,0.0657939687371254
301,0.004020347725600004,0.04632330685853958,0.004020347725600004,0.06340621411800385,0.004215447697788477,0.043160051107406616,0.004215447697788477,0.06492648273706436
302,0.003957315813750029,0.0465732105076313,0.003957315813750029,0.06290719658136368,0.0043167006224393845,0.045004431158304214,0.0043167006224393845,0.06570160388946533
303,0.003981378395110369,0.04622731730341911,0.003981378395110369,0.06309816241264343,0.004230088088661432,0.04337359592318535,0.004230088088661432,0.06503912806510925
304,0.003928195685148239,0.046136777848005295,0.003928195685148239,0.06267531961202621,0.004340318031609058,0.045220453292131424,0.004340318031609058,0.06588110327720642
305,0.0039516338147223,0.046598199754953384,0.0039516338147223,0.06286202371120453,0.0042776926420629025,0.044320475310087204,0.0042776926420629025,0.06540407240390778
306,0.004076212178915739,0.04783393442630768,0.004076212178915739,0.06384521722793579,0.00419849855825305,0.042488813400268555,0.00419849855825305,0.06479582190513611
307,0.004013038240373135,0.04597673937678337,0.004013038240373135,0.06334854662418365,0.0043192110024392605,0.04485899582505226,0.0043192110024392605,0.06572070717811584
308,0.0039456808008253574,0.04668230563402176,0.0039456808008253574,0.06281465291976929,0.0042451829649508,0.04392969608306885,0.0042451829649508,0.06515506654977798
309,0.00397921958938241,0.04592480510473251,0.00397921958938241,0.0630810558795929,0.0042436011135578156,0.043619342148303986,0.0042436011135578156,0.0651429295539856
310,0.004094800911843777,0.04811432585120201,0.004094800911843777,0.06399063020944595,0.0042372276075184345,0.04341559484601021,0.0042372276075184345,0.065093994140625
311,0.004145699553191662,0.04655003175139427,0.004145699553191662,0.06438710540533066,0.0042842840775847435,0.044408757239580154,0.0042842840775847435,0.06545444577932358
312,0.0040075215511024,0.04740503057837486,0.0040075215511024,0.06330499053001404,0.00427702022716403,0.04429485648870468,0.00427702022716403,0.0653989240527153
313,0.003950255922973156,0.045974381268024445,0.003950255922973156,0.06285106390714645,0.004249636083841324,0.04378681257367134,0.004249636083841324,0.06518923491239548
314,0.003929462283849716,0.04608464613556862,0.003929462283849716,0.06268542259931564,0.004300309810787439,0.044614750891923904,0.004300309810787439,0.06557675451040268
315,0.0039679124020040035,0.0461525060236454,0.0039679124020040035,0.06299136579036713,0.004244421608746052,0.04376484453678131,0.004244421608746052,0.06514922529459
316,0.003950804006308317,0.0466834232211113,0.003950804006308317,0.06285542249679565,0.004259041510522366,0.04397182911634445,0.004259041510522366,0.06526132673025131
317,0.003943826537579298,0.045986358076334,0.003943826537579298,0.06279989331960678,0.004242169205099344,0.04353250190615654,0.004242169205099344,0.06513193994760513
318,0.0040054721757769585,0.04733992740511894,0.0040054721757769585,0.06328880041837692,0.004285390023142099,0.044315632432699203,0.004285390023142099,0.06546288728713989
319,0.00402440270408988,0.04599825665354729,0.00402440270408988,0.06343817710876465,0.004238746594637632,0.043650198727846146,0.004238746594637632,0.06510565429925919
320,0.0039314390160143375,0.046731848269701004,0.0039314390160143375,0.06270118802785873,0.004422403406351805,0.046231113374233246,0.004422403406351805,0.06650115549564362
321,0.004075715318322182,0.046287901699543,0.004075715318322182,0.0638413280248642,0.004208806902170181,0.0429505929350853,0.004208806902170181,0.06487531960010529
322,0.0041021015495061874,0.04840351641178131,0.0041021015495061874,0.06404764950275421,0.004347492940723896,0.04497520998120308,0.004347492940723896,0.06593552231788635
323,0.004122792277485132,0.046765632927417755,0.004122792277485132,0.0642089769244194,0.004218962509185076,0.04313241317868233,0.004218962509185076,0.06495353579521179
324,0.003956062253564596,0.047101132571697235,0.003956062253564596,0.06289723515510559,0.004498073365539312,0.04706824943423271,0.004498073365539312,0.06706767529249191
325,0.003905066754668951,0.04626584053039551,0.003905066754668951,0.06249053403735161,0.00418395921587944,0.042130108922719955,0.00418395921587944,0.06468353420495987
326,0.004139102529734373,0.04632945731282234,0.004139102529734373,0.06433586031198502,0.004422324243932962,0.046148303896188736,0.004422324243932962,0.06650055944919586
327,0.004083890002220869,0.04887032136321068,0.004083890002220869,0.06390531361103058,0.00431143119931221,0.044779058545827866,0.00431143119931221,0.0656614899635315
328,0.003910627216100693,0.045655664056539536,0.003910627216100693,0.06253501027822495,0.004211249761283398,0.04255093261599541,0.004211249761283398,0.06489413976669312
329,0.004000531975179911,0.046442802995443344,0.004000531975179911,0.06324975937604904,0.004392342176288366,0.04568272456526756,0.004392342176288366,0.0662747472524643
330,0.0040033720433712006,0.04628593474626541,0.0040033720433712006,0.06327220052480698,0.004204472992569208,0.04304399713873863,0.004204472992569208,0.06484191119670868
331,0.003987314645200968,0.047101739794015884,0.003987314645200968,0.06314519047737122,0.004332960117608309,0.04496445879340172,0.004332960117608309,0.06582522392272949
332,0.003990151919424534,0.04592345654964447,0.003990151919424534,0.06316764652729034,0.0042023793794214725,0.0426214225590229,0.0042023793794214725,0.06482575833797455
333,0.0040586176328361034,0.047763414680957794,0.0040586176328361034,0.06370727717876434,0.0043471334502100945,0.045179277658462524,0.0043471334502100945,0.06593279540538788
334,0.004143347032368183,0.046670302748680115,0.004143347032368183,0.064368836581707,0.004204584751278162,0.04285626858472824,0.004204584751278162,0.06484276801347733
335,0.004106522537767887,0.048631567507982254,0.004106522537767887,0.06408215314149857,0.004444662481546402,0.046473730355501175,0.004444662481546402,0.066668301820755
336,0.004366564564406872,0.04740715026855469,0.004366564564406872,0.0660799890756607,0.00418546749278903,0.04218166694045067,0.00418546749278903,0.06469518691301346
337,0.0042651635594666,0.04994085803627968,0.0042651635594666,0.06530822068452835,0.004460396245121956,0.04659084603190422,0.004460396245121956,0.06678619235754013
338,0.003978327848017216,0.04609426110982895,0.003978328313678503,0.06307399272918701,0.004196357447654009,0.0420319028198719,0.004196357447654009,0.06477929651737213
339,0.003962158225476742,0.04694467410445213,0.003962158225476742,0.06294567137956619,0.004502993542701006,0.04715114086866379,0.004502993542701006,0.06710434705018997
340,0.003948550671339035,0.04676739498972893,0.003948550671339035,0.06283749639987946,0.004199519753456116,0.042065974324941635,0.004199519753456116,0.06480370461940765
341,0.0039965324103832245,0.04564997926354408,0.0039965324103832245,0.0632181316614151,0.004419943783432245,0.04618142917752266,0.004419943783432245,0.06648265570402145
342,0.004264338407665491,0.05052103474736214,0.004264338407665491,0.06530190259218216,0.004233472980558872,0.04359835013747215,0.004233472980558872,0.06506514549255371
343,0.004113543778657913,0.04650675877928734,0.004113543778657913,0.06413691490888596,0.004230658058077097,0.04317048192024231,0.004230658058077097,0.06504350900650024
344,0.003962058573961258,0.04694240912795067,0.003962058573961258,0.06294488161802292,0.004487115889787674,0.046926867216825485,0.004487115889787674,0.06698593497276306
345,0.003922374453395605,0.046250928193330765,0.003922374453395605,0.0626288652420044,0.004195553716272116,0.04209224507212639,0.004195553716272116,0.06477309763431549
346,0.003951855935156345,0.045900795608758926,0.003951855935156345,0.0628637820482254,0.0043759276159107685,0.04571928083896637,0.0043759276159107685,0.06615079194307327
347,0.003924960270524025,0.04651565104722977,0.003924960270524025,0.06264950335025787,0.004246883559972048,0.0436776764690876,0.004246883559972048,0.0651681125164032
348,0.003940407186746597,0.04599316045641899,0.003940407186746597,0.06277266144752502,0.00428589154034853,0.04416956007480621,0.00428589154034853,0.06546672433614731
349,0.003913514316082001,0.04602521285414696,0.003913514316082001,0.06255809217691422,0.004266653209924698,0.04404037073254585,0.004266653209924698,0.06531962007284164
350,0.003919763956218958,0.04609959200024605,0.003919763956218958,0.0626080185174942,0.004269186407327652,0.04416656121611595,0.004269186407327652,0.06533901393413544
351,0.003927681595087051,0.045998528599739075,0.003927681595087051,0.0626712217926979,0.004279672633856535,0.044069480150938034,0.004279672633856535,0.06541920453310013
352,0.003929125610738993,0.0463370643556118,0.003929125610738993,0.06268274039030075,0.004246196243911982,0.043611422181129456,0.004246196243911982,0.06516284495592117
353,0.003933129366487265,0.04562859609723091,0.003933129366487265,0.06271467357873917,0.004246797878295183,0.043526340276002884,0.004246797878295183,0.06516745686531067
354,0.003908001352101564,0.0464029535651207,0.003908001352101564,0.06251400709152222,0.004358374048024416,0.04530276358127594,0.004358374048024416,0.0660179853439331
355,0.003923112526535988,0.04652532935142517,0.003923112526535988,0.06263475865125656,0.004209965467453003,0.04271190986037254,0.004209965467453003,0.0648842453956604
356,0.004054324701428413,0.0457337386906147,0.004054324701428413,0.06367357820272446,0.004339993465691805,0.045179933309555054,0.004339993465691805,0.06587862968444824
357,0.004014262463897467,0.04769600182771683,0.004014262463897467,0.06335820257663727,0.004292385187000036,0.04437577351927757,0.004292385187000036,0.06551630049943924
358,0.003935595043003559,0.046138666570186615,0.003935595043003559,0.06273432075977325,0.004223208874464035,0.042925167828798294,0.004223208874464035,0.0649862214922905
359,0.0039432719349861145,0.04580951854586601,0.0039432719349861145,0.0627954751253128,0.00443605100736022,0.04630829021334648,0.00443605100736022,0.06660368293523788
360,0.003992357291281223,0.04645935446023941,0.003992357291281223,0.06318510323762894,0.0042634205892682076,0.04392784461379051,0.0042634205892682076,0.06529487669467926
361,0.003960729576647282,0.04702136293053627,0.003960729576647282,0.06293432414531708,0.004307416267693043,0.04458474740386009,0.004307416267693043,0.06563091278076172
362,0.003928481135517359,0.04572635143995285,0.003928481135517359,0.06267759948968887,0.0042419335804879665,0.043309155851602554,0.0042419335804879665,0.06513012945652008
363,0.003965697251260281,0.04674097150564194,0.003965697251260281,0.06297378242015839,0.004259223584085703,0.043833985924720764,0.004259223584085703,0.06526272743940353
364,0.003937250468879938,0.046121995896101,0.003937250468879938,0.0627475157380104,0.004228214733302593,0.0431123822927475,0.004228214733302593,0.0650247260928154
365,0.003936358727514744,0.0457402728497982,0.003936358727514744,0.06274040788412094,0.004214297980070114,0.04287710040807724,0.004214297980070114,0.06491762399673462
366,0.003948322497308254,0.046260956674814224,0.003948322497308254,0.0628356784582138,0.00445913290604949,0.046454962342977524,0.00445913290604949,0.06677673757076263
367,0.003951383754611015,0.0465068556368351,0.003951383754611015,0.06286003440618515,0.004215166438370943,0.042702749371528625,0.004215166438370943,0.06492430716753006
368,0.003910345025360584,0.045709237456321716,0.003910345025360584,0.06253275275230408,0.004368344787508249,0.04527483880519867,0.004368344787508249,0.06609345227479935
369,0.003983648028224707,0.04610510542988777,0.003983648028224707,0.0631161481142044,0.0042516933754086494,0.043735820800065994,0.0042516933754086494,0.06520500779151917
370,0.003917341120541096,0.04657309874892235,0.003917341120541096,0.06258866935968399,0.00439609307795763,0.045769721269607544,0.00439609307795763,0.06630303710699081
371,0.003929938655346632,0.0463993176817894,0.003929938655346632,0.06268922239542007,0.004276817664504051,0.043791502714157104,0.004276817664504051,0.06539738178253174
372,0.003975562751293182,0.046334896236658096,0.003975562751293182,0.06305206567049026,0.004249074030667543,0.04357340559363365,0.004249074030667543,0.06518492102622986
373,0.00391671946272254,0.0458972342312336,0.00391671946272254,0.06258369982242584,0.004270394332706928,0.04399547725915909,0.004270394332706928,0.06534825265407562
374,0.0039005610160529613,0.045800045132637024,0.0039005610160529613,0.0624544732272625,0.004268856253474951,0.04383210465312004,0.004268856253474951,0.06533648818731308
375,0.003906682133674622,0.04562194645404816,0.003906682133674622,0.06250344961881638,0.004326765891164541,0.044806599617004395,0.004326765891164541,0.06577815860509872
376,0.0039530592039227486,0.04702308028936386,0.0039530592039227486,0.06287335604429245,0.0042943949811160564,0.04416193813085556,0.0042943949811160564,0.06553163379430771
377,0.003968053963035345,0.045808564871549606,0.003968053963035345,0.06299249827861786,0.004264803137630224,0.043748222291469574,0.004264803137630224,0.06530545651912689
378,0.0038912626914680004,0.046135738492012024,0.0038912626914680004,0.06237998604774475,0.004395683296024799,0.04570044204592705,0.004395683296024799,0.06629995256662369
379,0.003913752268999815,0.046600207686424255,0.003913752268999815,0.06255999207496643,0.004229017533361912,0.042939718812704086,0.004229017533361912,0.06503090262413025
380,0.003944167401641607,0.04574435204267502,0.003944167401641607,0.06280261278152466,0.004292467143386602,0.044078849256038666,0.004292467143386602,0.06551691889762878
381,0.00390965398401022,0.0461810901761055,0.00390965398401022,0.06252722442150116,0.004291731398552656,0.04427042230963707,0.004291731398552656,0.0655113086104393
382,0.003967386204749346,0.04617268592119217,0.003967386204749346,0.06298719346523285,0.004299683030694723,0.044153228402137756,0.004299683030694723,0.06557196378707886
383,0.0039361026138067245,0.0466986820101738,0.0039361026138067245,0.06273835897445679,0.004295376595109701,0.04433862119913101,0.004295376595109701,0.06553912162780762
384,0.003951964434236288,0.04565434157848358,0.003951964434236288,0.06286465376615524,0.004278380423784256,0.04395708814263344,0.004278380423784256,0.0654093325138092
385,0.003954471554607153,0.04688706994056702,0.003954471554607153,0.06288459151983261,0.0043090395629405975,0.04432571306824684,0.0043090395629405975,0.06564327329397202
386,0.004002545960247517,0.04560685157775879,0.004002545960247517,0.06326568126678467,0.004276524763554335,0.04401450231671333,0.004276524763554335,0.06539513915777206
387,0.003927618730813265,0.046696942299604416,0.003927618730813265,0.06267071515321732,0.004335078876465559,0.04484251141548157,0.004335078876465559,0.06584131717681885
388,0.003893597749993205,0.04582600295543671,0.003893597749993205,0.062398698180913925,0.004236984066665173,0.04296886920928955,0.004236984066665173,0.06509211659431458
389,0.00393648911267519,0.04586124047636986,0.003936489578336477,0.06274144351482391,0.004314252641052008,0.044614456593990326,0.004314252641052008,0.06568296998739243
390,0.003934022039175034,0.0464603416621685,0.003934022039175034,0.06272178143262863,0.004248106386512518,0.043553534895181656,0.004248106386512518,0.06517750024795532
391,0.0039030970074236393,0.04567411169409752,0.0039030970074236393,0.062474772334098816,0.004247788339853287,0.04319101199507713,0.004247788339853287,0.06517506390810013
392,0.003915802109986544,0.04600222036242485,0.003915802109986544,0.06257636845111847,0.004300445783883333,0.044132839888334274,0.004300445783883333,0.06557778269052505
393,0.0039152842946350574,0.045763708651065826,0.0039152842946350574,0.06257223337888718,0.004348072223365307,0.04498033598065376,0.004348072223365307,0.06593991070985794
394,0.003951750695705414,0.0471334308385849,0.003951750695705414,0.06286295503377914,0.004271021578460932,0.04382791742682457,0.004271021578460932,0.06535305082798004
395,0.003975199069827795,0.04562627524137497,0.003975199069827795,0.06304918229579926,0.004252334591001272,0.0435095876455307,0.004252334591001272,0.06520992517471313
396,0.003991080913692713,0.04699841886758804,0.003991080913692713,0.06317500025033951,0.0042803604155778885,0.04395531490445137,0.0042803604155778885,0.06542446464300156
397,0.0038991421461105347,0.04607091844081879,0.0038991421461105347,0.06244311109185219,0.004302895627915859,0.044150855392217636,0.004302895627915859,0.06559646129608154
398,0.0038977910298854113,0.045857761055231094,0.0038977910298854113,0.062432292848825455,0.004288934636861086,0.04414051026105881,0.004288934636861086,0.06548995524644852
399,0.003960657864809036,0.04576050862669945,0.003960657864809036,0.06293375790119171,0.0043629370629787445,0.045331306755542755,0.0043629370629787445,0.06605253368616104
400,0.003947988618165255,0.046629905700683594,0.003947988618165255,0.0628330186009407,0.004294994752854109,0.04411451891064644,0.004294994752854109,0.06553620845079422
401,0.003890161169692874,0.04581107199192047,0.003890161169692874,0.062371157109737396,0.004349736031144857,0.044903699308633804,0.004349736031144857,0.06595253199338913
402,0.003960210829973221,0.04636713117361069,0.003960210829973221,0.06293020397424698,0.0043690139427781105,0.04533476382493973,0.0043690139427781105,0.06609851866960526
403,0.003998251166194677,0.04611993953585625,0.003998251166194677,0.06323172897100449,0.00425192853435874,0.0434955395758152,0.00425192853435874,0.06520681083202362
404,0.0040235803462564945,0.04761248454451561,0.0040235803462564945,0.06343169510364532,0.004303460009396076,0.04413815587759018,0.004303460009396076,0.06560076028108597
405,0.0038992371410131454,0.045738980174064636,0.0038992371410131454,0.062443871051073074,0.004248769488185644,0.04282354563474655,0.004248769488185644,0.06518258154392242
406,0.003928089514374733,0.04558436945080757,0.003928089514374733,0.06267447024583817,0.004343217238783836,0.04495978355407715,0.004343217238783836,0.06590308994054794
407,0.0039003577549010515,0.04627668857574463,0.0039003577549010515,0.06245284527540207,0.0042526619508862495,0.043631263077259064,0.0042526619508862495,0.0652124360203743
408,0.003949504345655441,0.045566458255052567,0.003949504345655441,0.06284508854150772,0.0043349196203053,0.044821541756391525,0.0043349196203053,0.06584011018276215
409,0.003913073800504208,0.04660913348197937,0.003913073800504208,0.06255456060171127,0.004322797060012817,0.044515401124954224,0.004322797060012817,0.06574798375368118
410,0.003910758998245001,0.04580570384860039,0.003910758998245001,0.06253606826066971,0.004239188041538,0.04299836605787277,0.004239188041538,0.06510904431343079
411,0.003934368025511503,0.04658818617463112,0.003934368025511503,0.0627245381474495,0.004408533684909344,0.04579268395900726,0.004408533684909344,0.0663967877626419
412,0.003948042634874582,0.04582309350371361,0.003948042634874582,0.06283345073461533,0.004217707552015781,0.042686883360147476,0.004217707552015781,0.06494387984275818
413,0.004065989516675472,0.047822412103414536,0.004065989516675472,0.06376511603593826,0.004329234827309847,0.04447519779205322,0.004329234827309847,0.06579691916704178
414,0.0039847795851528645,0.0458427295088768,0.0039847795851528645,0.0631251111626625,0.0042536561377346516,0.0432664193212986,0.0042536561377346516,0.06522005796432495
415,0.003951515536755323,0.04673398658633232,0.003951515536755323,0.06286108493804932,0.00439419224858284,0.045677512884140015,0.00439419224858284,0.06628870218992233
416,0.003911733627319336,0.04575194790959358,0.003911733627319336,0.0625438541173935,0.004231890197843313,0.04285825043916702,0.004231890197843313,0.06505297869443893
417,0.003916196990758181,0.045992523431777954,0.003916196990758181,0.06257952749729156,0.004321659449487925,0.044554203748703,0.004321659449487925,0.06573932617902756
418,0.003894382854923606,0.04582624509930611,0.003894382854923606,0.06240499019622803,0.004286553710699081,0.04415741562843323,0.004286553710699081,0.06547177582979202
419,0.003970757592469454,0.045932166278362274,0.003970757592469454,0.0630139485001564,0.004332470707595348,0.044887520372867584,0.004332470707595348,0.06582150608301163
420,0.003914922475814819,0.04640627279877663,0.003914922475814819,0.06256934255361557,0.00435504037886858,0.04476415738463402,0.00435504037886858,0.06599273532629013
421,0.0039005710277706385,0.04575413465499878,0.0039005710277706385,0.062454551458358765,0.004299977328628302,0.0440642423927784,0.004299977328628302,0.06557421386241913
422,0.0038986890576779842,0.04588554427027702,0.0038986890576779842,0.062439486384391785,0.004313350189477205,0.04453253746032715,0.004313350189477205,0.06567610055208206
423,0.003902382915839553,0.04573636129498482,0.003902382915839553,0.06246905401349068,0.004216653294861317,0.042764823883771896,0.004216653294861317,0.06493576616048813
424,0.00395169435068965,0.045660097151994705,0.00395169435068965,0.06286250054836273,0.0044531868770718575,0.046368308365345,0.0044531868770718575,0.06673220545053482
425,0.003909194841980934,0.04647728055715561,0.003909194841980934,0.06252355128526688,0.004293033387511969,0.04390382766723633,0.004293033387511969,0.065521240234375
426,0.003907626029103994,0.045407477766275406,0.003907626029103994,0.06251100450754166,0.004326323978602886,0.04452073574066162,0.004326323978602886,0.06577479094266891
427,0.003916253801435232,0.04665909707546234,0.003916253801435232,0.06257998198270798,0.0043245963752269745,0.04448750615119934,0.0043245963752269745,0.06576166301965714
428,0.003997135907411575,0.04572131857275963,0.003997135907411575,0.06322290748357773,0.004297385457903147,0.04421821981668472,0.004297385457903147,0.06555444747209549
429,0.003903843928128481,0.0461827889084816,0.003903843928128481,0.06248074769973755,0.00430077500641346,0.04445735365152359,0.00430077500641346,0.06558029353618622
430,0.003914479166269302,0.046449318528175354,0.003914479166269302,0.06256580352783203,0.004256173502653837,0.043111931532621384,0.004256173502653837,0.06523935496807098
431,0.003992672543972731,0.046402253210544586,0.003992672543972731,0.0631875991821289,0.004439344629645348,0.046081025153398514,0.004439344629645348,0.06662840396165848
432,0.003956347703933716,0.04695282503962517,0.003956347703933716,0.06289950758218765,0.0042680250480771065,0.04352270066738129,0.0042680250480771065,0.0653301253914833
433,0.003886847523972392,0.04568660631775856,0.003886847523972392,0.062344588339328766,0.004330493044108152,0.04477052018046379,0.004330493044108152,0.06580647826194763
434,0.003892984939739108,0.04601113498210907,0.003892984939739108,0.06239379197359085,0.0042468588799238205,0.04317841678857803,0.0042468588799238205,0.06516792625188828
435,0.0038837597239762545,0.045822445303201675,0.0038837597239762545,0.062319815158843994,0.004373331554234028,0.04502779617905617,0.004373331554234028,0.06613116711378098
436,0.0038940918166190386,0.046335455030202866,0.0038940918166190386,0.06240266188979149,0.004254273604601622,0.043182700872421265,0.004254273604601622,0.0652247965335846
437,0.003936612978577614,0.04546106606721878,0.003936612978577614,0.0627424344420433,0.004322438966482878,0.04477865621447563,0.004322438966482878,0.06574525684118271
438,0.0039031044580042362,0.046451933681964874,0.0039031044580042362,0.06247483193874359,0.004310581833124161,0.04450942575931549,0.004310581833124161,0.06565502285957336
439,0.0039052003994584084,0.04548885300755501,0.0039052003994584084,0.06249160319566727,0.004277438391000032,0.04365847259759903,0.004277438391000032,0.06540212780237198
440,0.003948712721467018,0.046818241477012634,0.003948712721467018,0.06283878535032272,0.004324323032051325,0.044280435889959335,0.004324323032051325,0.0657595843076706
441,0.0038909553550183773,0.04552159830927849,0.0038909553550183773,0.06237751990556717,0.004225421231240034,0.0427536815404892,0.004225421231240034,0.06500323861837387
442,0.003902141470462084,0.04605773091316223,0.003902141470462084,0.062467124313116074,0.004320277366787195,0.044610317796468735,0.004320277366787195,0.0657288134098053
443,0.003975787200033665,0.04598245024681091,0.003975787200033665,0.06305384635925293,0.004370877984911203,0.04530196636915207,0.004370877984911203,0.06611262261867523
444,0.003907335922122002,0.046493303030729294,0.003907335922122002,0.06250868737697601,0.004322502762079239,0.04430929571390152,0.004322502762079239,0.0657457485795021
445,0.0038900740910321474,0.04562169313430786,0.0038900740910321474,0.062370460480451584,0.004271755926311016,0.04355967417359352,0.004271755926311016,0.06535866856575012
446,0.0038738783914595842,0.04573852941393852,0.0038738783914595842,0.06224048510193825,0.004326615482568741,0.04464055597782135,0.004326615482568741,0.0657770112156868
447,0.0038898377679288387,0.04612750560045242,0.0038898377679288387,0.06236856430768967,0.004326359834522009,0.04462757334113121,0.004326359834522009,0.065775066614151
448,0.003906272351741791,0.045418087393045425,0.003906272351741791,0.06250017881393433,0.004236982669681311,0.04289586469531059,0.004236982669681311,0.06509210914373398
449,0.003920786548405886,0.046481017023324966,0.003920786548405886,0.06261618435382843,0.004367672372609377,0.04507160559296608,0.004367672372609377,0.06608837097883224
450,0.0038618212565779686,0.04581819102168083,0.0038618212565779686,0.06214355677366257,0.004232012666761875,0.04248844087123871,0.004232012666761875,0.06505392491817474
451,0.0039128526113927364,0.045378249138593674,0.0039128526113927364,0.0625528022646904,0.00436452217400074,0.04521116986870766,0.00436452217400074,0.06606452912092209
452,0.003957509994506836,0.047133833169937134,0.003957509994506836,0.06290874630212784,0.004325886722654104,0.044655218720436096,0.004325886722654104,0.06577146798372269
453,0.0038843469228595495,0.04576798900961876,0.0038843469228595495,0.06232452765107155,0.004287481773644686,0.043515704572200775,0.004287481773644686,0.0654788687825203
454,0.003906380385160446,0.045468926429748535,0.003906380385160446,0.06250104308128357,0.004293074365705252,0.04411514848470688,0.004293074365705252,0.06552155315876007
455,0.003982383757829666,0.047701697796583176,0.003982383757829666,0.06310614198446274,0.004279665183275938,0.04388454183936119,0.004279665183275938,0.06541915237903595
456,0.004015377722680569,0.045793741941452026,0.004015377722680569,0.06336700171232224,0.004321391694247723,0.04462122917175293,0.004321391694247723,0.0657372921705246
457,0.003897592658177018,0.04650255665183067,0.003897592658177018,0.06243070214986801,0.004350179806351662,0.044793471693992615,0.004350179806351662,0.06595589965581894
458,0.003904379904270172,0.04562966525554657,0.003904379904270172,0.06248503923416138,0.004247329197824001,0.04295323044061661,0.004247329197824001,0.06517153978347778
459,0.003927398473024368,0.04635683447122574,0.003927398473024368,0.06266895681619644,0.004349901806563139,0.04497397318482399,0.004349901806563139,0.06595378369092941
460,0.003925738390535116,0.045262474566698074,0.003925738390535116,0.06265570968389511,0.004222357179969549,0.042444970458745956,0.004222357179969549,0.0649796649813652
461,0.003939379937946796,0.046587344259023666,0.003939379937946796,0.0627644807100296,0.004438991658389568,0.04597537964582443,0.004438991658389568,0.06662575900554657
462,0.003957369364798069,0.045622728765010834,0.003957369364798069,0.0629076287150383,0.004241325426846743,0.042678870260715485,0.004241325426846743,0.06512545794248581
463,0.00391193525865674,0.04657577723264694,0.00391193525865674,0.06254546344280243,0.004353485070168972,0.045092541724443436,0.004353485070168972,0.0659809410572052
464,0.0038764504715800285,0.045760419219732285,0.0038764504715800285,0.062261149287223816,0.004212469328194857,0.04210047423839569,0.004212469328194857,0.06490353494882584
465,0.003916044253855944,0.045652370899915695,0.003916044253855944,0.06257830560207367,0.004425789229571819,0.045870304107666016,0.004425789229571819,0.06652660667896271
466,0.003926007077097893,0.0464090034365654,0.003926007077097893,0.06265785545110703,0.004255921114236116,0.04273742809891701,0.004255921114236116,0.06523741781711578
467,0.0039727636612951756,0.046562518924474716,0.0039727636612951756,0.06302986294031143,0.004308242350816727,0.04424970597028732,0.004308242350816727,0.06563720107078552
468,0.00394633412361145,0.04549715667963028,0.00394633412361145,0.06281985342502594,0.004260319285094738,0.04364537075161934,0.004260319285094738,0.06527112424373627
469,0.003996931482106447,0.0473349429666996,0.003996931482106447,0.0632212832570076,0.004252967424690723,0.04316892474889755,0.004252967424690723,0.06521477550268173
470,0.003942203242331743,0.04542601853609085,0.003942203242331743,0.06278696656227112,0.004333408083766699,0.04435509070754051,0.004333408083766699,0.06582862883806229
471,0.003988489508628845,0.047411974519491196,0.003988489508628845,0.06315448880195618,0.004242889583110809,0.04270322993397713,0.004242889583110809,0.06513746082782745
472,0.004100143443793058,0.04655363783240318,0.004100143443793058,0.06403236091136932,0.004413117188960314,0.04582842066884041,0.004413117188960314,0.06643129140138626
473,0.003977791406214237,0.04603750258684158,0.003977791406214237,0.06306973844766617,0.004293810576200485,0.04413159564137459,0.004293810576200485,0.06552717089653015
474,0.00402230815961957,0.04764222726225853,0.00402230815961957,0.06342166662216187,0.004234740044921637,0.04282163828611374,0.004234740044921637,0.06507488340139389
475,0.0039001775439828634,0.045338451862335205,0.0039001775439828634,0.062451399862766266,0.004302917513996363,0.043981894850730896,0.004302917513996363,0.06559662520885468
476,0.003880597185343504,0.04610293731093407,0.003880597185343504,0.06229443848133087,0.0043326448649168015,0.04466280713677406,0.0043326448649168015,0.06582283228635788
477,0.0038837487809360027,0.04611341282725334,0.0038837487809360027,0.062319736927747726,0.004229152109473944,0.0425008125603199,0.004229152109473944,0.06503193080425262
478,0.0040058656595647335,0.04567650333046913,0.0040058656595647335,0.06329190731048584,0.004387818742543459,0.04535958915948868,0.004387818742543459,0.06624060869216919
479,0.003896096721291542,0.04635686054825783,0.003896096721291542,0.06241872161626816,0.004335027188062668,0.04447179660201073,0.004335027188062668,0.06584092229604721
480,0.003933159168809652,0.04577062651515007,0.003933159168809652,0.06271489709615707,0.004316096659749746,0.04452691972255707,0.004316096659749746,0.06569700688123703
481,0.003914575558155775,0.0461757518351078,0.003914575558155775,0.06256657093763351,0.0042387209832668304,0.04286925494670868,0.0042387209832668304,0.06510546058416367
482,0.0039045445155352354,0.04571171849966049,0.0039045445155352354,0.062486354261636734,0.004388879984617233,0.045252908021211624,0.004388879984617233,0.06624862551689148
483,0.003952332306653261,0.045728981494903564,0.003952332306653261,0.06286757439374924,0.004298264626413584,0.04413265734910965,0.004298264626413584,0.06556115299463272
484,0.003979935776442289,0.047176294028759,0.003979935776442289,0.06308672577142715,0.004344300366938114,0.04481906443834305,0.004344300366938114,0.06591130793094635
485,0.003868014784529805,0.04566551372408867,0.003868014784529805,0.0621933676302433,0.004294792655855417,0.04376796633005142,0.004294792655855417,0.06553467363119125
486,0.003924165852367878,0.04633815586566925,0.003924165852367878,0.06264316290616989,0.00427554827183485,0.0435391403734684,0.00427554827183485,0.06538767367601395
487,0.003946963232010603,0.04518188536167145,0.003946963232010603,0.06282486021518707,0.0042513394728302956,0.043083928525447845,0.0042513394728302956,0.06520229578018188
488,0.003909752704203129,0.04667894169688225,0.003909752704203129,0.06252801418304443,0.004453182220458984,0.046299852430820465,0.004453182220458984,0.06673216819763184
489,0.00390923535451293,0.04592060297727585,0.00390923535451293,0.06252387911081314,0.004212790634483099,0.041886571794748306,0.004212790634483099,0.06490600854158401
490,0.003944991156458855,0.04664129391312599,0.003944991156458855,0.06280916184186935,0.004362944047898054,0.044904448091983795,0.004362944047898054,0.06605258584022522
491,0.003894678084179759,0.045576490461826324,0.003894678084179759,0.06240735575556755,0.00430061062797904,0.043677449226379395,0.00430061062797904,0.06557904183864594
492,0.0039015181828290224,0.04618315026164055,0.0039015181828290224,0.062462128698825836,0.004337740130722523,0.04472416266798973,0.004337740130722523,0.0658615306019783
493,0.003850542474538088,0.04546954110264778,0.003850542474538088,0.062052734196186066,0.004217260051518679,0.041847310960292816,0.004217260051518679,0.0649404376745224
494,0.003957035019993782,0.04574945569038391,0.003957035019993782,0.0629049688577652,0.0043548475950956345,0.044900063425302505,0.0043548475950956345,0.06599127501249313
495,0.003847442101687193,0.045505624264478683,0.003847442101687193,0.06202775239944458,0.004261380527168512,0.04300433024764061,0.004261380527168512,0.06527925282716751
496,0.0038744891062378883,0.04554814472794533,0.0038744891062378883,0.06224539503455162,0.0043594734743237495,0.044726334512233734,0.0043594734743237495,0.06602630764245987
497,0.003854362992569804,0.045615315437316895,0.003854362992569804,0.062083516269922256,0.004256200045347214,0.04310550540685654,0.004256200045347214,0.0652395561337471
498,0.003881823970004916,0.04569718614220619,0.003881823970004916,0.062304284423589706,0.004273572470992804,0.04374607652425766,0.004273572470992804,0.06537256389856339
499,0.0038882577791810036,0.04590500518679619,0.0038882577791810036,0.0623558945953846,0.00425410782918334,0.04310493543744087,0.00425410782918334,0.06522351503372192
