,loss,mae,mse,rmse,val_loss,val_mae,val_mse,val_rmse
0,0.024102242663502693,0.12814737856388092,0.024102242663502693,0.1552489697933197,0.025117643177509308,0.13639894127845764,0.025117643177509308,0.15848547220230103
1,0.02114180102944374,0.11831659078598022,0.02114180102944374,0.1454022079706192,0.02269601821899414,0.12309122085571289,0.02269601821899414,0.1506519764661789
2,0.020511606708168983,0.11611098051071167,0.020511606708168983,0.1432187408208847,0.022416358813643456,0.1268385350704193,0.022416358813643456,0.1497209370136261
3,0.019145730882883072,0.11322138458490372,0.019145730882883072,0.13836809992790222,0.020119694992899895,0.11818935722112656,0.020119694992899895,0.14184391498565674
4,0.01796327903866768,0.10995403677225113,0.01796327903866768,0.1340271532535553,0.019050179049372673,0.1158202663064003,0.019050179049372673,0.13802239298820496
5,0.016779007390141487,0.10661404579877853,0.016779007390141487,0.1295338124036789,0.017731035128235817,0.11194351315498352,0.017731035128235817,0.13315793871879578
6,0.015622583217918873,0.10305366665124893,0.015622583217918873,0.12499032914638519,0.016561834141612053,0.10892030596733093,0.016561834141612053,0.12869279086589813
7,0.01425149291753769,0.0988050326704979,0.01425149291753769,0.11937961727380753,0.014661786146461964,0.1017504334449768,0.014661786146461964,0.12108585983514786
8,0.012924016453325748,0.0941983237862587,0.012924016453325748,0.11368385702371597,0.013425042852759361,0.09782629460096359,0.013425042852759361,0.11586649715900421
9,0.011491870507597923,0.08933825045824051,0.011491870507597923,0.10720014572143555,0.01199113018810749,0.09200292080640793,0.01199113018810749,0.10950402170419693
10,0.010395229794085026,0.08463208377361298,0.010395229794085026,0.10195700079202652,0.010839027352631092,0.08759288489818573,0.010839027352631092,0.10411065071821213
11,0.009349641390144825,0.08033840358257294,0.009349641390144825,0.09669354557991028,0.009667553007602692,0.08220800757408142,0.009667553007602692,0.09832371771335602
12,0.008283421397209167,0.07521709054708481,0.008283421397209167,0.09101330488920212,0.00876789540052414,0.07806764543056488,0.00876789540052414,0.09363704174757004
13,0.00750129297375679,0.07121691107749939,0.00750129297375679,0.08661000430583954,0.00795337837189436,0.07354586571455002,0.00795337837189436,0.08918171375989914
14,0.00704553909599781,0.06802569329738617,0.00704553909599781,0.08393771201372147,0.007239628117531538,0.06955470144748688,0.007239628117531538,0.08508600294589996
15,0.006653055548667908,0.066103495657444,0.006653055548667908,0.08156626671552658,0.006918246392160654,0.06806734204292297,0.006918246392160654,0.08317599445581436
16,0.006073698401451111,0.06207210570573807,0.006073698401451111,0.07793393731117249,0.006474927067756653,0.06505394726991653,0.006474927067756653,0.08046693354845047
17,0.005798396188765764,0.06011323630809784,0.005798396188765764,0.07614720612764359,0.006437670439481735,0.0652303397655487,0.006437670439481735,0.08023509383201599
18,0.005601999815553427,0.059633295983076096,0.005601999815553427,0.07484650611877441,0.005954121705144644,0.06101375073194504,0.005954121705144644,0.0771629586815834
19,0.005633389577269554,0.05786488205194473,0.005633389577269554,0.07505590468645096,0.005736427381634712,0.05909092351794243,0.005736427381634712,0.07573921233415604
20,0.005593135952949524,0.05998266860842705,0.005593135952949524,0.07478727400302887,0.005990074947476387,0.06134426221251488,0.005990074947476387,0.07739557325839996
21,0.005572672002017498,0.05717000365257263,0.005572672002017498,0.07465033233165741,0.005325525067746639,0.05493957921862602,0.005325525067746639,0.07297619432210922
22,0.005575072951614857,0.05925815925002098,0.005575072951614857,0.07466641068458557,0.005892739165574312,0.06023509427905083,0.005892739165574312,0.07676418125629425
23,0.005178865510970354,0.055647943168878555,0.005178865510970354,0.0719643384218216,0.0052521382458508015,0.054444197565317154,0.0052521382458508015,0.07247163355350494
24,0.0051025208085775375,0.05508486554026604,0.0051025208085775375,0.07143193483352661,0.005784055683761835,0.058933306485414505,0.005784055683761835,0.07605297863483429
25,0.005090329330414534,0.05568926781415939,0.005090329330414534,0.07134654372930527,0.005417913664132357,0.05564913526177406,0.005417913664132357,0.073606476187706
26,0.005028951913118362,0.054752007126808167,0.005028951913118362,0.0709151029586792,0.005438508000224829,0.05572296679019928,0.005438508000224829,0.07374624162912369
27,0.00501250708475709,0.05451454967260361,0.00501250708475709,0.07079906016588211,0.005263585597276688,0.05415255203843117,0.005263585597276688,0.07255057245492935
28,0.004979342222213745,0.05462360009551048,0.004979342222213745,0.07056445628404617,0.0053582326509058475,0.0548706091940403,0.0053582326509058475,0.07319995015859604
29,0.0049226307310163975,0.054119933396577835,0.0049226307310163975,0.07016146183013916,0.005349287297576666,0.05479282885789871,0.005349287297576666,0.07313882559537888
30,0.004919145721942186,0.05381883308291435,0.004919145721942186,0.07013662159442902,0.005132189951837063,0.05275898426771164,0.005132189951837063,0.0716392993927002
31,0.004887162242084742,0.0538458488881588,0.004887162242084742,0.06990823894739151,0.005364432465285063,0.0548880510032177,0.005364432465285063,0.07324228435754776
32,0.004960137419402599,0.05345253273844719,0.004960137419402599,0.07042824476957321,0.0050500864163041115,0.05195530131459236,0.0050500864163041115,0.07106395810842514
33,0.005094009917229414,0.05589676648378372,0.005094009917229414,0.07137233018875122,0.005413070321083069,0.05541593208909035,0.005413070321083069,0.07357357442378998
34,0.004977557808160782,0.05365902930498123,0.004977557808160782,0.0705518126487732,0.0048362696543335915,0.04955738037824631,0.0048362696543335915,0.06954328715801239
35,0.005002114921808243,0.05510922521352768,0.005002114921808243,0.07072563469409943,0.005659979302436113,0.0575493723154068,0.005659979302436113,0.07523283362388611
36,0.004912941250950098,0.05336982384324074,0.004912941250950098,0.07009238004684448,0.004782199393957853,0.0493326336145401,0.004782199393957853,0.06915344297885895
37,0.004827826749533415,0.05336477980017662,0.004827826749533415,0.06948256492614746,0.005519047845155001,0.05646931752562523,0.005519047845155001,0.07429029047489166
38,0.004802108276635408,0.05268406495451927,0.004802108276635408,0.06929724663496017,0.004820185713469982,0.04970060661435127,0.004820185713469982,0.06942754983901978
39,0.004654943477362394,0.05176146700978279,0.004654943477362394,0.0682271420955658,0.0052869366481900215,0.054469358175992966,0.0052869366481900215,0.07271132618188858
40,0.004669428803026676,0.05268971249461174,0.004669428803026676,0.0683332160115242,0.004862559027969837,0.050278566777706146,0.004862559027969837,0.06973204761743546
41,0.0046574389562010765,0.051869459450244904,0.0046574389562010765,0.06824543327093124,0.005050614010542631,0.052210092544555664,0.005050614010542631,0.07106766849756241
42,0.00464843912050128,0.051730986684560776,0.00464843912050128,0.06817945837974548,0.004889149218797684,0.050489865243434906,0.004889149218797684,0.06992245465517044
43,0.004572099540382624,0.05179036781191826,0.004572099540382624,0.06761730462312698,0.0049901558086276054,0.05139940604567528,0.0049901558086276054,0.07064103335142136
44,0.004534527193754911,0.051130495965480804,0.004534527193754911,0.06733889877796173,0.004818799905478954,0.04957674816250801,0.004818799905478954,0.06941758096218109
45,0.004538370296359062,0.05115356296300888,0.004538370296359062,0.06736742705106735,0.004796245135366917,0.04925025999546051,0.004796245135366917,0.06925492733716965
46,0.004498708061873913,0.050438955426216125,0.004498708061873913,0.06707240641117096,0.00483006052672863,0.049655187875032425,0.00483006052672863,0.06949864327907562
47,0.004655743949115276,0.052588481456041336,0.004655743949115276,0.06823301315307617,0.005065787583589554,0.05195356532931328,0.005065787583589554,0.07117434591054916
48,0.004482401069253683,0.05004555732011795,0.004482401069253683,0.0669507384300232,0.004588572774082422,0.04649452492594719,0.004588572774082422,0.06773900985717773
49,0.004476409871131182,0.04978286847472191,0.004476409871131182,0.06690597534179688,0.005095901899039745,0.05208469554781914,0.005095901899039745,0.07138558477163315
50,0.004566588439047337,0.052570782601833344,0.004566588439047337,0.06757653504610062,0.0049031199887394905,0.05037723481655121,0.0049031199887394905,0.07002228498458862
51,0.004528063349425793,0.04994286224246025,0.004528063349425793,0.06729088723659515,0.004561800509691238,0.04633689299225807,0.004561800509691238,0.06754110008478165
52,0.004400322679430246,0.050020698457956314,0.004400322679430246,0.06633492559194565,0.005132574122399092,0.05241791158914566,0.005132574122399092,0.07164198905229568
53,0.004462546668946743,0.050711557269096375,0.004462546668946743,0.06680229306221008,0.004630202893167734,0.04731038212776184,0.004630202893167734,0.06804560124874115
54,0.004436447285115719,0.05003267154097557,0.004436447285115719,0.06660666316747665,0.004792706575244665,0.049209173768758774,0.004792706575244665,0.0692293792963028
55,0.0043730479665100574,0.04991498589515686,0.0043730479665100574,0.06612902879714966,0.0046888370998203754,0.04804886877536774,0.0046888370998203754,0.06847508251667023
56,0.00437694787979126,0.05005355551838875,0.00437694787979126,0.06615850329399109,0.004769851453602314,0.048840947449207306,0.004769851453602314,0.06906411051750183
57,0.004346414003521204,0.04983567073941231,0.004346414003521204,0.06592734158039093,0.004609392490237951,0.04691135510802269,0.004609392490237951,0.06789250671863556
58,0.004374825861304998,0.04946177452802658,0.004374825861304998,0.06614246964454651,0.004790175706148148,0.04883798211812973,0.004790175706148148,0.06921109557151794
59,0.004371779039502144,0.05024818331003189,0.004371779039502144,0.06611943244934082,0.004700728226453066,0.04780418053269386,0.004700728226453066,0.068561851978302
60,0.004362607374787331,0.04923103749752045,0.004362607374787331,0.06605003774166107,0.004621964413672686,0.04679111763834953,0.004621964413672686,0.06798503547906876
61,0.004347901791334152,0.05009555071592331,0.004347901791334152,0.06593862175941467,0.004779248032718897,0.04868754744529724,0.004779248032718897,0.06913210451602936
62,0.004293444566428661,0.04936279356479645,0.004293444566428661,0.0655243843793869,0.00458992226049304,0.046313393861055374,0.00458992226049304,0.06774896383285522
63,0.004323489964008331,0.0488925538957119,0.004323489964008331,0.06575325131416321,0.004675406031310558,0.047328535467386246,0.004675406031310558,0.06837694346904755
64,0.004377137869596481,0.05036007985472679,0.004377137869596481,0.0661599412560463,0.004798152018338442,0.04877186939120293,0.004798152018338442,0.06926869601011276
65,0.0043273791670799255,0.04896913096308708,0.0043273791670799255,0.0657828152179718,0.004569991026073694,0.045951295644044876,0.004569991026073694,0.06760171055793762
66,0.004286617040634155,0.04908230900764465,0.004286617040634155,0.06547226011753082,0.004784685559570789,0.04865453392267227,0.004784685559570789,0.06917142122983932
67,0.004254239145666361,0.049064479768276215,0.004254239145666361,0.0652245283126831,0.004554721526801586,0.04577150195837021,0.004554721526801586,0.06748867779970169
68,0.004270436707884073,0.04879661276936531,0.004270436707884073,0.06534858047962189,0.004672687500715256,0.0471779927611351,0.004672687500715256,0.06835705786943436
69,0.004256829619407654,0.04911685362458229,0.004256829619407654,0.06524438410997391,0.004630900453776121,0.04668480530381203,0.004630900453776121,0.06805071979761124
70,0.0042515285313129425,0.048549994826316833,0.0042515285313129425,0.06520374864339828,0.004585921764373779,0.04606633633375168,0.004585921764373779,0.06771943718194962
71,0.004254316911101341,0.048952117562294006,0.004254316911101341,0.06522512435913086,0.004623411223292351,0.04653346166014671,0.004623411223292351,0.06799566745758057
72,0.0042915428057312965,0.04873764142394066,0.0042915428057312965,0.0655098706483841,0.0046900357119739056,0.04741283133625984,0.0046900357119739056,0.06848383694887161
73,0.004241683520376682,0.049035560339689255,0.004241683520376682,0.06512820720672607,0.00467219902202487,0.04701696336269379,0.00467219902202487,0.06835348904132843
74,0.004220820032060146,0.04840008541941643,0.004220820032060146,0.06496783345937729,0.0045602330937981606,0.045626282691955566,0.0045602330937981606,0.06752949208021164
75,0.004254976287484169,0.04912755265831947,0.004254976287484169,0.06523017585277557,0.004650778137147427,0.04673219844698906,0.004650778137147427,0.0681966170668602
76,0.004239436239004135,0.04843756929039955,0.004239436239004135,0.0651109591126442,0.00458875484764576,0.045931048691272736,0.00458875484764576,0.06774034351110458
77,0.004252503160387278,0.048979517072439194,0.004252503160387278,0.065211221575737,0.004555876366794109,0.045548293739557266,0.004555876366794109,0.06749723106622696
78,0.004197552800178528,0.048222750425338745,0.004197552800178528,0.06478852033615112,0.004560078494250774,0.04558834806084633,0.004560078494250774,0.06752835214138031
79,0.00419878913089633,0.04846559464931488,0.00419878913089633,0.06479806452989578,0.004721676930785179,0.04755874350667,0.004721676930785179,0.06871446222066879
80,0.004243528936058283,0.048575885593891144,0.004243528936058283,0.06514237076044083,0.004573108162730932,0.045664723962545395,0.004573108162730932,0.0676247626543045
81,0.004200732801109552,0.04865489900112152,0.004200732801109552,0.06481306254863739,0.004626961424946785,0.04649926349520683,0.004626961424946785,0.06802177429199219
82,0.004210154991596937,0.04830119013786316,0.004210154991596937,0.0648857057094574,0.004524216055870056,0.04501764103770256,0.004524216055870056,0.06726229935884476
83,0.004219499416649342,0.04886086657643318,0.004219499416649342,0.06495767086744308,0.004597482271492481,0.045878756791353226,0.004597482271492481,0.0678047388792038
84,0.004238621797412634,0.0482940636575222,0.004238621797412634,0.06510470062494278,0.0045363809913396835,0.04509621113538742,0.0045363809913396835,0.06735266000032425
85,0.0042037819512188435,0.048545580357313156,0.0042037819512188435,0.06483657658100128,0.004674279596656561,0.046904947608709335,0.004674279596656561,0.06836870312690735
86,0.004172405693680048,0.04803846776485443,0.004172405693680048,0.06459416449069977,0.004422973841428757,0.04354202374815941,0.004422973841428757,0.06650543957948685
87,0.004283918999135494,0.04890863224864006,0.004283918999135494,0.06545165181159973,0.004623424727469683,0.04632889851927757,0.004623424727469683,0.06799577176570892
88,0.004141620825976133,0.047722507268190384,0.004141620825976133,0.06435542553663254,0.004425367806106806,0.04366167634725571,0.004425367806106806,0.06652344018220901
89,0.00414930609986186,0.04752735421061516,0.00414930609986186,0.0644151046872139,0.004671408329159021,0.046761833131313324,0.004671408329159021,0.06834769994020462
90,0.004198145586997271,0.04867030680179596,0.004198145586997271,0.06479309499263763,0.004528274293988943,0.04506470263004303,0.004528274293988943,0.0672924593091011
91,0.004178165923804045,0.04764902591705322,0.004178165923804045,0.06463873386383057,0.004465847741812468,0.044194720685482025,0.004465847741812468,0.06682699918746948
92,0.0041625890880823135,0.04806593060493469,0.0041625890880823135,0.06451813131570816,0.004647727124392986,0.04658333584666252,0.004647727124392986,0.06817423552274704
93,0.00415226723998785,0.047620583325624466,0.00415226723998785,0.06443808972835541,0.004406204912811518,0.04335123673081398,0.004406204912811518,0.06637925654649734
94,0.004184775520116091,0.04807974398136139,0.004184775520116091,0.06468983739614487,0.004592028446495533,0.04599454998970032,0.004592028446495533,0.067764513194561
95,0.004134496208280325,0.04796941950917244,0.004134496208280325,0.0643000528216362,0.004468666389584541,0.04433716833591461,0.004468666389584541,0.06684808433055878
96,0.0042104460299015045,0.04780645668506622,0.0042104460299015045,0.06488795578479767,0.004529469180852175,0.045081377029418945,0.004529469180852175,0.06730133295059204
97,0.004126582760363817,0.04792560636997223,0.004126582760363817,0.06423848122358322,0.00459657097235322,0.04591553285717964,0.00459657097235322,0.06779801845550537
98,0.004126368090510368,0.04790625721216202,0.004126368090510368,0.06423681229352951,0.004403142258524895,0.043312203139066696,0.004403142258524895,0.06635617464780807
99,0.004165115300565958,0.04767550900578499,0.004165115300565958,0.06453770399093628,0.004619381856173277,0.046233512461185455,0.004619381856173277,0.0679660364985466
100,0.004121809732168913,0.04784847050905228,0.004121809732168913,0.06420132517814636,0.004463886376470327,0.0442572683095932,0.004463886376470327,0.06681232154369354
101,0.00411716615781188,0.047542523592710495,0.00411716615781188,0.0641651451587677,0.004488356877118349,0.04455683380365372,0.004488356877118349,0.06699520349502563
102,0.0041113076731562614,0.047701530158519745,0.0041113076731562614,0.06411948055028915,0.004509138874709606,0.044758331030607224,0.004509138874709606,0.06715012341737747
103,0.004112916067242622,0.04743744432926178,0.004112916067242622,0.06413201987743378,0.004497420974075794,0.044556308537721634,0.004497420974075794,0.06706281006336212
104,0.0040953210555016994,0.0475720576941967,0.0040953210555016994,0.06399469822645187,0.004497580695897341,0.04465099051594734,0.004497580695897341,0.06706400215625763
105,0.004112845752388239,0.04752089083194733,0.004112845752388239,0.0641314759850502,0.0045146578922867775,0.044909924268722534,0.0045146578922867775,0.06719120591878891
106,0.004092218820005655,0.047587376087903976,0.004092218820005655,0.06397045403718948,0.004577684216201305,0.04576438292860985,0.004577684216201305,0.06765858829021454
107,0.004100150894373655,0.0474960096180439,0.004100150894373655,0.0640324205160141,0.004410011228173971,0.04346611350774765,0.004410011228173971,0.06640791147947311
108,0.004110817797482014,0.047851260751485825,0.004110817797482014,0.06411565840244293,0.004605971742421389,0.04609365016222,0.004605971742421389,0.06786731630563736
109,0.004108038265258074,0.047348249703645706,0.004108038265258074,0.06409397721290588,0.004363374784588814,0.04282993823289871,0.004363374784588814,0.06605584919452667
110,0.004092258866876364,0.04744373634457588,0.004092258866876364,0.06397076696157455,0.004566099960356951,0.04563327506184578,0.004566099960356951,0.06757292151451111
111,0.004112648777663708,0.047862838953733444,0.004112648777663708,0.06412993371486664,0.00441201264038682,0.04358866810798645,0.00441201264038682,0.0664229765534401
112,0.004108058754354715,0.04725237190723419,0.004108058754354715,0.06409414112567902,0.004568495787680149,0.04563583433628082,0.004568495787680149,0.06759064644575119
113,0.004082926549017429,0.04762732610106468,0.004082926549017429,0.06389778107404709,0.004442690405994654,0.043904200196266174,0.004442690405994654,0.06665351241827011
114,0.004121947567909956,0.04712390899658203,0.004121947567909956,0.06420239806175232,0.0044666677713394165,0.04422925412654877,0.0044666677713394165,0.06683313101530075
115,0.004070662893354893,0.047372523695230484,0.004070662893354893,0.06380175054073334,0.0045074112713336945,0.0448634997010231,0.0045074112713336945,0.06713726371526718
116,0.004061280284076929,0.047464191913604736,0.004061280284076929,0.06372817605733871,0.004375343210995197,0.04297986626625061,0.004375343210995197,0.0661463737487793
117,0.004095651209354401,0.04734423756599426,0.004095651209354401,0.06399726867675781,0.004492789972573519,0.04451655223965645,0.004492789972573519,0.06702827662229538
118,0.004055796656757593,0.047216322273015976,0.004055796656757593,0.06368513405323029,0.004438579548150301,0.04381292313337326,0.004438579548150301,0.06662267446517944
119,0.004098133649677038,0.0476214736700058,0.004098133649677038,0.0640166699886322,0.004398400895297527,0.04326854273676872,0.004398400895297527,0.06632044166326523
120,0.004115861374884844,0.047852255403995514,0.004115861374884844,0.0641549825668335,0.004469779320061207,0.04424124211072922,0.004469779320061207,0.06685640662908554
121,0.004069868940860033,0.04690038040280342,0.004069868940860033,0.06379552185535431,0.004359113052487373,0.04270641878247261,0.004359113052487373,0.0660235807299614
122,0.004037830512970686,0.04729359969496727,0.004037830512970686,0.06354392319917679,0.0045838733203709126,0.04586655646562576,0.0045838733203709126,0.06770430505275726
123,0.004062026739120483,0.04744194447994232,0.004062026739120483,0.0637340322136879,0.0044297100976109505,0.043673861771821976,0.0044297100976109505,0.06655606627464294
124,0.004067129921168089,0.04688329994678497,0.004067129921168089,0.06377405673265457,0.004422895144671202,0.04354201257228851,0.004422895144671202,0.06650484353303909
125,0.00404130294919014,0.04703856259584427,0.00404130294919014,0.06357124447822571,0.004528616555035114,0.044955212622880936,0.004528616555035114,0.06729499995708466
126,0.0040661352686584,0.047303300350904465,0.0040661352686584,0.063766248524189,0.0044625201262533665,0.04416520521044731,0.0044625201262533665,0.06680209934711456
127,0.004080488346517086,0.04760792851448059,0.004080488346517086,0.06387870013713837,0.004390820860862732,0.0431058444082737,0.004390820860862732,0.06626326590776443
128,0.004051166586577892,0.04698293283581734,0.004051166586577892,0.0636487752199173,0.00437014177441597,0.042836569249629974,0.00437014177441597,0.06610704958438873
129,0.00406833179295063,0.047291625291109085,0.00406833179295063,0.06378347426652908,0.004500377457588911,0.04462298005819321,0.004500377457588911,0.06708485633134842
130,0.004066541790962219,0.04688476398587227,0.004066541790962219,0.06376944482326508,0.004408031702041626,0.04335813596844673,0.004408031702041626,0.06639301031827927
131,0.004042939282953739,0.047078635543584824,0.004042939282953739,0.06358411908149719,0.004513743799179792,0.04482290521264076,0.004513743799179792,0.06718439608812332
132,0.004045875743031502,0.04718811437487602,0.004045875743031502,0.06360720098018646,0.004426030907779932,0.043643489480018616,0.004426030907779932,0.06652842462062836
133,0.004075659904628992,0.04748722165822983,0.004075659904628992,0.06384089589118958,0.004391965456306934,0.043171271681785583,0.004391965456306934,0.06627190858125687
134,0.004038322251290083,0.046731092035770416,0.004038322251290083,0.06354779005050659,0.004411634989082813,0.04337668791413307,0.004411634989082813,0.06642014533281326
135,0.0040179961360991,0.04696694761514664,0.0040179961360991,0.0633876696228981,0.004501655697822571,0.0446847565472126,0.004501655697822571,0.06709437817335129
136,0.004072447773069143,0.04764418676495552,0.004072447773069143,0.06381573528051376,0.004368912428617477,0.04274645447731018,0.004368912428617477,0.06609775125980377
137,0.0040289717726409435,0.046964507550001144,0.0040289717726409435,0.06347417831420898,0.004486899357289076,0.044565122574567795,0.004486899357289076,0.06698432564735413
138,0.00404210714623332,0.04701212793588638,0.00404210714623332,0.0635775625705719,0.004395999945700169,0.04317892715334892,0.004395999945700169,0.0663023367524147
139,0.004078666213899851,0.047444187104701996,0.004078666213899851,0.06386443972587585,0.004433336667716503,0.043688949197530746,0.004433336667716503,0.0665833130478859
140,0.004032660275697708,0.04691234976053238,0.004032660275697708,0.06350322812795639,0.00439409026876092,0.04308973625302315,0.00439409026876092,0.06628793478012085
141,0.004156906623393297,0.047969743609428406,0.004156906623393297,0.06447407603263855,0.004503644537180662,0.04481908679008484,0.004503644537180662,0.06710919737815857
142,0.004140947945415974,0.04679003730416298,0.004140947945415974,0.0643501952290535,0.004299723077565432,0.04166709631681442,0.004299723077565432,0.06557227671146393
143,0.004055190831422806,0.047527413815259933,0.004055190831422806,0.06368038058280945,0.00467853294685483,0.04714594781398773,0.00467853294685483,0.06839980185031891
144,0.00404886482283473,0.04748537763953209,0.00404886482283473,0.06363068521022797,0.004328228998929262,0.0422644317150116,0.004328228998929262,0.06578927487134933
145,0.0040751248598098755,0.04720331355929375,0.0040751248598098755,0.06383670121431351,0.004500273615121841,0.04465048760175705,0.004500273615121841,0.06708408147096634
146,0.004049837123602629,0.04698348790407181,0.004049837123602629,0.06363832950592041,0.004336160607635975,0.04216911643743515,0.004336160607635975,0.06584952771663666
147,0.004026810172945261,0.04666300117969513,0.004026810172945261,0.06345715373754501,0.0045782169327139854,0.04574977979063988,0.0045782169327139854,0.06766252219676971
148,0.004088636487722397,0.04740327224135399,0.004088636487722397,0.06394244730472565,0.004370137583464384,0.042597897350788116,0.004370137583464384,0.06610701978206635
149,0.004022951703518629,0.04698394984006882,0.004022951703518629,0.06342674791812897,0.004477065522223711,0.044281505048274994,0.004477065522223711,0.06691087037324905
150,0.004012880846858025,0.0469711534678936,0.004012880846858025,0.06334730237722397,0.004417841788381338,0.043451081961393356,0.004417841788381338,0.06646684557199478
151,0.004009074531495571,0.04696841537952423,0.004009074531495571,0.06331724673509598,0.0044344570487737656,0.04374845698475838,0.0044344570487737656,0.06659172475337982
152,0.004005062393844128,0.04673013836145401,0.004005062393844128,0.06328555941581726,0.004382207524031401,0.042929116636514664,0.004382207524031401,0.06619824469089508
153,0.004009697120636702,0.04697319120168686,0.004009697120636702,0.06332217156887054,0.004461228381842375,0.04403719678521156,0.004461228381842375,0.06679242849349976
154,0.00399766955524683,0.046831969171762466,0.00399766955524683,0.06322712451219559,0.004403096158057451,0.04316122457385063,0.004403096158057451,0.06635583192110062
155,0.004020962864160538,0.046612948179244995,0.00402096239849925,0.06341105699539185,0.0044441805221140385,0.04380754753947258,0.0044441805221140385,0.0666646882891655
156,0.00400224095210433,0.04689330235123634,0.00400224095210433,0.06326326727867126,0.004436741583049297,0.04372698813676834,0.004436741583049297,0.06660886853933334
157,0.004010264296084642,0.04674011841416359,0.004010264296084642,0.0633266493678093,0.004392778035253286,0.043053340166807175,0.004392778035253286,0.06627804040908813
158,0.003988256212323904,0.046680714935064316,0.003988256212323904,0.06315264850854874,0.004459493327885866,0.0440627746284008,0.004459493327885866,0.06677943468093872
159,0.004002608358860016,0.046903666108846664,0.004002608358860016,0.06326617300510406,0.004394287709146738,0.04312434419989586,0.004394287709146738,0.06628941744565964
160,0.004039902705699205,0.047242239117622375,0.004039902240037918,0.06356022506952286,0.004407467320561409,0.04319560155272484,0.004407467320561409,0.06638875603675842
161,0.004035998601466417,0.046759773045778275,0.004035998601466417,0.06352950632572174,0.004415708128362894,0.04337558522820473,0.004415708128362894,0.06645079702138901
162,0.004032529424875975,0.047309424728155136,0.004032529424875975,0.06350220739841461,0.004401376936584711,0.04323409125208855,0.004401376936584711,0.06634287536144257
163,0.004168423358350992,0.04708254709839821,0.004168423358350992,0.0645633265376091,0.004342078696936369,0.04227219894528389,0.004342078696936369,0.06589445471763611
164,0.004014636389911175,0.047031283378601074,0.004014636389911175,0.06336116045713425,0.004605097230523825,0.04604845494031906,0.004605097230523825,0.06786087155342102
165,0.004052131902426481,0.0467672161757946,0.004052131902426481,0.06365635991096497,0.004311710130423307,0.04186079651117325,0.004311710130423307,0.06566361337900162
166,0.004100381396710873,0.04741482436656952,0.004100381396710873,0.06403422355651855,0.004573170095682144,0.04563833400607109,0.004573170095682144,0.06762521713972092
167,0.003968428820371628,0.04679631441831589,0.003968428820371628,0.06299546360969543,0.00432438962161541,0.04202913120388985,0.00432438962161541,0.06576009094715118
168,0.004031778778880835,0.04664428159594536,0.004031778778880835,0.06349629163742065,0.0044666011817753315,0.04406830668449402,0.0044666011817753315,0.06683263927698135
169,0.004033613950014114,0.047640878707170486,0.004033613950014114,0.06351073831319809,0.00444758590310812,0.04377299174666405,0.00444758590310812,0.06669022887945175
170,0.004039447754621506,0.04634179547429085,0.004039447754621506,0.06355664879083633,0.0043096081353724,0.0415666364133358,0.0043096081353724,0.06564760953187943
171,0.004007789306342602,0.046982597559690475,0.004007789306342602,0.06330710649490356,0.004569335374981165,0.04564397409558296,0.004569335374981165,0.06759686022996902
172,0.004011812154203653,0.0469387024641037,0.004011812154203653,0.06333886086940765,0.004385882522910833,0.04288477823138237,0.004385882522910833,0.06622599810361862
173,0.0039949482306838036,0.046633582562208176,0.0039949482306838036,0.06320559978485107,0.0044289641082286835,0.04356103017926216,0.0044289641082286835,0.06655046343803406
174,0.004007398616522551,0.046893663704395294,0.004007398616522551,0.06330401450395584,0.00442556431517005,0.043509431183338165,0.00442556431517005,0.0665249153971672
175,0.003989403136074543,0.04652441665530205,0.003989403136074543,0.06316172331571579,0.00437529431656003,0.04275684803724289,0.00437529431656003,0.06614600867033005
176,0.003970572259277105,0.04660145938396454,0.003970572259277105,0.06301248073577881,0.004450950771570206,0.043943457305431366,0.004450950771570206,0.06671544909477234
177,0.003978576511144638,0.046770624816417694,0.003978576511144638,0.0630759596824646,0.004377261269837618,0.042766023427248,0.004377261269837618,0.06616087257862091
178,0.003981198184192181,0.046518951654434204,0.003981198184192181,0.06309673935174942,0.004413450602442026,0.04324888810515404,0.004413450602442026,0.06643380969762802
179,0.0039856331422924995,0.04644127935171127,0.0039856331422924995,0.06313186883926392,0.004406391177326441,0.043226465582847595,0.004406391177326441,0.06638065725564957
180,0.003975423984229565,0.04677248373627663,0.003975423984229565,0.06305096298456192,0.004401342943310738,0.043183427304029465,0.004401342943310738,0.06634261459112167
181,0.003962657880038023,0.0465170294046402,0.003962657880038023,0.06294964253902435,0.0043412260711193085,0.04221329838037491,0.0043412260711193085,0.06588798761367798
182,0.0040453216060996056,0.04650130495429039,0.0040453216060996056,0.06360284239053726,0.004417702555656433,0.04340418428182602,0.004417702555656433,0.06646580249071121
183,0.004018351901322603,0.04734563082456589,0.004018351901322603,0.06339047104120255,0.004476472269743681,0.04427957907319069,0.004476472269743681,0.06690644472837448
184,0.004034832119941711,0.046668753027915955,0.004034832119941711,0.06352032721042633,0.0043656169436872005,0.042548999190330505,0.0043656169436872005,0.06607281416654587
185,0.004049849230796099,0.047412678599357605,0.004049849230796099,0.06363842636346817,0.004387237597256899,0.04296097904443741,0.004387237597256899,0.0662362277507782
186,0.004029848612844944,0.046495236456394196,0.004029848612844944,0.06348108500242233,0.004391665104776621,0.043029263615608215,0.004391665104776621,0.0662696361541748
187,0.004002692177891731,0.0471048541367054,0.004002692177891731,0.06326683610677719,0.004444317426532507,0.04381394386291504,0.004444317426532507,0.06666571646928787
188,0.003957196604460478,0.04622857645153999,0.003957196604460478,0.06290625035762787,0.0043586730025708675,0.04224363714456558,0.0043586730025708675,0.06602025032043457
189,0.003964599687606096,0.04617606848478317,0.003964599687606096,0.06296506524085999,0.004462546203285456,0.044104721397161484,0.004462546203285456,0.06680229306221008
190,0.00400587311014533,0.04727363586425781,0.00400587311014533,0.06329196691513062,0.004431020934134722,0.04363470897078514,0.004431020934134722,0.06656591594219208
191,0.003942527342587709,0.04618729278445244,0.003942527342587709,0.06278954446315765,0.004315507598221302,0.04172526299953461,0.004315507598221302,0.06569252163171768
192,0.003982386086136103,0.046505168080329895,0.003982386086136103,0.06310614198446274,0.004391625057905912,0.042972806841135025,0.004391625057905912,0.06626933813095093
193,0.003958065062761307,0.04657264053821564,0.003958065062761307,0.06291315704584122,0.004409479442983866,0.04323804751038551,0.004409479442983866,0.06640391796827316
194,0.003964375238865614,0.04654277116060257,0.003964375238865614,0.06296328455209732,0.004379721358418465,0.042772077023983,0.004379721358418465,0.06617946922779083
195,0.003979235887527466,0.046627677977085114,0.003979235887527466,0.06308118253946304,0.004380791913717985,0.0428079254925251,0.004380791913717985,0.0661875531077385
196,0.003978429362177849,0.04656309634447098,0.003978429362177849,0.06307478994131088,0.004376618657261133,0.042800504714250565,0.004376618657261133,0.06615601480007172
197,0.003968947567045689,0.046355657279491425,0.003968947567045689,0.06299958378076553,0.004407238680869341,0.043222881853580475,0.004407238680869341,0.06638703495264053
198,0.004011501558125019,0.047216083854436874,0.004011501558125019,0.06333641707897186,0.004402923863381147,0.04305892810225487,0.004402923863381147,0.06635452806949615
199,0.004093927796930075,0.046555910259485245,0.004093927796930075,0.06398381292819977,0.004331656266003847,0.04195495694875717,0.004331656266003847,0.06581532210111618
200,0.003960156813263893,0.04672318696975708,0.003960156813263893,0.06292977929115295,0.004530646372586489,0.045103151351213455,0.004530646372586489,0.06731007248163223
201,0.0039863125421106815,0.0468611977994442,0.0039863125421106815,0.0631372481584549,0.004293372388929129,0.04138534516096115,0.004293372388929129,0.06552383303642273
202,0.00400902284309268,0.0465165413916111,0.00400902284309268,0.06331684440374374,0.004384918604046106,0.042881518602371216,0.004384918604046106,0.06621871888637543
203,0.003968037199229002,0.046420082449913025,0.003968037199229002,0.06299235671758652,0.004423960577696562,0.043478213250637054,0.004423960577696562,0.06651286035776138
204,0.003976295702159405,0.046877264976501465,0.003976295702159405,0.06305787712335587,0.004355114884674549,0.042293064296245575,0.004355114884674549,0.0659932941198349
205,0.00402916269376874,0.04631030932068825,0.00402916269376874,0.06347568333148956,0.00437505915760994,0.042715877294540405,0.00437505915760994,0.06614422798156738
206,0.004079296253621578,0.04787231609225273,0.004079296253621578,0.06386937201023102,0.004422025289386511,0.04346933215856552,0.004422025289386511,0.06649830937385559
207,0.00401464756578207,0.04632566124200821,0.00401464756578207,0.06336124986410141,0.004334051627665758,0.04178348183631897,0.004334051627665758,0.06583351641893387
208,0.003980268724262714,0.04706457629799843,0.003980268724262714,0.06308937072753906,0.004513111896812916,0.04480661079287529,0.004513111896812916,0.06717970222234726
209,0.003992817830294371,0.046576354652643204,0.003992817830294371,0.06318874657154083,0.004324653185904026,0.04163624346256256,0.004324653185904026,0.06576209515333176
210,0.003955986816436052,0.04622410982847214,0.003955986816436052,0.06289663910865784,0.004500137642025948,0.044683586806058884,0.004500137642025948,0.06708306074142456
211,0.003966547083109617,0.046909548342227936,0.003966547083109617,0.0629805251955986,0.004344704560935497,0.042001381516456604,0.004344704560935497,0.06591437011957169
212,0.003971886355429888,0.04603145644068718,0.003971886355429888,0.0630229040980339,0.004363134037703276,0.0423956997692585,0.004363134037703276,0.06605402380228043
213,0.003936410881578922,0.04632766544818878,0.003936410881578922,0.06274082511663437,0.004459913820028305,0.04407147318124771,0.004459913820028305,0.06678258627653122
214,0.003964270930737257,0.04650234803557396,0.003964270930737257,0.06296245008707047,0.004347379319369793,0.04210599139332771,0.004347379319369793,0.06593465805053711
215,0.0039432598277926445,0.04620455950498581,0.0039432598277926445,0.06279537826776505,0.004455348942428827,0.044080134481191635,0.004455348942428827,0.06674840301275253
216,0.003959216643124819,0.046763960272073746,0.003959216643124819,0.06292230635881424,0.004354572854936123,0.04239516332745552,0.004354572854936123,0.065989188849926
217,0.003967979922890663,0.046225521713495255,0.003967979922890663,0.0629919022321701,0.00441231532022357,0.04335285723209381,0.00441231532022357,0.06642525643110275
218,0.003948381170630455,0.04650864377617836,0.003948381170630455,0.06283614784479141,0.004363168962299824,0.04247624799609184,0.004363168962299824,0.06605428457260132
219,0.003978088963776827,0.046622321009635925,0.003978088963776827,0.0630720928311348,0.004445141181349754,0.04385232552886009,0.004445141181349754,0.06667189300060272
220,0.003930467646569014,0.04611854627728462,0.003930467646569014,0.06269343942403793,0.004335979465395212,0.04193044826388359,0.004335979465395212,0.06584815680980682
221,0.004004821181297302,0.04682771861553192,0.004004821181297302,0.06328365951776505,0.004386568907648325,0.042860232293605804,0.004386568907648325,0.06623117625713348
222,0.003947517368942499,0.046057019382715225,0.003947517368942499,0.06282927095890045,0.004350254777818918,0.04203564301133156,0.004350254777818918,0.06595645844936371
223,0.003932110965251923,0.04610568284988403,0.003932110965251923,0.06270654499530792,0.004477866925299168,0.04432551935315132,0.004477866925299168,0.06691686809062958
224,0.003988650627434254,0.046615615487098694,0.003988650627434254,0.06315576285123825,0.004365161992609501,0.04243064671754837,0.004365161992609501,0.06606937199831009
225,0.0040070475079119205,0.04718884825706482,0.0040070475079119205,0.06330124288797379,0.004461150150746107,0.044074319303035736,0.004461150150746107,0.0667918398976326
226,0.004050001967698336,0.046562936156988144,0.004050001967698336,0.06363962590694427,0.00431448221206665,0.04144539311528206,0.00431448221206665,0.0656847208738327
227,0.003942542243748903,0.04693915694952011,0.003942542243748903,0.0627896636724472,0.004628298804163933,0.04645002260804176,0.004628298804163933,0.06803160160779953
228,0.004034178331494331,0.046725351363420486,0.004034178331494331,0.06351517885923386,0.004291263408958912,0.04119084030389786,0.004291263408958912,0.06550773233175278
229,0.00390846561640501,0.04562518000602722,0.00390846561640501,0.06251772493124008,0.004528846591711044,0.04502694681286812,0.004528846591711044,0.06729670614004135
230,0.0040273177437484264,0.047449592500925064,0.0040273177437484264,0.06346115469932556,0.004419754259288311,0.04335210099816322,0.004419754259288311,0.06648122519254684
231,0.003923398442566395,0.046281490474939346,0.003923398442566395,0.06263703852891922,0.00434903334826231,0.04212728142738342,0.00434903334826231,0.06594719737768173
232,0.003949308767914772,0.046040210872888565,0.003949308767914772,0.06284352391958237,0.004390852991491556,0.04285845905542374,0.004390852991491556,0.06626351177692413
233,0.003922510892152786,0.04619907960295677,0.003922510892152786,0.06262995302677155,0.0044151912443339825,0.04332660138607025,0.0044151912443339825,0.06644690781831741
234,0.003956500440835953,0.046209271997213364,0.003956500440835953,0.06290072202682495,0.004369002766907215,0.04257567599415779,0.004369002766907215,0.06609842926263809
235,0.003988886252045631,0.04698038846254349,0.003988886252045631,0.06315763294696808,0.0044236681424081326,0.04353683814406395,0.0044236681424081326,0.0665106549859047
236,0.003983778413385153,0.046136677265167236,0.003983778413385153,0.06311717629432678,0.0043292902410030365,0.041693903505802155,0.0043292902410030365,0.0657973363995552
237,0.00393930496647954,0.046277277171611786,0.00393930496647954,0.06276388466358185,0.004493138287216425,0.04457065463066101,0.004493138287216425,0.0670308768749237
238,0.003959347028285265,0.04672741889953613,0.003959347028285265,0.06292334198951721,0.004332839045673609,0.04178207367658615,0.004332839045673609,0.06582430750131607
239,0.003935058135539293,0.04609101638197899,0.003935058135539293,0.06273004412651062,0.004403248894959688,0.04305989667773247,0.004403248894959688,0.06635697931051254
240,0.004032398574054241,0.04746594652533531,0.004032398574054241,0.06350117176771164,0.004388857167214155,0.04282887652516365,0.004388857167214155,0.06624844670295715
241,0.0039650993421673775,0.04608355835080147,0.0039650993421673775,0.06296902894973755,0.004340888001024723,0.041849199682474136,0.004340888001024723,0.06588541716337204
242,0.003955215215682983,0.04627849534153938,0.003955215215682983,0.06289049983024597,0.004407662432640791,0.04318006709218025,0.004407662432640791,0.06639023125171661
243,0.00392032228410244,0.04631149023771286,0.00392032228410244,0.06261247396469116,0.004363905638456345,0.04238872975111008,0.004363905638456345,0.06605986505746841
244,0.003931327257305384,0.04611587151885033,0.003931327257305384,0.0627002939581871,0.00434073293581605,0.04195471853017807,0.00434073293581605,0.06588423997163773
245,0.003926413133740425,0.045997295528650284,0.003926413133740425,0.06266109645366669,0.004386933054775,0.042845748364925385,0.004386933054775,0.06623392552137375
246,0.003940445836633444,0.04658449441194534,0.003940445836633444,0.0627729669213295,0.004430544096976519,0.0435827411711216,0.004430544096976519,0.06656233221292496
247,0.003917707595974207,0.04613523185253143,0.003917707595974207,0.06259158998727798,0.004317000042647123,0.041443463414907455,0.004317000042647123,0.06570388376712799
248,0.003932202234864235,0.04595128446817398,0.003932202234864235,0.06270727515220642,0.004421245772391558,0.04327170550823212,0.004421245772391558,0.06649244576692581
249,0.003927014768123627,0.04646585136651993,0.003927014768123627,0.0626659020781517,0.004448691848665476,0.04372455179691315,0.004448691848665476,0.06669852137565613
250,0.003938181325793266,0.046248793601989746,0.003938181325793266,0.06275492906570435,0.0043463571928441525,0.04183236509561539,0.0043463571928441525,0.06592690944671631
251,0.003951993305236101,0.046398960053920746,0.003951993305236101,0.06286488473415375,0.004384773783385754,0.04273854196071625,0.004384773783385754,0.06621762365102768
252,0.003924650140106678,0.046065591275691986,0.003924650140106678,0.0626470297574997,0.004361873026937246,0.04230879992246628,0.004361873026937246,0.06604447960853577
253,0.003925373312085867,0.04607993736863136,0.003925373312085867,0.06265279650688171,0.004444120917469263,0.043786536902189255,0.004444120917469263,0.06666424125432968
254,0.003954038955271244,0.04662805050611496,0.003954038955271244,0.06288114935159683,0.004437585826963186,0.04368380829691887,0.004437585826963186,0.06661520898342133
255,0.003939828835427761,0.04607938230037689,0.003939828835427761,0.06276805698871613,0.00430257385596633,0.0413346029818058,0.00430257385596633,0.06559401005506516
256,0.0039136651903390884,0.04590822756290436,0.0039136651903390884,0.06255929172039032,0.004440212156623602,0.043724074959754944,0.004440212156623602,0.06663491576910019
257,0.003930377308279276,0.046530984342098236,0.003930377308279276,0.06269272416830063,0.004410486668348312,0.04324803128838539,0.004410486668348312,0.06641149520874023
258,0.003921118564903736,0.04594256356358528,0.003921118564903736,0.06261883676052094,0.004368255380541086,0.042457807809114456,0.004368255380541086,0.06609277427196503
259,0.003938974812626839,0.0462360605597496,0.003938974812626839,0.06276125460863113,0.004401943646371365,0.04304741695523262,0.004401943646371365,0.0663471445441246
260,0.003927650861442089,0.04627219960093498,0.003927650861442089,0.06267097592353821,0.004363925661891699,0.0424010269343853,0.004363925661891699,0.06606001406908035
261,0.0039157746359705925,0.04591457545757294,0.0039157746359705925,0.06257615238428116,0.0044118850491940975,0.043281473219394684,0.0044118850491940975,0.06642202287912369
262,0.003964134491980076,0.04692269116640091,0.003964134491980076,0.06296136975288391,0.004402813035994768,0.04306894168257713,0.004402813035994768,0.0663536936044693
263,0.003933044150471687,0.04596426337957382,0.003933044150471687,0.06271398812532425,0.0043118419125676155,0.0414050817489624,0.0043118419125676155,0.0656646192073822
264,0.004035959020256996,0.0474068783223629,0.004035959020256996,0.06352919340133667,0.004462159238755703,0.04402559623122215,0.004462159238755703,0.06679939478635788
265,0.003927423618733883,0.04626590386033058,0.003927423618733883,0.06266915798187256,0.004327420610934496,0.04156943038105965,0.004327420610934496,0.06578313559293747
266,0.0039392807520926,0.045934051275253296,0.0039392807520926,0.06276369094848633,0.004478398244827986,0.044256001710891724,0.004478398244827986,0.06692083925008774
267,0.003980517853051424,0.04734348505735397,0.003980517853051424,0.06309134513139725,0.0043595703318715096,0.04221988469362259,0.0043595703318715096,0.06602704524993896
268,0.004068260081112385,0.04636450856924057,0.004068260081112385,0.06378291547298431,0.004316431470215321,0.04133611544966698,0.004316431470215321,0.06569955497980118
269,0.003881171578541398,0.045873191207647324,0.003881171578541398,0.062299054116010666,0.004504926968365908,0.044664885848760605,0.004504926968365908,0.06711874902248383
270,0.00394879374653101,0.04688381403684616,0.00394879374653101,0.06283942610025406,0.004401054233312607,0.042965758591890335,0.004401054233312607,0.06634043902158737
271,0.0040374514646828175,0.04634733870625496,0.0040374514646828175,0.06354094296693802,0.004336840473115444,0.041869115084409714,0.004336840473115444,0.06585469096899033
272,0.003940996713936329,0.046371109783649445,0.003940996248275042,0.06277735531330109,0.004416359588503838,0.043311819434165955,0.004416359588503838,0.06645569950342178
273,0.003920829389244318,0.04633288457989693,0.003920829389244318,0.06261652708053589,0.0043739746324718,0.04250152036547661,0.0043739746324718,0.06613603234291077
274,0.003921120893210173,0.04585803672671318,0.003921120893210173,0.06261885166168213,0.004382632207125425,0.042725980281829834,0.004382632207125425,0.06620145589113235
275,0.003904204349964857,0.046160101890563965,0.003904204349964857,0.06248363107442856,0.004407061729580164,0.04318362474441528,0.004407061729580164,0.06638570129871368
276,0.003930220380425453,0.04621632769703865,0.003930220380425453,0.06269147247076035,0.004329204093664885,0.04166746139526367,0.004329204093664885,0.06579668819904327
277,0.003919116221368313,0.04593407362699509,0.003919116221368313,0.06260284781455994,0.004441376775503159,0.04374266788363457,0.004441376775503159,0.06664365530014038
278,0.003932857420295477,0.046150896698236465,0.003932857420295477,0.06271249800920486,0.004369223024696112,0.04240502417087555,0.004369223024696112,0.0661001056432724
279,0.0039158412255346775,0.046300794929265976,0.0039158412255346775,0.06257668137550354,0.004429456777870655,0.04354020208120346,0.004429456777870655,0.06655415892601013
280,0.003910158295184374,0.04602157697081566,0.003910158295184374,0.0625312551856041,0.004373304545879364,0.042462874203920364,0.004373304545879364,0.06613095849752426
281,0.003922534640878439,0.0463295541703701,0.003922534640878439,0.06263013929128647,0.00439930846914649,0.04290461540222168,0.00439930846914649,0.0663272887468338
282,0.0039117601700127125,0.04593841731548309,0.0039117601700127125,0.06254406273365021,0.004348537884652615,0.04196019098162651,0.004348537884652615,0.06594344228506088
283,0.0038990683387964964,0.045776404440402985,0.0038990683387964964,0.06244251877069473,0.004425366874784231,0.04342244938015938,0.004425366874784231,0.06652343273162842
284,0.003932559862732887,0.046735912561416626,0.003932559862732887,0.06271012872457504,0.004392503295093775,0.04281337931752205,0.004392503295093775,0.06627596169710159
285,0.003958556801080704,0.04600294306874275,0.003958556801080704,0.062917061150074,0.004331831820309162,0.04165417701005936,0.004331831820309162,0.06581665575504303
286,0.003972516395151615,0.046939801424741745,0.003972516395151615,0.06302790343761444,0.004508509766310453,0.04474261403083801,0.004508509766310453,0.067145437002182
287,0.0038975300267338753,0.04612664505839348,0.0038975300267338753,0.06243019551038742,0.0043176691979169846,0.041488971561193466,0.0043176691979169846,0.06570897251367569
288,0.003908241167664528,0.04560910165309906,0.003908241167664528,0.06251592189073563,0.004444289021193981,0.04378468170762062,0.004444289021193981,0.06666550040245056
289,0.0039450014010071754,0.04635057598352432,0.0039450014010071754,0.06280924379825592,0.0044075800105929375,0.04320278763771057,0.0044075800105929375,0.06638960540294647
290,0.0039369757287204266,0.04667162895202637,0.0039369757287204266,0.06274532526731491,0.004344432149082422,0.04199186712503433,0.004344432149082422,0.06591230630874634
291,0.003919195383787155,0.04579326882958412,0.003919195383787155,0.06260348111391068,0.0043562958016991615,0.04220811277627945,0.0043562958016991615,0.0660022422671318
292,0.003952041734009981,0.04666151478886604,0.003952041734009981,0.06286526471376419,0.004381075501441956,0.04268582910299301,0.004381075501441956,0.06618969142436981
293,0.003890819614753127,0.045779455453157425,0.003890819614753127,0.06237643584609032,0.004337772261351347,0.04166727513074875,0.004337772261351347,0.0658617690205574
294,0.003914566710591316,0.04585576057434082,0.003914566710591316,0.06256649643182755,0.004437484312802553,0.04357602447271347,0.004437484312802553,0.06661444157361984
295,0.003903596894815564,0.04621901735663414,0.003903596894815564,0.062478773295879364,0.004361908417195082,0.04229900240898132,0.004361908417195082,0.06604474782943726
296,0.003909439779818058,0.0460633859038353,0.003909439779818058,0.06252551078796387,0.004353696014732122,0.04210667312145233,0.004353696014732122,0.06598254293203354
297,0.0039106071926653385,0.045746248215436935,0.0039106071926653385,0.06253484636545181,0.004359583370387554,0.042234331369400024,0.004359583370387554,0.06602714210748672
298,0.003955481573939323,0.046604108065366745,0.003955481573939323,0.0628926157951355,0.004481381271034479,0.04441160708665848,0.004481381271034479,0.06694311648607254
299,0.0039153145626187325,0.046009764075279236,0.0039153145626187325,0.06257247179746628,0.0042975605465471745,0.041234370321035385,0.0042975605465471745,0.06555577367544174
300,0.003906997852027416,0.045847877860069275,0.003906997852027416,0.06250598281621933,0.004464247729629278,0.04412877932190895,0.004464247729629278,0.06681502610445023
301,0.0039319912903010845,0.04650051146745682,0.0039319912903010845,0.06270559132099152,0.004338725935667753,0.04172404855489731,0.004338725935667753,0.06586900353431702
302,0.0039595020934939384,0.0466456338763237,0.0039595020934939384,0.0629245713353157,0.0043655820190906525,0.0424785315990448,0.0043655820190906525,0.06607255339622498
303,0.004063440021127462,0.04654338210821152,0.004063440021127462,0.06374511122703552,0.004312274977564812,0.04136652126908302,0.004312274977564812,0.06566791236400604
304,0.004044738598167896,0.04796341434121132,0.004044738598167896,0.06359826028347015,0.004496651701629162,0.044578008353710175,0.004496651701629162,0.06705708056688309
305,0.0038696182891726494,0.046028900891542435,0.0038696182891726494,0.06220625713467598,0.004299862775951624,0.041282687336206436,0.004299862775951624,0.06557334214448929
306,0.003977149724960327,0.04621737822890282,0.003977149724960327,0.06306464970111847,0.004444210324436426,0.043699875473976135,0.004444210324436426,0.0666649118065834
307,0.003912059124559164,0.04646361991763115,0.003912059124559164,0.06254645437002182,0.004377997945994139,0.042620640248060226,0.004377997945994139,0.06616643816232681
308,0.003892759559676051,0.04581993818283081,0.003892759559676051,0.0623919814825058,0.004359500017017126,0.04229827597737312,0.004359500017017126,0.06602650880813599
309,0.0038907078560441732,0.04586660861968994,0.0038907078560441732,0.06237553805112839,0.004369107075035572,0.04241342470049858,0.004369107075035572,0.06609921902418137
310,0.003898793365806341,0.04593170806765556,0.003898793365806341,0.06244031712412834,0.004356457386165857,0.042109597474336624,0.004356457386165857,0.0660034641623497
311,0.003884395584464073,0.04584759846329689,0.003884395584464073,0.06232491880655289,0.00442764675244689,0.04337837174534798,0.00442764675244689,0.06654056161642075
312,0.003909355960786343,0.04616041108965874,0.003909355960786343,0.06252484023571014,0.004368670750409365,0.04231250658631325,0.004368670750409365,0.06609591841697693
313,0.0039472924545407295,0.04601060226559639,0.0039472924545407295,0.06282748281955719,0.004482239950448275,0.044218264520168304,0.004482239950448275,0.06694953143596649
314,0.0039258175529539585,0.04637988656759262,0.0039258175529539585,0.06265634298324585,0.004341185092926025,0.04169778898358345,0.004341185092926025,0.06588766723871231
315,0.003950062673538923,0.0458778515458107,0.003950062673538923,0.06284952163696289,0.004430456552654505,0.043297458440065384,0.004430456552654505,0.06656166911125183
316,0.003953651990741491,0.04686945676803589,0.003953651990741491,0.0628780722618103,0.004417445510625839,0.043139584362506866,0.004417445510625839,0.06646386533975601
317,0.0038955144118517637,0.045757219195365906,0.0038955144118517637,0.062414053827524185,0.004354536999017,0.04187276214361191,0.004354536999017,0.06598891317844391
318,0.003928633406758308,0.04615344479680061,0.003928633406758308,0.06267881393432617,0.004431535489857197,0.04338553547859192,0.004431535489857197,0.06656978279352188
319,0.003931662067770958,0.04610898345708847,0.003931662067770958,0.0627029687166214,0.004358835984021425,0.042050834745168686,0.004358835984021425,0.06602147966623306
320,0.0038761617615818977,0.045975182205438614,0.0038761617615818977,0.062258828431367874,0.004455255344510078,0.04387492313981056,0.004455255344510078,0.06674769520759583
321,0.003913524094969034,0.046424463391304016,0.003913524094969034,0.06255816668272018,0.004342024680227041,0.04181744158267975,0.004342024680227041,0.06589404493570328
322,0.003976508043706417,0.04592127725481987,0.003976508043706417,0.06305956095457077,0.004412786569446325,0.043221134692430496,0.004412786569446325,0.06642881035804749
323,0.003913677763193846,0.046283744275569916,0.003913677763193846,0.06255939602851868,0.0043902830220758915,0.042723990976810455,0.0043902830220758915,0.06625920534133911
324,0.003884125966578722,0.045799121260643005,0.003884125966578722,0.06232275813817978,0.0043981303460896015,0.04281497374176979,0.0043981303460896015,0.06631840020418167
325,0.003887516912072897,0.04589369148015976,0.003887516912072897,0.06234995648264885,0.004400770645588636,0.042816199362277985,0.004400770645588636,0.06633830815553665
326,0.003889203304424882,0.045984040945768356,0.003889203304424882,0.06236347556114197,0.004433075897395611,0.04338247328996658,0.004433075897395611,0.0665813460946083
327,0.0038760886527597904,0.04597608000040054,0.0038760886527597904,0.06225823983550072,0.004359918646514416,0.04201142117381096,0.004359918646514416,0.06602968275547028
328,0.0039005442522466183,0.04582015052437782,0.0039005442522466183,0.06245433911681175,0.004428949672728777,0.04333876445889473,0.004428949672728777,0.0665503516793251
329,0.003952211234718561,0.04623356834053993,0.003952211234718561,0.06286661326885223,0.004390696994960308,0.042646195739507675,0.004390696994960308,0.06626232713460922
330,0.004043285734951496,0.04793071001768112,0.004043285734951496,0.06358683854341507,0.0043957470916211605,0.04280868172645569,0.0043957470916211605,0.06630042940378189
331,0.003941388800740242,0.045664943754673004,0.003941388800740242,0.0627804845571518,0.0043266937136650085,0.0414271205663681,0.0043266937136650085,0.06577760726213455
332,0.0038837988395243883,0.04590176045894623,0.0038837988395243883,0.06232013180851936,0.004528676625341177,0.04494470730423927,0.004528676625341177,0.06729544699192047
333,0.0038979088421911,0.04646711051464081,0.0038979088421911,0.06243323162198067,0.004305159207433462,0.0411820113658905,0.004305159207433462,0.06561370939016342
334,0.003949372563511133,0.04583974927663803,0.003949372563511133,0.06284403055906296,0.004374815616756678,0.042465079575777054,0.004374815616756678,0.06614238768815994
335,0.003928021993488073,0.04649526625871658,0.003928021993488073,0.06267393380403519,0.0043824464082717896,0.042527247220277786,0.0043824464082717896,0.06620004773139954
336,0.004015928599983454,0.04605081304907799,0.004015928599983454,0.06337135285139084,0.004337983671575785,0.04162406176328659,0.004337983671575785,0.06586337089538574
337,0.004018740728497505,0.04740564525127411,0.004018740728497505,0.06339354068040848,0.004530002363026142,0.04486682638525963,0.004530002363026142,0.06730528920888901
338,0.003930114675313234,0.04591885209083557,0.003930114675313234,0.0626906231045723,0.004307487513870001,0.04122091084718704,0.004307487513870001,0.0656314492225647
339,0.0038743363693356514,0.04542498663067818,0.0038743363693356514,0.06224416568875313,0.004513503052294254,0.04476132616400719,0.004513503052294254,0.06718260794878006
340,0.00392591068521142,0.046707477420568466,0.00392591068521142,0.06265708804130554,0.004368336871266365,0.04236163944005966,0.004368336871266365,0.06609339267015457
341,0.003897431306540966,0.04552590847015381,0.003897431306540966,0.062429409474134445,0.004330601543188095,0.0415460504591465,0.004330601543188095,0.06580730527639389
342,0.0039575304836034775,0.046709079295396805,0.0039575304836034775,0.06290890276432037,0.004472667817026377,0.044088445603847504,0.004472667817026377,0.06687800586223602
343,0.003873018780723214,0.04576394706964493,0.003873018780723214,0.0622335821390152,0.004324345383793116,0.04143543541431427,0.004324345383793116,0.06575975567102432
344,0.0039099655114114285,0.045587003231048584,0.0039099655114114285,0.06252972036600113,0.004447076003998518,0.04380303993821144,0.004447076003998518,0.06668640673160553
345,0.003928637132048607,0.04662134125828743,0.003928637132048607,0.06267884373664856,0.0043608322739601135,0.04217897728085518,0.0043608322739601135,0.06603659689426422
346,0.003912983927875757,0.04570356756448746,0.003912983927875757,0.06255385279655457,0.004352189600467682,0.04199199378490448,0.004352189600467682,0.06597112119197845
347,0.0038879846688359976,0.0459119938313961,0.0038879846688359976,0.0623537078499794,0.004387876018881798,0.04271787405014038,0.004387876018881798,0.06624104827642441
348,0.0038914617616683245,0.045737963169813156,0.0038914617616683245,0.06238158419728279,0.004355994053184986,0.04205625504255295,0.004355994053184986,0.06599995493888855
349,0.003915928769856691,0.0464293472468853,0.003915928769856691,0.06257738918066025,0.004468256141990423,0.043984729796648026,0.004468256141990423,0.06684502214193344
350,0.003883439116179943,0.04561099037528038,0.003883439116179943,0.062317244708538055,0.004317516926676035,0.04135254770517349,0.004317516926676035,0.06570781767368317
351,0.0038769845850765705,0.04576229304075241,0.0038769845850765705,0.062265437096357346,0.00451276870444417,0.044701892882585526,0.00451276870444417,0.06717713922262192
352,0.003931621555238962,0.04654300585389137,0.003931621555238962,0.06270264089107513,0.004322776570916176,0.04143142327666283,0.004322776570916176,0.06574781984090805
353,0.003893053624778986,0.04566388577222824,0.003893053624778986,0.062394339591264725,0.004398808348923922,0.042948223650455475,0.004398808348923922,0.06632351130247116
354,0.003895537694916129,0.0461418516933918,0.003895537694916129,0.06241424381732941,0.004391499329358339,0.04267560690641403,0.004391499329358339,0.06626839190721512
355,0.0038767619989812374,0.04579921066761017,0.0038767619989812374,0.062263648957014084,0.0043872385285794735,0.04264130815863609,0.0043872385285794735,0.06623624265193939
356,0.003878540825098753,0.04566759988665581,0.003878540825098753,0.06227793172001839,0.0044196913950145245,0.04326029494404793,0.0044196913950145245,0.06648076325654984
357,0.0038888759445399046,0.04635214805603027,0.0038888759445399046,0.06236085295677185,0.004482352640479803,0.04422172158956528,0.004482352640479803,0.06695037335157394
358,0.003889756975695491,0.045707955956459045,0.003889756975695491,0.062367916107177734,0.004340413026511669,0.04167735204100609,0.004340413026511669,0.06588181108236313
359,0.0039124456234276295,0.045806948095560074,0.0039124456234276295,0.06254954636096954,0.004446484614163637,0.043722789734601974,0.004446484614163637,0.06668196618556976
360,0.0038828805554658175,0.04595382139086723,0.0038828805554658175,0.062312763184309006,0.004344959743320942,0.04181178659200668,0.004344959743320942,0.06591630727052689
361,0.003880825126543641,0.0457572303712368,0.003880825126543641,0.062296267598867416,0.004431169480085373,0.04337740316987038,0.004431169480085373,0.06656703352928162
362,0.003872817615047097,0.045934028923511505,0.003872817615047097,0.062231965363025665,0.0043526990339159966,0.04192718118429184,0.0043526990339159966,0.06597498804330826
363,0.0039036856032907963,0.04566146060824394,0.0039036856032907963,0.06247948110103607,0.004388543777167797,0.04264520853757858,0.004388543777167797,0.06624608486890793
364,0.0038812984712421894,0.04599441587924957,0.0038812984712421894,0.06230006739497185,0.004456830210983753,0.043816473335027695,0.004456830210983753,0.06675949692726135
365,0.0038773869164288044,0.04595659673213959,0.0038773869164288044,0.06226866692304611,0.004377205390483141,0.042233411222696304,0.004377205390483141,0.06616045534610748
366,0.003873646492138505,0.045777592808008194,0.003873646492138505,0.062238626182079315,0.004377565812319517,0.04231507331132889,0.004377565812319517,0.06616317480802536
367,0.003881655400618911,0.04567927122116089,0.003881655400618911,0.06230293959379196,0.004407120402902365,0.04294127598404884,0.004407120402902365,0.0663861408829689
368,0.00387060665525496,0.045870739966630936,0.00387060665525496,0.0622141994535923,0.004388673231005669,0.042592376470565796,0.004388673231005669,0.06624706089496613
369,0.00387089722789824,0.04565327242016792,0.00387089722789824,0.062216535210609436,0.0043961526826024055,0.04270211607217789,0.0043961526826024055,0.06630349904298782
370,0.0038736697752028704,0.045933496206998825,0.0038736697752028704,0.06223880872130394,0.004416284151375294,0.043021611869335175,0.004416284151375294,0.06645512580871582
371,0.0038824165239930153,0.04613182693719864,0.0038824165239930153,0.06230904161930084,0.004389876499772072,0.04248298332095146,0.004389876499772072,0.06625614315271378
372,0.003916074987500906,0.04574618116021156,0.003916074987500906,0.06257855147123337,0.004398202523589134,0.04266117885708809,0.004398202523589134,0.06631895154714584
373,0.0038670646026730537,0.04593304172158241,0.0038670646026730537,0.062185727059841156,0.004435753915458918,0.04340875521302223,0.004435753915458918,0.06660146266222
374,0.0038910829462110996,0.045814063400030136,0.0038910829462110996,0.062378544360399246,0.00437979307025671,0.042332813143730164,0.00437979307025671,0.06618000566959381
375,0.0038945688866078854,0.0461060106754303,0.0038945688866078854,0.062406476587057114,0.004403894301503897,0.04278984293341637,0.004403894301503897,0.06636184453964233
376,0.0038620999548584223,0.04547495394945145,0.0038620999548584223,0.06214579567313194,0.004345707129687071,0.04160724952816963,0.004345707129687071,0.06592197716236115
377,0.0039186859503388405,0.04584674909710884,0.0039186859503388405,0.06259940564632416,0.0044882516376674175,0.04418802261352539,0.0044882516376674175,0.06699441373348236
378,0.0038722772151231766,0.04605640098452568,0.0038722772151231766,0.06222762539982796,0.004355185199528933,0.04181322827935219,0.004355185199528933,0.06599382311105728
379,0.0038952003233134747,0.04553020000457764,0.0038952003233134747,0.06241153925657272,0.004412620794028044,0.043035220354795456,0.004412620794028044,0.0664275512099266
380,0.003898976370692253,0.046502500772476196,0.003898976370692253,0.062441784888505936,0.004407602362334728,0.043018896132707596,0.004407602362334728,0.0663897767663002
381,0.0038713424000889063,0.04580990970134735,0.0038713424000889063,0.06222011148929596,0.0043428195640444756,0.041585858911275864,0.0043428195640444756,0.06590007245540619
382,0.0038933800533413887,0.04563940316438675,0.0038933800533413887,0.06239695847034454,0.00444235373288393,0.04355159029364586,0.00444235373288393,0.06665098667144775
383,0.0038804865907877684,0.04608588293194771,0.0038804865907877684,0.06229355186223984,0.004386321175843477,0.042751386761665344,0.004386321175843477,0.06622930616140366
384,0.003947304096072912,0.04590735584497452,0.003947304096072912,0.06282757222652435,0.004353530239313841,0.04212329909205437,0.004353530239313841,0.06598128378391266
385,0.0038895756006240845,0.04619915038347244,0.0038895756006240845,0.062366463243961334,0.004435691982507706,0.043493352830410004,0.004435691982507706,0.0666009932756424
386,0.0039083268493413925,0.04649240896105766,0.0039083268493413925,0.06251661479473114,0.004352923482656479,0.04178331792354584,0.004352923482656479,0.06597668677568436
387,0.003924413118511438,0.04557902365922928,0.003924413118511438,0.06264513731002808,0.00436667213216424,0.042178522795438766,0.00436667213216424,0.06608079373836517
388,0.003881895449012518,0.0461561419069767,0.003881895449012518,0.06230486184358597,0.004449292551726103,0.04364468902349472,0.004449292551726103,0.06670301407575607
389,0.003871748922392726,0.04594365507364273,0.003871748922392726,0.06222338229417801,0.004340610466897488,0.04157274588942528,0.004340610466897488,0.06588330864906311
390,0.003871614346280694,0.04544932395219803,0.003871614346280694,0.06222229823470116,0.004368684720247984,0.04231724515557289,0.004368684720247984,0.06609603017568588
391,0.0038656219840049744,0.04572350159287453,0.0038656219840049744,0.062174126505851746,0.004415598232299089,0.04306860640645027,0.004415598232299089,0.06644996255636215
392,0.003876132657751441,0.04569219425320625,0.003876132657751441,0.06225859373807907,0.004377017263323069,0.04224386066198349,0.004377017263323069,0.06615902483463287
393,0.003927334677428007,0.046657610684633255,0.003927334677428007,0.06266845017671585,0.0044182585552334785,0.04310500994324684,0.0044182585552334785,0.06646998226642609
394,0.003963743802160025,0.045920636504888535,0.003963743802160025,0.06295827031135559,0.00436483696103096,0.04203159362077713,0.00436483696103096,0.0660669133067131
395,0.003851629327982664,0.045581843703985214,0.003851629327982664,0.06206149980425835,0.004471552092581987,0.043929215520620346,0.004471552092581987,0.06686966866254807
396,0.003912598360329866,0.046386413276195526,0.003912598360329866,0.06255076825618744,0.004393703769892454,0.04250570014119148,0.004393703769892454,0.06628502160310745
397,0.003938262350857258,0.04628272354602814,0.003938262350857258,0.06275557726621628,0.004565224517136812,0.04528743773698807,0.004565224517136812,0.06756644695997238
398,0.003882512217387557,0.04640502855181694,0.003882512217387557,0.062309809029102325,0.0043326131999492645,0.04145817086100578,0.0043326131999492645,0.06582258641719818
399,0.00395789323374629,0.045894455164670944,0.00395789323374629,0.06291178613901138,0.004414812661707401,0.04307536035776138,0.004414812661707401,0.06644405424594879
400,0.003961618524044752,0.047208111733198166,0.003961618524044752,0.06294138729572296,0.004391291178762913,0.04261234402656555,0.004391291178762913,0.06626681983470917
401,0.003968439996242523,0.04589730128645897,0.003968439996242523,0.0629955530166626,0.004337795544415712,0.041559651494026184,0.004337795544415712,0.06586194038391113
402,0.0038804032374173403,0.04643191769719124,0.0038804032374173403,0.062292881309986115,0.004521169234067202,0.04475308582186699,0.004521169234067202,0.06723964214324951
403,0.003953827545046806,0.04588409513235092,0.003953827545046806,0.06287946552038193,0.004343247506767511,0.041552163660526276,0.004343247506767511,0.06590332090854645
404,0.0038810521364212036,0.045986734330654144,0.0038810521364212036,0.062298089265823364,0.004526621662080288,0.044706929475069046,0.004526621662080288,0.06728016585111618
405,0.003959546331316233,0.0462130606174469,0.003959546331316233,0.06292492151260376,0.004361657425761223,0.04186174273490906,0.004361657425761223,0.06604284793138504
406,0.004011557903140783,0.04740951955318451,0.004011557903140783,0.06333686411380768,0.004410369321703911,0.042877938598394394,0.004410369321703911,0.0664106085896492
407,0.0038635372184216976,0.04555042088031769,0.0038635372184216976,0.06215735897421837,0.004349872935563326,0.041661590337753296,0.004349872935563326,0.0659535676240921
408,0.003873670706525445,0.04578094184398651,0.003873670706525445,0.062238819897174835,0.004468023311346769,0.04386749118566513,0.004468023311346769,0.06684327125549316
409,0.0038588044699281454,0.04592858627438545,0.0038588044699281454,0.06211927533149719,0.0043632579036056995,0.042003802955150604,0.0043632579036056995,0.06605496257543564
410,0.0039137075655162334,0.046052079647779465,0.0039137075655162334,0.06255963444709778,0.0044205873273313046,0.04311836138367653,0.0044205873273313046,0.06648749113082886
411,0.0039772470481693745,0.04613221064209938,0.0039772470481693745,0.06306541711091995,0.004377549514174461,0.042250990867614746,0.004377549514174461,0.06616305559873581
412,0.0038274587132036686,0.045699939131736755,0.0038274587132036686,0.061866458505392075,0.004542077425867319,0.045063816010951996,0.004542077425867319,0.0673949345946312
413,0.003948580473661423,0.047255054116249084,0.003948580473661423,0.06283773481845856,0.004331281874328852,0.04141649976372719,0.004331281874328852,0.06581247597932816
414,0.00393728306517005,0.045882318168878555,0.00393728306517005,0.0627477765083313,0.004392491653561592,0.04256186634302139,0.004392491653561592,0.06627587229013443
415,0.0039218696765601635,0.04655212163925171,0.0039218696765601635,0.06262483447790146,0.004375093150883913,0.04230806604027748,0.004375093150883913,0.06614448875188828
416,0.003884165780618787,0.04543137177824974,0.003884165780618787,0.06232307478785515,0.004352763760834932,0.04175882413983345,0.004352763760834932,0.06597547978162766
417,0.0038502709940075874,0.0456429049372673,0.0038502709940075874,0.062050554901361465,0.004452284425497055,0.04365527629852295,0.004452284425497055,0.06672544032335281
418,0.003903245320543647,0.046107348054647446,0.003903245320543647,0.06247595697641373,0.00434845732524991,0.04169537127017975,0.00434845732524991,0.06594283133745193
419,0.003851648885756731,0.04569640010595322,0.003851648885756731,0.062061652541160583,0.004441868979483843,0.04349556565284729,0.004441868979483843,0.06664735078811646
420,0.0038971547037363052,0.04579560086131096,0.0038971547037363052,0.06242718920111656,0.004378356505185366,0.04220755025744438,0.004378356505185366,0.06616915017366409
421,0.003846247447654605,0.045881666243076324,0.003846247447654605,0.062018122524023056,0.004499189089983702,0.04436741769313812,0.004499189089983702,0.06707599759101868
422,0.0038695435505360365,0.04632649943232536,0.0038695435505360365,0.06220565363764763,0.004354800097644329,0.04171687364578247,0.004354800097644329,0.06599090993404388
423,0.003916815388947725,0.04554903879761696,0.003916815388947725,0.06258446723222733,0.004382473416626453,0.04238748550415039,0.004382473416626453,0.06620024889707565
424,0.003928504418581724,0.046581365168094635,0.003928504418581724,0.0626777783036232,0.004387148655951023,0.04258564114570618,0.004387148655951023,0.06623555719852448
425,0.003903256496414542,0.04561786353588104,0.003903256496414542,0.06247604638338089,0.0043486435897648335,0.041666679084300995,0.0043486435897648335,0.06594424694776535
426,0.003951109014451504,0.04682587832212448,0.003951109014451504,0.06285785138607025,0.004463793244212866,0.04379945248365402,0.004463793244212866,0.06681162863969803
427,0.004019179381430149,0.046306509524583817,0.004019179381430149,0.06339699774980545,0.004325421527028084,0.04137304052710533,0.004325421527028084,0.06576793640851974
428,0.003989553079009056,0.047226302325725555,0.003989553079009056,0.0631629079580307,0.004498132038861513,0.04439227655529976,0.004498132038861513,0.06706811487674713
429,0.003875583643093705,0.045958444476127625,0.003875583643093705,0.06225418671965599,0.004325057379901409,0.041398800909519196,0.004325057379901409,0.06576516479253769
430,0.003881648415699601,0.04555221274495125,0.003881648415699601,0.062302879989147186,0.0045236884616315365,0.044858790934085846,0.0045236884616315365,0.06725837290287018
431,0.00393291749060154,0.04717904329299927,0.00393291749060154,0.06271297484636307,0.00437728688120842,0.042305391281843185,0.00437728688120842,0.06616106629371643
432,0.004069962538778782,0.046219609677791595,0.004069962538778782,0.0637962594628334,0.004385416395962238,0.04234106466174126,0.004385416395962238,0.06622248142957687
433,0.003925092983990908,0.04692891985177994,0.003925092983990908,0.06265056133270264,0.004474443383514881,0.04395594447851181,0.004474443383514881,0.06689127534627914
434,0.0038935423363000154,0.045795831829309464,0.0038935423363000154,0.06239825487136841,0.004323373548686504,0.04144284874200821,0.004323373548686504,0.06575236469507217
435,0.003960991278290749,0.046834129840135574,0.003960991278290749,0.06293641030788422,0.004487201105803251,0.0441092923283577,0.004487201105803251,0.0669865757226944
436,0.003865324892103672,0.04569479078054428,0.003865324892103672,0.06217173859477043,0.004346659407019615,0.04155705124139786,0.004346659407019615,0.06592920422554016
437,0.0038781180046498775,0.045459117740392685,0.0038781180046498775,0.06227453798055649,0.004464421421289444,0.0438283309340477,0.004464421421289444,0.06681632250547409
438,0.0038760595489293337,0.04596799984574318,0.0038760595489293337,0.06225800886750221,0.00436646630987525,0.042298149317502975,0.00436646630987525,0.06607924401760101
439,0.003920870833098888,0.046639468520879745,0.003920870833098888,0.06261686235666275,0.004364264663308859,0.0421820767223835,0.004364264663308859,0.06606258451938629
440,0.0038922009989619255,0.045589447021484375,0.0038922009989619255,0.062387507408857346,0.004343791399151087,0.04166093096137047,0.004343791399151087,0.06590744853019714
441,0.0038719521835446358,0.04550566151738167,0.0038719517178833485,0.062225013971328735,0.004437633324414492,0.04338441044092178,0.004437633324414492,0.06661556661128998
442,0.0038836507592350245,0.0463826060295105,0.0038836507592350245,0.06231894716620445,0.004387941211462021,0.04251810535788536,0.004387941211462021,0.0662415400147438
443,0.003894855035468936,0.04548823460936546,0.003894855035468936,0.062408771365880966,0.004352439194917679,0.04168957844376564,0.004352439194917679,0.06597302109003067
444,0.003941886126995087,0.04698089882731438,0.003941886126995087,0.06278444081544876,0.004539187066257,0.04494068771600723,0.004539187066257,0.06737349182367325
445,0.0038904661778360605,0.04557635262608528,0.0038904661778360605,0.06237360090017319,0.004312010016292334,0.041268039494752884,0.004312010016292334,0.06566589325666428
446,0.0038868265692144632,0.04579732194542885,0.0038868265692144632,0.062344424426555634,0.0045156460255384445,0.04464978352189064,0.0045156460255384445,0.06719855964183807
447,0.003910141997039318,0.04611479118466377,0.003910141997039318,0.06253112852573395,0.004371661692857742,0.042146552354097366,0.004371661692857742,0.06611854583024979
448,0.003913561347872019,0.046357858926057816,0.003913561347872019,0.06255846470594406,0.004395129159092903,0.04273992404341698,0.004395129159092903,0.06629576534032822
449,0.003852488938719034,0.04536398500204086,0.003852488938719034,0.06206842139363289,0.004350677132606506,0.04168831929564476,0.004350677132606506,0.06595966219902039
450,0.003880560165271163,0.04571608453989029,0.003880560165271163,0.062294140458106995,0.004430506378412247,0.043336402624845505,0.004430506378412247,0.06656204909086227
451,0.0038717547431588173,0.04565681517124176,0.0038717547431588173,0.06222342699766159,0.004347729496657848,0.04170823469758034,0.004347729496657848,0.06593731790781021
452,0.0038992948830127716,0.04640999436378479,0.0038992948830127716,0.06244433671236038,0.0044435798190534115,0.043475233018398285,0.0044435798190534115,0.06666018068790436
453,0.0038658163975924253,0.045700330287218094,0.0038658163975924253,0.0621756911277771,0.004361003637313843,0.04200386255979538,0.004361003637313843,0.06603789329528809
454,0.003858095733448863,0.0453689806163311,0.003858095733448863,0.06211356818675995,0.004389215260744095,0.04265366494655609,0.004389215260744095,0.06625115871429443
455,0.0038495257031172514,0.04591082036495209,0.0038495257031172514,0.062044546008110046,0.004427286796271801,0.043343156576156616,0.004427286796271801,0.06653785705566406
456,0.0038766677025705576,0.04564973711967468,0.0038766677025705576,0.062262892723083496,0.0043250988237559795,0.04139531031250954,0.0043250988237559795,0.06576548516750336
457,0.003961626440286636,0.04709446430206299,0.003961626440286636,0.06294145435094833,0.004429560154676437,0.04324522241950035,0.004429560154676437,0.06655494123697281
458,0.0038808975368738174,0.045523714274168015,0.0038808975368738174,0.062296848744153976,0.004355214536190033,0.04176465794444084,0.004355214536190033,0.06599405407905579
459,0.003848260035738349,0.045449987053871155,0.003848260035738349,0.062034349888563156,0.0044128866866230965,0.04293558746576309,0.0044128866866230965,0.06642956286668777
460,0.0038715305272489786,0.04597200080752373,0.0038715305272489786,0.062221623957157135,0.004369661677628756,0.041974522173404694,0.004369661677628756,0.06610341370105743
461,0.003864919301122427,0.04540074244141579,0.003864919301122427,0.06216847151517868,0.00444268062710762,0.04335185885429382,0.00444268062710762,0.06665343791246414
462,0.0039056383538991213,0.0462506078183651,0.0039056383538991213,0.06249510496854782,0.004392664879560471,0.04240749031305313,0.004392664879560471,0.06627717614173889
463,0.0038454788736999035,0.04554202780127525,0.0038454788736999035,0.062011923640966415,0.004409181419759989,0.04271899163722992,0.004409181419759989,0.06640166789293289
464,0.0038775044959038496,0.045766524970531464,0.0038775044959038496,0.06226961314678192,0.004496474750339985,0.044280342757701874,0.004496474750339985,0.06705576181411743
465,0.003888710169121623,0.04583440348505974,0.003888710169121623,0.0623595230281353,0.004398958757519722,0.04250415042042732,0.004398958757519722,0.0663246437907219
466,0.003878186456859112,0.04608562961220741,0.003878186456859112,0.06227508559823036,0.004479285795241594,0.04385794699192047,0.004479285795241594,0.066927470266819
467,0.003996965009719133,0.04630260169506073,0.003996965009719133,0.06322155147790909,0.00443260045722127,0.04314820095896721,0.00443260045722127,0.06657778471708298
468,0.003895870642736554,0.046556711196899414,0.003895870642736554,0.06241690367460251,0.004461676348000765,0.043639857321977615,0.004461676348000765,0.06679578125476837
469,0.003983084578067064,0.04586884379386902,0.003983084578067064,0.06311168521642685,0.004341029562056065,0.04151204228401184,0.004341029562056065,0.065886490046978
470,0.003911125939339399,0.04687963426113129,0.003911125939339399,0.0625389963388443,0.004525699187070131,0.044711362570524216,0.004525699187070131,0.06727331876754761
471,0.0038790516555309296,0.04585894197225571,0.0038790516555309296,0.062282029539346695,0.004341945052146912,0.04149895906448364,0.004341945052146912,0.06589343398809433
472,0.0038656622637063265,0.04556775093078613,0.0038656622637063265,0.06217445060610771,0.004484303295612335,0.044060323387384415,0.004484303295612335,0.06696494668722153
473,0.0038675577379763126,0.04619099944829941,0.0038675579708069563,0.06218969076871872,0.00438470346853137,0.04221451282501221,0.00438470346853137,0.0662170872092247
474,0.00392400287091732,0.0456358902156353,0.00392400287091732,0.06264185905456543,0.004402634687721729,0.04262741655111313,0.004402634687721729,0.06635235249996185
475,0.003842640435323119,0.04599710553884506,0.003842640435323119,0.06198903173208237,0.004483428318053484,0.044061701744794846,0.004483428318053484,0.06695840507745743
476,0.003895767265930772,0.04592818766832352,0.003895767265930772,0.06241608411073685,0.004350357223302126,0.04163523018360138,0.004350357223302126,0.06595724076032639
477,0.0038678734563291073,0.04585092142224312,0.0038678732234984636,0.06219223141670227,0.004480945877730846,0.0439705029129982,0.004480945877730846,0.06693986803293228
478,0.003912047948688269,0.04587603732943535,0.003912047948688269,0.06254636496305466,0.004382557701319456,0.04216809198260307,0.004382557701319456,0.06620088964700699
479,0.0038334056735038757,0.04569212347269058,0.0038334056735038757,0.06191450357437134,0.004494039341807365,0.04423155635595322,0.004494039341807365,0.06703758984804153
480,0.003865679493173957,0.04609527438879013,0.003865679493173957,0.062174588441848755,0.00435106735676527,0.041699253022670746,0.00435106735676527,0.06596262007951736
481,0.0038690203800797462,0.04548625648021698,0.0038690203800797462,0.062201447784900665,0.00444074347615242,0.043343685567379,0.00444074347615242,0.06663890182971954
482,0.0038780916947871447,0.04591541364789009,0.0038780916947871447,0.062274325639009476,0.004388297442346811,0.04227994382381439,0.004388297442346811,0.0662442222237587
483,0.00386256561614573,0.04574943706393242,0.00386256561614573,0.062149543315172195,0.004387187771499157,0.0423600971698761,0.004387187771499157,0.06623584777116776
484,0.0038567567244172096,0.04580291360616684,0.0038567567244172096,0.0621027909219265,0.004389969632029533,0.04237113147974014,0.004389969632029533,0.06625684350728989
485,0.003867639694362879,0.04553896561264992,0.003867639694362879,0.06219035014510155,0.0043989503756165504,0.04255063086748123,0.0043989503756165504,0.06632458418607712
486,0.0038498411886394024,0.045721039175987244,0.0038498411886394024,0.0620470866560936,0.004457734990864992,0.043578941375017166,0.004457734990864992,0.06676626950502396
487,0.003840727498754859,0.045811187475919724,0.003840727498754859,0.06197360157966614,0.004390846472233534,0.042267732322216034,0.004390846472233534,0.06626345962285995
488,0.003870984073728323,0.04555300250649452,0.003870984073728323,0.06221723183989525,0.004419537261128426,0.042890362441539764,0.004419537261128426,0.06647960096597672
489,0.003864309284836054,0.04596981778740883,0.003864309284836054,0.062163569033145905,0.004401404410600662,0.04250776767730713,0.004401404410600662,0.06634308397769928
490,0.003886391408741474,0.04564526677131653,0.003886391408741474,0.062340930104255676,0.004410460125654936,0.042725350707769394,0.004410460125654936,0.06641129404306412
491,0.0038534963969141245,0.04600726440548897,0.0038534963969141245,0.06207653507590294,0.004450978711247444,0.043528713285923004,0.004450978711247444,0.06671565771102905
492,0.0038707994390279055,0.04566177725791931,0.0038707994390279055,0.06221574917435646,0.004395685624331236,0.04245961084961891,0.004395685624331236,0.06629996746778488
493,0.0038676185067743063,0.0459492988884449,0.0038676185067743063,0.06219017878174782,0.0043938541784882545,0.042534589767456055,0.0043938541784882545,0.06628615409135818
494,0.0038487566635012627,0.04548802599310875,0.0038487566635012627,0.062038347125053406,0.0043843998573720455,0.04239964857697487,0.0043843998573720455,0.06621479988098145
495,0.003909359220415354,0.04650383070111275,0.003909359220415354,0.06252487003803253,0.004379057791084051,0.04231293126940727,0.004379057791084051,0.0661744475364685
496,0.003903670934960246,0.045406535267829895,0.003903670934960246,0.06247936561703682,0.004389848560094833,0.04252221807837486,0.004389848560094833,0.06625593453645706
497,0.0038686483167111874,0.046245358884334564,0.0038686483167111874,0.062198456376791,0.0044596134684979916,0.043654244393110275,0.0044596134684979916,0.06678033620119095
498,0.003899943782016635,0.04577706381678581,0.003899943782016635,0.062449533492326736,0.0043897018767893314,0.04224956035614014,0.0043897018767893314,0.06625482439994812
499,0.003939793910831213,0.04682973027229309,0.003939793910831213,0.06276778131723404,0.004422987811267376,0.042912110686302185,0.004422987811267376,0.0665055438876152
