time,pressure_set_point,pressure_predicted,error,delta_error,frequency,delta_frequency,pt_k_1,pt_k_2,angle_set_point,angle,angle_error,model,time
2024-04-17 19:01:35.409348,30.0,0.0,0.0,0.0,0.0,0.0,0.0,0.0,45.0,45.0,0.5,MLP,
2024-04-17 19:04:14.708783,6.0,3.9889987383458374,2.0110012616541626,2.0110012616541626,30.0,1.605153415938401,0.0,0.0,30.0,29.499719457302216,-0.5469414176107605,MLP,2024-04-17 19:04:14.708783
2024-04-17 19:04:15.608819,6.0,3.807036311884296,2.192963688115704,0.1819624264615416,31.597975888647007,1.597975888647006,3.9889987383458374,0.0,30.0,31.032457361025358,0.7756179649353712,MLP,2024-04-17 19:04:15.608819
2024-04-17 19:04:16.142912,6.0,4.339586533516323,1.6604134664836767,-0.5325502216320275,33.20361432149909,1.6056384328520839,3.807036311884296,3.9889987383458374,30.0,30.32504820514681,0.22337983741626743,MLP,2024-04-17 19:04:16.142912
2024-04-17 19:04:16.623332,6.0,4.29188185745548,1.70811814254452,0.047704676060843276,34.80853523188682,1.6049209103877335,4.339586533516323,3.807036311884296,30.0,31.033692522402095,1.190180292930144,MLP,2024-04-17 19:04:16.623332
2024-04-17 19:04:17.121839,6.0,4.5451332417245505,1.4548667582754495,-0.25325138426907046,36.35856908715249,1.550033855265669,4.29188185745548,4.339586533516323,30.0,28.96859786524977,-0.768140229018119,MLP,2024-04-17 19:04:17.121839
2024-04-17 19:04:17.608120,6.0,4.5559291546533105,1.4440708453466895,-0.010795912928760032,37.89458342701432,1.5360143398618304,4.5451332417245505,4.29188185745548,30.0,29.61473168524904,-0.5596095474458735,MLP,2024-04-17 19:04:17.608120
2024-04-17 19:04:18.108487,6.0,4.773033184993029,1.2269668150069712,-0.21710403033971826,39.135562924981755,1.2409794979674391,4.5559291546533105,4.5451332417245505,30.0,30.895102392270303,1.1303262542653627,MLP,2024-04-17 19:04:18.108487
2024-04-17 19:04:18.606008,6.0,4.8135344772468205,1.1864655227531795,-0.04050129225379173,40.32144833984412,1.1858854148623599,4.773033184993029,4.5559291546533105,30.0,29.0106098442359,-0.9753936719736487,MLP,2024-04-17 19:04:18.606008
2024-04-17 19:04:19.115370,6.0,5.002483614674806,0.997516385325194,-0.18894913742798547,41.250576435207925,0.9291280953638057,4.8135344772468205,4.773033184993029,30.0,30.185211832659107,0.2795524261250968,MLP,2024-04-17 19:04:19.115370
2024-04-17 19:04:19.609441,6.0,5.060433358781075,0.9395666412189252,-0.05794974410626885,42.09755680051739,0.8469803653094634,5.002483614674806,4.8135344772468205,30.0,30.102023406876704,0.10536698934536304,MLP,2024-04-17 19:04:19.609441
2024-04-17 19:04:20.114989,6.0,5.2326789246195675,0.7673210753804325,-0.1722455658384927,42.675242331999584,0.5776855314821944,5.060433358781075,5.002483614674806,30.0,28.969129195068334,-1.2391705983455772,MLP,2024-04-17 19:04:20.114989
2024-04-17 19:04:20.610829,6.0,5.311956390872168,0.6880436091278321,-0.07927746625260035,43.10917422763406,0.43393189563447143,5.2326789246195675,5.060433358781075,30.0,29.33371883187692,-0.717279931145189,MLP,2024-04-17 19:04:20.610829
2024-04-17 19:04:21.116179,6.0,5.472079057379973,0.5279209426200273,-0.16012266650780482,43.185095308983115,0.07592108134905577,5.311956390872168,5.2326789246195675,30.0,30.3390246826663,0.6375047427135705,MLP,2024-04-17 19:04:21.116179
2024-04-17 19:04:21.616755,6.0,5.559260950079798,0.44073904992020196,-0.08718189269982535,43.185095308983115,3.1927654373419754e-18,5.472079057379973,5.311956390872168,30.0,29.974734156599744,-0.25682102360668324,MLP,2024-04-17 19:04:21.616755
2024-04-17 19:04:22.111116,6.0,5.704028590886664,0.29597140911333586,-0.1447676408068661,43.185095308983115,1.2887177466648622e-17,5.559260950079798,5.472079057379973,30.0,31.023567460137347,1.2390153145527911,MLP,2024-04-17 19:04:22.111116
2024-04-17 19:04:22.626948,6.0,5.795361403411853,0.20463859658814698,-0.09133281252518888,43.185095308983115,3.0179357213145517e-18,5.704028590886664,5.559260950079798,30.0,30.960029271532324,0.8945786154443098,MLP,2024-04-17 19:04:22.626948
2024-04-17 19:04:23.149967,6.0,5.927905174625659,0.0720948253743412,-0.13254377121380578,43.185095308983115,1.2700098081496199e-17,5.795361403411853,5.704028590886664,30.0,30.385550145296378,0.30567143647220263,MLP,2024-04-17 19:04:23.149967
2024-04-17 19:04:23.669338,6.0,6.021128035478532,-0.021128035478532148,-0.09322286085287335,43.185095308983115,3.0221946295530067e-18,5.927905174625659,5.795361403411853,30.0,29.57655410976264,-0.27461954370254915,MLP,2024-04-17 19:04:23.669338
2024-04-17 19:04:24.129861,6.0,6.14371204251995,-0.14371204251995007,-0.12258400704141792,43.185095308983115,1.256274868826261e-17,6.021128035478532,5.927905174625659,30.0,30.767191722804753,1.0532512161201808,MLP,2024-04-17 19:04:24.129861
2024-04-17 19:04:24.631147,6.0,6.2372356582112785,-0.23723565821127846,-0.09352361569132839,43.185095308983115,3.022873439153361e-18,6.14371204251995,6.021128035478532,30.0,30.923232458653423,0.7640426285326107,MLP,2024-04-17 19:04:24.631147
2024-04-17 19:04:25.127973,6.0,6.351544774960256,-0.3515447749602556,-0.11430911674897715,43.185095308983115,3.086688963483918e-18,6.2372356582112785,6.14371204251995,30.0,29.53174907463052,-0.7171976665353768,MLP,2024-04-17 19:04:25.127973
2024-04-17 19:04:25.630523,6.0,6.4442599099030495,-0.44425990990304953,-0.09271513494279393,43.185095308983115,3.197699149667543e-18,6.351544774960256,6.2372356582112785,30.0,30.75605275841235,0.7940805899481447,MLP,2024-04-17 19:04:25.630523
2024-04-17 19:04:26.144177,6.0,6.551557162951183,-0.5515571629511831,-0.10729725304813353,43.04867737210047,-0.13641793688264436,6.4442599099030495,6.351544774960256,30.0,29.316386459303427,-0.38671695669731676,MLP,2024-04-17 19:04:26.144177
2024-04-17 19:04:26.644841,6.0,6.640398058147001,-0.6403980581470012,-0.08884089519581817,42.710140815896544,-0.33853655620392703,6.551557162951183,6.4442599099030495,30.0,30.599130293296998,0.6276116734825941,MLP,2024-04-17 19:04:26.644841
2024-04-17 19:04:27.139175,6.0,6.735931736641573,-0.7359317366415734,-0.09553367849457217,42.18743717566833,-0.5227036402282184,6.640398058147001,6.551557162951183,30.0,30.3831345706544,0.5983249768135828,MLP,2024-04-17 19:04:27.139175
2024-04-17 19:04:27.647302,6.0,6.812202732483959,-0.8122027324839589,-0.0762709958423855,41.53480161431159,-0.6526355613567373,6.735931736641573,6.640398058147001,30.0,29.639008358630473,-0.13597417993735306,MLP,2024-04-17 19:04:27.647302
2024-04-17 19:04:28.143427,6.0,6.889282927724433,-0.889282927724433,-0.07708019524047405,40.76190619195183,-0.7728954223597571,6.812202732483959,6.735931736641573,30.0,29.539717953668102,-0.7443589238383019,MLP,2024-04-17 19:04:28.143427
2024-04-17 19:04:28.656665,6.0,6.948755490236163,-0.948755490236163,-0.059472562511730054,39.90168722897105,-0.8602189629807805,6.889282927724433,6.812202732483959,30.0,29.96983419050748,-0.1378160751941202,MLP,2024-04-17 19:04:28.656665
2024-04-17 19:04:29.146658,6.0,7.005280152276349,-1.0052801522763488,-0.0565246620401858,38.961835920840336,-0.9398513081307117,6.948755490236163,6.889282927724433,30.0,29.844540881050417,0.12988481501466964,MLP,2024-04-17 19:04:29.146658
2024-04-17 19:04:29.644808,6.0,7.045712094848156,-1.045712094848156,-0.040431942571807156,37.96627111253728,-0.9955648083030584,7.005280152276349,6.948755490236163,30.0,29.790073930479043,0.02864052088636626,MLP,2024-04-17 19:04:29.644808
2024-04-17 19:04:30.143919,6.0,7.080812376376962,-1.0808123763769624,-0.0351002815288064,36.92294455726379,-1.0433265552734912,7.045712094848156,7.005280152276349,30.0,29.894628062297944,0.0009971373350587953,MLP,2024-04-17 19:04:30.143919
2024-04-17 19:04:30.653489,6.0,7.1012802343316315,-1.1012802343316315,-0.0204678579546691,35.851966088153695,-1.0709784691100983,7.080812376376962,7.045712094848156,30.0,29.119124026041412,-1.0129632708245104,MLP,2024-04-17 19:04:30.653489
2024-04-17 19:04:31.170909,6.0,7.115099146610355,-1.1150991466103548,-0.013818912278723339,34.76228282706687,-1.0896832610868263,7.1012802343316315,7.080812376376962,30.0,29.57259801830707,-0.21026536978612143,MLP,2024-04-17 19:04:31.170909
2024-04-17 19:04:31.677294,6.0,7.115792643430209,-1.1157926434302086,-0.0006934968198537561,33.67166775904465,-1.0906150680222133,7.115099146610355,7.1012802343316315,30.0,30.25419369779387,0.33542906521381965,MLP,2024-04-17 19:04:31.677294
2024-04-17 19:04:32.221919,6.0,7.10938300805583,-1.10938300805583,0.006409635374378553,32.5896953217172,-1.0819724373274502,7.115792643430209,7.115099146610355,30.0,28.980901473908464,-1.2269609017022631,MLP,2024-04-17 19:04:32.221919
2024-04-17 19:04:32.686322,6.0,7.091471386565638,-1.0914713865656376,0.01791162149019243,31.531962595009578,-1.0577327267076226,7.10938300805583,7.115792643430209,30.0,29.344777094111166,-0.5142446982510442,MLP,2024-04-17 19:04:32.686322
2024-04-17 19:04:33.166012,6.0,7.06669953643055,-1.0666995364305496,0.02477185013508798,30.50784636856502,-1.0241162264445587,7.091471386565638,7.10938300805583,30.0,29.511674011140876,-0.6719700540765885,MLP,2024-04-17 19:04:33.166012
2024-04-17 19:04:33.678190,6.0,7.032195015382218,-1.032195015382218,0.03450452104833168,30.0,-0.9770139259960168,7.06669953643055,7.091471386565638,30.0,30.13089661718758,0.35838796562685715,MLP,2024-04-17 19:04:33.678190
2024-04-17 19:04:34.198377,6.0,7.000268290284991,-1.0002682902849909,0.03192672509722705,30.0,-0.9329360534697178,7.032195015382218,7.06669953643055,30.0,30.468835397359037,0.5581465568058199,MLP,2024-04-17 19:04:34.198377
2024-04-17 19:04:34.679795,6.0,6.9688510877217285,-0.9688510877217285,0.031417202563262414,30.0,-0.8888742514022265,7.000268290284991,7.032195015382218,30.0,29.904182306955487,-0.17375808895362255,MLP,2024-04-17 19:04:34.679795
2024-04-17 19:04:35.175973,6.0,6.938568632804632,-0.9385686328046319,0.03028245491709658,30.0,-0.8455416077610973,6.9688510877217285,7.000268290284991,30.0,29.21295658111089,-0.8057042405100105,MLP,2024-04-17 19:04:35.175973
2024-04-17 19:04:35.676227,6.0,6.908980393356943,-0.9089803933569431,0.029588239447688736,30.0,-0.8022829784513351,6.938568632804632,6.9688510877217285,30.0,30.704680347838497,0.49310184076464836,MLP,2024-04-17 19:04:35.676227
2024-04-17 19:04:36.188305,6.0,6.880394670037436,-0.8803946700374361,0.02858572331950704,30.0,-0.7595134329748823,6.908980393356943,6.938568632804632,30.0,29.55458629469556,-0.3365467692477573,MLP,2024-04-17 19:04:36.188305
2024-04-17 19:04:36.690286,6.0,6.852508192734217,-0.8525081927342173,0.027886477303218804,30.0,-0.7166647007714391,6.880394670037436,6.908980393356943,30.0,30.505565966434204,0.5907349042299828,MLP,2024-04-17 19:04:36.690286
2024-04-17 19:04:37.193711,6.0,6.825530807117128,-0.8255308071171283,0.026977385617088956,30.0,-0.6740610684770586,6.852508192734217,6.880394670037436,30.0,29.03681761576239,-0.8098279045783876,MLP,2024-04-17 19:04:37.193711
2024-04-17 19:04:37.686921,6.0,6.799242606422567,-0.7992426064225668,0.026288200694561503,30.0,-0.6313712937936088,6.825530807117128,6.852508192734217,30.0,31.003116224983227,0.8593602123337867,MLP,2024-04-17 19:04:37.686921
2024-04-17 19:04:38.186846,6.0,6.773787320561385,-0.773787320561385,0.025455285861181842,30.0,-0.5887539816082223,6.799242606422567,6.825530807117128,30.0,29.277466574812447,-0.5674275214367164,MLP,2024-04-17 19:04:38.186846
2024-04-17 19:04:38.702048,6.0,6.74900253473432,-0.7490025347343199,0.024784785827065114,30.0,-0.5459109398856544,6.773787320561385,6.799242606422567,30.0,29.246047034464844,-0.4925846616541918,MLP,2024-04-17 19:04:38.702048
2024-04-17 19:04:39.192753,6.0,6.724986703930306,-0.7249867039303064,0.024015830804013483,30.0,-0.5029782104370597,6.74900253473432,6.773787320561385,30.0,29.283431647308397,-0.9236896007726365,MLP,2024-04-17 19:04:39.192753
2024-04-17 19:04:39.694335,6.0,6.701617657725119,-0.7016176577251194,0.023369046205186983,30.0,-0.4597244917958448,6.724986703930306,6.74900253473432,30.0,30.33044253099007,0.36728079807700453,MLP,2024-04-17 19:04:39.694335
2024-04-17 19:04:40.200108,6.0,6.678960793228197,-0.6789607932281969,0.022656864496922502,30.0,-0.416288917044067,6.701617657725119,6.724986703930306,30.0,29.773061905412,-0.2175826166948589,MLP,2024-04-17 19:04:40.200108
2024-04-17 19:04:40.700211,6.0,6.656924841946148,-0.6569248419461484,0.022035951282048494,30.0,-0.37249737489705836,6.678960793228197,6.701617657725119,30.0,30.29482975369708,0.13749678548131072,MLP,2024-04-17 19:04:40.700211
2024-04-17 19:04:41.206851,6.0,6.635552204202676,-0.6355522042026758,0.021372637743472644,30.0,-0.32838191450424326,6.656924841946148,6.678960793228197,30.0,29.34467832036928,-0.36721150056006024,MLP,2024-04-17 19:04:41.206851
2024-04-17 19:04:41.725680,6.0,6.6147717336919065,-0.6147717336919065,0.020780470510769256,30.0,-0.28379043504385604,6.635552204202676,6.656924841946148,30.0,28.981108393015077,-1.186871762767268,MLP,2024-04-17 19:04:41.725680
2024-04-17 19:04:42.211331,6.0,6.594610020447349,-0.594610020447349,0.02016171324455751,30.0,-0.23885189440807275,6.6147717336919065,6.635552204202676,30.0,29.42677640424954,-0.6573593279440679,MLP,2024-04-17 19:04:42.211331
2024-04-17 19:04:42.709780,6.0,6.575013884401988,-0.5750138844019883,0.0195961360453607,30.0,-0.19339810452519382,6.594610020447349,6.6147717336919065,30.0,30.43191695472113,0.505193125566425,MLP,2024-04-17 19:04:42.709780
2024-04-17 19:04:43.212479,6.0,6.5559955425982475,-0.5559955425982475,0.019018341803740846,30.0,-0.1473861124688384,6.575013884401988,6.594610020447349,30.0,29.399509027176318,-0.35439428580296806,MLP,2024-04-17 19:04:43.212479
2024-04-17 19:04:43.714243,6.0,6.537516187960195,-0.5375161879601951,0.018479354638052392,30.0,-0.10082873092066179,6.5559955425982475,6.575013884401988,30.0,29.13438648859675,-1.081303232478458,MLP,2024-04-17 19:04:43.714243
2024-04-17 19:04:44.221500,6.0,6.519576539137387,-0.519576539137387,0.017939648822808074,30.0,-0.05372883575162351,6.537516187960195,6.5559955425982475,30.0,31.086269302880243,1.2804134309068331,MLP,2024-04-17 19:04:44.221500
2024-04-17 19:04:44.737329,6.0,6.502149287446761,-0.5021492874467608,0.0174272516906262,30.0,-0.006042389230256793,6.519576539137387,6.537516187960195,30.0,28.82346852536087,-1.4386648497513441,MLP,2024-04-17 19:04:44.737329
2024-04-17 19:04:45.225255,6.0,6.485227965042329,-0.4852279650423288,0.016921322404432004,30.0,3.2581668443262595e-18,6.502149287446761,6.519576539137387,30.0,29.25806032167274,-0.6056541216742062,MLP,2024-04-17 19:04:45.225255
2024-04-17 19:04:45.728396,6.0,6.468791731087017,-0.4687917310870171,0.016436233955311685,30.0,3.2328210169566607e-18,6.485227965042329,6.502149287446761,30.0,29.836818569122876,-0.017045376208507435,MLP,2024-04-17 19:04:45.728396
2024-04-17 19:04:46.246608,6.0,6.452831961786174,-0.452831961786174,0.015959769300843085,30.0,3.2097749920337474e-18,6.468791731087017,6.485227965042329,30.0,29.08309458174056,-0.6833823746873371,MLP,2024-04-17 19:04:46.246608
2024-04-17 19:04:46.737897,6.0,6.4373299722513915,-0.4373299722513915,0.015501989534782545,30.0,1.2903821054619054e-17,6.452831961786174,6.468791731087017,30.0,29.759060330210332,0.04288576745206285,MLP,2024-04-17 19:04:46.737897
2024-04-17 19:04:47.240656,6.0,6.42227785733757,-0.42227785733757006,0.015052114913821413,30.0,3.1683514339060223e-18,6.4373299722513915,6.452831961786174,30.0,30.439075516871707,0.1946408710855927,MLP,2024-04-17 19:04:47.240656
2024-04-17 19:04:47.758088,6.0,6.4076569321563,-0.40765693215629994,0.014620925181270117,30.0,3.1496605780830293e-18,6.42227785733757,6.4373299722513915,30.0,28.987230469492744,-1.1904019595616155,MLP,2024-04-17 19:04:47.758088
2024-04-17 19:04:48.240426,6.0,6.393460010212039,-0.39346001021203936,0.014196921944260588,30.0,1.268035644117405e-17,6.4076569321563,6.42227785733757,30.0,30.984969851789998,0.9761115055747283,MLP,2024-04-17 19:04:48.240426
2024-04-17 19:04:48.740549,6.0,6.37967056256504,-0.37967056256503984,0.01378944764699952,30.0,1.261552932159215e-17,6.393460010212039,6.4076569321563,30.0,29.37704479398787,-0.8835061706403486,MLP,2024-04-17 19:04:48.740549
2024-04-17 19:04:49.258532,6.0,6.366279965420651,-0.36627996542065144,0.013390597144388394,30.0,3.1021816340410272e-18,6.37967056256504,6.393460010212039,30.0,30.061395482291303,-0.1991349170482124,MLP,2024-04-17 19:04:49.258532
2024-04-17 19:04:49.752076,6.0,6.353274564437341,-0.3532745644373412,0.013005400983310267,30.0,3.0884996535446285e-18,6.366279965420651,6.37967056256504,30.0,30.05568790512445,0.25775633291047484,MLP,2024-04-17 19:04:49.752076
2024-04-17 19:04:50.252678,6.0,6.340645017170906,-0.3406450171709059,0.012629547266435281,30.0,3.0757349086252194e-18,6.353274564437341,6.366279965420651,30.0,29.063795855718407,-0.7168401092611774,MLP,2024-04-17 19:04:50.252678
2024-04-17 19:04:50.759405,6.0,6.328378387929368,-0.3283783879293676,0.012266629241538318,30.0,3.0640990397288716e-18,6.340645017170906,6.353274564437341,30.0,31.17057242432009,1.126997518941657,MLP,2024-04-17 19:04:50.759405
2024-04-17 19:04:51.258265,6.0,6.31646677156763,-0.31646677156763037,0.01191161636173721,30.0,3.0528838748887896e-18,6.328378387929368,6.340645017170906,30.0,29.11438217179367,-0.9181774745571332,MLP,2024-04-17 19:04:51.258265
2024-04-17 19:04:51.764220,6.0,6.304897951043271,-0.3048979510432712,0.011568820524359147,30.0,3.042952145167736e-18,6.31646677156763,6.328378387929368,30.0,29.581544338274007,-0.5940508027146834,MLP,2024-04-17 19:04:51.764220
2024-04-17 19:04:52.263062,6.0,6.293662583912086,-0.2936625839120861,0.011235367131185114,30.0,3.0334624947264197e-18,6.304897951043271,6.31646677156763,30.0,31.136167293462936,1.0095039887454185,MLP,2024-04-17 19:04:52.263062
2024-04-17 19:04:52.763732,6.0,6.282752046379422,-0.2827520463794224,0.010910537532663689,30.0,-1.541062762823936e-17,6.293662583912086,6.304897951043271,30.0,30.697659052425124,0.5003564505401243,MLP,2024-04-17 19:04:52.763732
2024-04-17 19:04:53.265011,6.0,6.272154840052414,-0.27215484005241386,0.010597206327008557,30.0,3.016553559639976e-18,6.282752046379422,6.293662583912086,30.0,30.139665176847355,0.258960421022838,MLP,2024-04-17 19:04:53.265011
2024-04-17 19:04:53.779712,6.0,6.262217354016208,-0.26221735401620805,0.009937486036205812,30.0,3.0091250871780673e-18,6.272154840052414,6.282752046379422,30.0,30.694038313795133,0.4423661402188692,MLP,2024-04-17 19:04:53.779712
2024-04-17 19:04:54.272667,6.0,6.252628413013816,-0.25262841301381567,0.009588941002392382,30.0,3.002208388380167e-18,6.262217354016208,6.272154840052414,30.0,29.557899420053378,-0.3705429689081292,MLP,2024-04-17 19:04:54.272667
2024-04-17 19:04:54.808477,6.0,6.24359498811686,-0.2435949881168602,0.009033424896955466,30.0,2.996260100689958e-18,6.252628413013816,6.262217354016208,30.0,28.94794722245044,-0.9462662471289889,MLP,2024-04-17 19:04:54.808477
2024-04-17 19:04:55.287090,6.0,6.234910108253717,-0.23491010825371728,0.008684879863142925,30.0,2.9905635031633143e-18,6.24359498811686,6.252628413013816,30.0,30.52409335996586,0.512143642980142,MLP,2024-04-17 19:04:55.287090
2024-04-17 19:04:55.788727,6.0,6.226703848993706,-0.2267038489937061,0.008206259260011173,30.0,2.985200710822472e-18,6.234910108253717,6.24359498811686,30.0,28.865279517757305,-0.9788324976489058,MLP,2024-04-17 19:04:55.788727
2024-04-17 19:04:56.286701,6.0,6.218835355024194,-0.21883535502419438,0.007868493969511725,30.0,2.9805960195462023e-18,6.226703848993706,6.234910108253717,30.0,30.003304654192114,0.04070786675345062,MLP,2024-04-17 19:04:56.286701
2024-04-17 19:04:56.792778,6.0,6.2113829591465946,-0.21138295914659455,0.007452395877599827,30.0,-1.516527011278683e-17,6.218835355024194,6.226703848993706,30.0,28.89641102873326,-0.8847970036757431,MLP,2024-04-17 19:04:56.792778
2024-04-17 19:04:57.292729,6.0,6.204251080970192,-0.20425108097019162,0.007131878176402928,30.0,2.9723202047678783e-18,6.2113829591465946,6.218835355024194,30.0,29.252319670852714,-0.6332169437438218,MLP,2024-04-17 19:04:57.292729
2024-04-17 19:04:57.797679,6.0,6.197485714066457,-0.19748571406645699,0.0067653669037346376,30.0,2.9684967956862442e-18,6.204251080970192,6.2113829591465946,30.0,30.691497425973097,0.8739247283475144,MLP,2024-04-17 19:04:57.797679
2024-04-17 19:04:58.299104,6.0,6.191020024026846,-0.19102002402684626,0.0064656900396107275,30.0,-1.5108337781065718e-17,6.197485714066457,6.204251080970192,30.0,29.53644556936371,-0.4193800648438888,MLP,2024-04-17 19:04:58.299104
2024-04-17 19:04:58.801148,6.0,6.184879163585758,-0.18487916358575784,0.006140860441088414,30.0,-1.5093249331274527e-17,6.191020024026846,6.197485714066457,30.0,29.681946145972965,-0.5940725210280426,MLP,2024-04-17 19:04:58.801148
2024-04-17 19:04:59.304823,6.0,6.179016420522165,-0.17901642052216538,0.005862743063592468,30.0,2.959404849014993e-18,6.184879163585758,6.191020024026846,30.0,29.194994922901156,-0.7973301634362677,MLP,2024-04-17 19:04:59.304823
2024-04-17 19:04:59.809405,6.0,6.17344401187849,-0.17344401187849012,0.005572408643675253,30.0,2.9567279058933075e-18,6.179016420522165,6.184879163585758,30.0,29.90392773455352,-0.09250990904469347,MLP,2024-04-17 19:04:59.809405
2024-04-17 19:05:00.312408,6.0,6.168126723826575,-0.16812672382657468,0.0053172880519154475,30.0,2.954178032263849e-18,6.17344401187849,6.179016420522165,30.0,30.99673632204901,1.189056756156166,MLP,2024-04-17 19:05:00.312408
2024-04-17 19:05:00.826214,6.0,6.1630703055628535,-0.1630703055628535,0.005056418263721163,30.0,-1.5040757423085137e-17,6.168126723826575,6.17344401187849,30.0,29.031088994684033,-1.1690131539065298,MLP,2024-04-17 19:05:00.826214
2024-04-17 19:05:01.317845,6.0,6.158247448404264,-0.1582474484042642,0.004822857158589322,30.0,-1.5030967128774473e-17,6.1630703055628535,6.168126723826575,30.0,30.684173733604315,0.38526007162706577,MLP,2024-04-17 19:05:01.317845
2024-04-17 19:05:01.823209,6.0,6.153659589649916,-0.15365958964991577,0.004587858754348417,30.0,-1.5021665697689345e-17,6.158247448404264,6.1630703055628535,30.0,30.95779626308047,1.0272904597988237,MLP,2024-04-17 19:05:01.823209
2024-04-17 19:05:02.324748,6.0,6.149285169813179,-0.1492851698131794,0.004374419836736365,30.0,-1.5012807707539406e-17,6.153659589649916,6.158247448404264,30.0,28.98758673369451,-0.9317168591170315,MLP,2024-04-17 19:05:02.324748
2024-04-17 19:05:02.825655,6.0,6.145122751594949,-0.1451227515949487,0.004162418218230712,30.0,-1.5004388704655855e-17,6.149285169813179,6.153659589649916,30.0,30.933761980738158,0.804810622261833,MLP,2024-04-17 19:05:02.825655
2024-04-17 19:05:03.341674,6.0,6.141155087405919,-0.1411550874059193,0.003967664189029385,30.0,-1.4996372401238725e-17,6.145122751594949,6.149285169813179,30.0,30.27593975677352,0.24842520554575742,MLP,2024-04-17 19:05:03.341674
2024-04-17 19:05:03.846671,6.0,6.137378583998322,-0.1373785839983217,0.003776503407597609,30.0,-1.4988750273241694e-17,6.141155087405919,6.145122751594949,30.0,29.90625561256339,-0.05048801069300879,MLP,2024-04-17 19:05:03.846671
2024-04-17 19:05:04.339845,6.0,6.133779587030625,-0.13377958703062465,0.0035989969676970546,30.0,-1.4982040007664207e-17,6.137378583998322,6.141155087405919,30.0,30.306331663285548,0.5225923014771006,MLP,2024-04-17 19:05:04.339845
2024-04-17 19:05:04.844846,6.0,6.130353065955949,-0.13035306595594864,0.0034265210746760033,30.0,-1.4976517200335904e-17,6.133779587030625,6.137378583998322,30.0,31.16905072731274,1.4008578173689799,MLP,2024-04-17 19:05:04.844846
2024-04-17 19:05:05.370664,6.0,6.127088959680533,-0.1270889596805329,0.0032641062754157346,30.0,-1.4971259955845903e-17,6.130353065955949,6.133779587030625,30.0,30.12125931374361,0.19743521764874217,MLP,2024-04-17 19:05:05.370664
2024-04-17 19:05:05.858582,6.0,6.123980081708837,-0.12398008170883656,0.0031088779716963444,30.0,-1.496625615628967e-17,6.127088959680533,6.130353065955949,30.0,31.12029004468059,1.2729582224658351,MLP,2024-04-17 19:05:05.858582
2024-04-17 19:05:06.354808,6.0,6.121019245545315,-0.12101924554531518,0.0029608361635213853,30.0,-1.496149374160055e-17,6.123980081708837,6.127088959680533,30.0,29.55718551064992,-0.5067413508475127,MLP,2024-04-17 19:05:06.354808
2024-04-17 19:05:06.857246,6.0,6.118274004248071,-0.11827400424807077,0.002745241297244405,30.0,-1.4957080811769234e-17,6.121019245545315,6.123980081708837,30.0,29.57635351333458,-0.6751609462002115,MLP,2024-04-17 19:05:06.857246
2024-04-17 19:05:07.358985,6.0,6.115664587716579,-0.11566458771657917,0.002609416531491604,30.0,-1.4952888630517854e-17,6.118274004248071,6.121019245545315,30.0,29.7191975475575,-0.38384762720172816,MLP,2024-04-17 19:05:07.358985
2024-04-17 19:05:07.866743,6.0,6.1132362708727594,-0.11323627087275945,0.0024283168438197222,30.0,-1.494898950701789e-17,6.115664587716579,6.118274004248071,30.0,29.813278961633248,-0.05930024497278197,MLP,2024-04-17 19:05:07.866743
2024-04-17 19:05:08.364801,6.0,6.110935873649597,-0.11093587364959667,0.0023003972231627756,30.0,-1.4945297657896828e-17,6.1132362708727594,6.115664587716579,30.0,28.820472540275514,-1.0266747810442745,MLP,2024-04-17 19:05:08.364801
2024-04-17 19:05:08.868395,6.0,6.10878854878149,-0.10878854878149014,0.002147324868106537,30.0,-1.494185311586418e-17,6.110935873649597,6.1132362708727594,30.0,28.922792308010653,-1.3516032332633117,MLP,2024-04-17 19:05:08.868395
2024-04-17 19:05:09.371809,6.0,6.106760519739389,-0.10676051973938883,0.002028029042101309,30.0,-1.4938601394869327e-17,6.10878854878149,6.110935873649597,30.0,29.758106996224242,-0.1177445800487078,MLP,2024-04-17 19:05:09.371809
2024-04-17 19:05:09.890599,6.0,6.104862566266608,-0.10486256626660762,0.0018979534727812108,30.0,-1.4935656678473025e-17,6.106760519739389,6.10878854878149,30.0,31.14724064947147,1.316296078404985,MLP,2024-04-17 19:05:09.890599
2024-04-17 19:05:10.383095,6.0,6.1030731288765185,-0.10307312887651854,0.001789437390089077,30.0,-1.4933506430289412e-17,6.104862566266608,6.106760519739389,30.0,30.475899806569476,0.3702956233956556,MLP,2024-04-17 19:05:10.383095
2024-04-17 19:05:10.887176,6.0,6.101396519466448,-0.1013965194664479,0.0016766094100706397,30.0,-1.493149232173328e-17,6.1030731288765185,6.104862566266608,30.0,31.05789334809971,0.8534988192592969,MLP,2024-04-17 19:05:10.887176
2024-04-17 19:05:11.389683,6.0,6.0998169277462,-0.09981692774620043,0.001579591720247464,30.0,-1.4929595257375653e-17,6.101396519466448,6.1030731288765185,30.0,29.075598484259814,-0.8400557018829033,MLP,2024-04-17 19:05:11.389683
2024-04-17 19:05:11.894899,6.0,6.098335791014885,-0.09833579101488521,0.0014811367313152246,30.0,-1.4927816873747096e-17,6.0998169277462,6.101396519466448,30.0,29.08529641502049,-0.9864628645255777,MLP,2024-04-17 19:05:11.894899
2024-04-17 19:05:12.398411,6.0,6.09694232952919,-0.09694232952919002,0.001393461485695191,30.0,-1.4926144147520234e-17,6.098335791014885,6.0998169277462,30.0,28.850791113157836,-0.879686162356645,MLP,2024-04-17 19:05:12.398411
2024-04-17 19:05:12.900361,6.0,6.09563438734045,-0.09563438734044993,0.0013079421887400855,30.0,-1.4924574420614227e-17,6.09694232952919,6.098335791014885,30.0,30.79048402667024,0.8486919085938425,MLP,2024-04-17 19:05:12.900361
2024-04-17 19:05:13.403995,6.0,6.094404059303569,-0.0944040593035691,0.0012303280368808345,30.0,-1.4923098143665673e-17,6.09563438734045,6.09694232952919,30.0,29.236614371230935,-0.9459567430357438,MLP,2024-04-17 19:05:13.403995
2024-04-17 19:05:13.904223,6.0,6.093248470820331,-0.09324847082033116,0.0011555884832379348,30.0,-1.4921711813048612e-17,6.094404059303569,6.09563438734045,30.0,30.644416181946468,0.9032638214722191,MLP,2024-04-17 19:05:13.904223
2024-04-17 19:05:14.408442,6.0,6.092162591343856,-0.09216259134385574,0.0010858794764754265,30.0,-1.492040934530141e-17,6.093248470820331,6.094404059303569,30.0,30.69253927667811,0.9138603454594296,MLP,2024-04-17 19:05:14.408442
2024-04-17 19:05:14.922745,6.0,6.0911421089768165,-0.09114210897681652,0.0010204823670392216,30.0,-1.4919185525926924e-17,6.092162591343856,6.093248470820331,30.0,28.838549272909994,-1.4426992422914857,MLP,2024-04-17 19:05:14.922745
2024-04-17 19:05:15.425458,6.0,6.090184149120998,-0.09018414912099804,0.0009579598558184799,30.0,-1.4918036869710678e-17,6.0911421089768165,6.092162591343856,30.0,31.15216718277136,0.962239311909844,MLP,2024-04-17 19:05:15.425458
2024-04-17 19:05:15.952532,6.0,6.089282962579965,-0.08928296257996493,0.0009011865410331055,30.0,-1.491695644984366e-17,6.090184149120998,6.0911421089768165,30.0,28.996572830582327,-1.1420736924701202,MLP,2024-04-17 19:05:15.952532
2024-04-17 19:05:16.429309,6.0,6.088436393405056,-0.08843639340505582,0.0008465691749091064,30.0,-1.4915941652515455e-17,6.089282962579965,6.090184149120998,30.0,30.98375119820456,0.8670292186335118,MLP,2024-04-17 19:05:16.429309
2024-04-17 19:05:16.930392,6.0,6.087641566998053,-0.08764156699805259,0.0007948264070032351,30.0,-1.491498900581541e-17,6.088436393405056,6.089282962579965,30.0,30.470914743108967,0.46580628372617383,MLP,2024-04-17 19:05:16.930392
2024-04-17 19:05:17.433514,6.0,6.086893452812075,-0.08689345281207483,0.0007481141859777551,30.0,-1.4914092457652037e-17,6.087641566998053,6.088436393405056,30.0,30.117705745597796,0.33600908169926313,MLP,2024-04-17 19:05:17.433514
2024-04-17 19:05:17.937719,6.0,6.086192050847124,-0.08619205084712434,0.0007014019649504988,30.0,-1.4913251987815086e-17,6.086893452812075,6.087641566998053,30.0,31.181136958238593,1.3629807595508296,MLP,2024-04-17 19:05:17.937719
2024-04-17 19:05:18.440485,6.0,6.085531611906767,-0.08553161190676661,0.0006604389403577215,30.0,-1.4912460689380796e-17,6.086192050847124,6.086893452812075,30.0,30.248640059452125,0.13637587298424236,MLP,2024-04-17 19:05:18.440485
2024-04-17 19:05:18.946163,6.0,6.084912135991001,-0.08491213599100078,0.0006194759157658325,30.0,-1.4911718546710342e-17,6.085531611906767,6.086192050847124,30.0,30.579829863098993,0.320967171823046,MLP,2024-04-17 19:05:18.946163
2024-04-17 19:05:19.447714,6.0,6.084329311202502,-0.08432931120250231,0.0005828247884984705,30.0,-1.4911020380151392e-17,6.084912135991001,6.085531611906767,30.0,30.306488261891186,0.5678070109167592,MLP,2024-04-17 19:05:19.447714
2024-04-17 19:05:19.951866,6.0,6.083782418891715,-0.08378241889171534,0.0005468923107869728,30.0,-1.4910365316605458e-17,6.084329311202502,6.084912135991001,30.0,29.089189375336236,-0.9394510645298659,MLP,2024-04-17 19:05:19.951866
2024-04-17 19:05:20.458737,6.0,6.083267865810871,-0.0832678658108712,0.0005145530808441379,30.0,-1.4909749041297996e-17,6.083782418891715,6.084329311202502,30.0,29.111197665016363,-1.0578654995438228,MLP,2024-04-17 19:05:20.458737
2024-04-17 19:05:20.963518,6.0,6.082784933310413,-0.08278493331041314,0.00048293250045805536,30.0,-1.490917068399972e-17,6.083267865810871,6.083782418891715,30.0,28.884600209013932,-0.8666096520674458,MLP,2024-04-17 19:05:20.963518
2024-04-17 19:05:21.463786,6.0,6.082330746792126,-0.08233074679212571,0.00045418651828743606,30.0,-1.4908626793672474e-17,6.082784933310413,6.083267865810871,30.0,30.876893440515747,0.5820717966334215,MLP,2024-04-17 19:05:21.463786
2024-04-17 19:05:21.967238,6.0,6.081903868956899,-0.08190386895689894,0.0004268778352267688,30.0,-1.4908115641785782e-17,6.082330746792126,6.082784933310413,30.0,30.77534146131697,0.5088065288838024,MLP,2024-04-17 19:05:21.967238
2024-04-17 19:05:22.468513,6.0,6.081502862505626,-0.08150286250562644,0.0004010064512725009,30.0,-1.4907635500728605e-17,6.081903868956899,6.082330746792126,30.0,30.195416274362078,-0.07065157106278974,MLP,2024-04-17 19:05:22.468513
2024-04-17 19:05:22.990632,6.0,6.081126290139198,-0.08112629013919825,0.00037657236642818503,30.0,-1.4907184643735504e-17,6.081502862505626,6.081903868956899,30.0,28.91775032181164,-1.3227713564796417,MLP,2024-04-17 19:05:22.990632
2024-04-17 19:05:23.480593,6.0,6.080771995908951,-0.08077199590895123,0.0003542942302470209,30.0,-1.4906760484477624e-17,6.081126290139198,6.081502862505626,30.0,29.948819963258817,-0.049063046086239126,MLP,2024-04-17 19:05:23.480593
2024-04-17 19:05:23.985961,6.0,6.080439261165332,-0.08043926116533218,0.0003327347436190564,30.0,-1.4906362158106316e-17,6.080771995908951,6.081126290139198,30.0,29.60888760454492,-0.14075455813268078,MLP,2024-04-17 19:05:23.985961
2024-04-17 19:05:24.487618,6.0,6.080126648609233,-0.08012664860923291,0.00031261255609926764,30.0,-1.4905987939981734e-17,6.080439261165332,6.080771995908951,30.0,30.020258500990845,-0.047958160199662814,MLP,2024-04-17 19:05:24.487618
2024-04-17 19:05:24.992937,6.0,6.0798327209415435,-0.07983272094154348,0.0002939276676894309,30.0,-1.490563610605527e-17,6.080126648609233,6.080439261165332,30.0,29.298162023852836,-0.8627900700157056,MLP,2024-04-17 19:05:24.992937
2024-04-17 19:05:25.497800,6.0,6.079557478162265,-0.07955747816226477,0.000275242779278706,30.0,-1.4905306653158202e-17,6.0798327209415435,6.080126648609233,30.0,30.6609725339556,0.6523661040832849,MLP,2024-04-17 19:05:25.497800
2024-04-17 19:05:26.022552,6.0,6.079297327023625,-0.07929732702362458,0.0002601511386401967,30.0,-1.4904995277645447e-17,6.079557478162265,6.0798327209415435,30.0,29.276039343815945,-0.6505162809543812,MLP,2024-04-17 19:05:26.022552
2024-04-17 19:05:26.517997,6.0,6.079054423474288,-0.07905442347428782,0.00024290354933675928,30.0,-1.4904704557557124e-17,6.079297327023625,6.079557478162265,30.0,28.944197433214,-0.8911683032137496,MLP,2024-04-17 19:05:26.517997
2024-04-17 19:05:27.029712,6.0,6.078824455616926,-0.07882445561692641,0.00022996785736140168,30.0,-1.4904429330054557e-17,6.079054423474288,6.079297327023625,30.0,30.68438565868637,0.7877533743146898,MLP,2024-04-17 19:05:27.029712
2024-04-17 19:05:27.519186,6.0,6.078610298049759,-0.07861029804975939,0.00021415756716702816,30.0,-1.4904173033583033e-17,6.078824455616926,6.079054423474288,30.0,29.93065755289389,-0.2451007154135283,MLP,2024-04-17 19:05:27.519186
2024-04-17 19:05:28.035348,6.0,6.078406920225906,-0.07840692022590634,0.00020337782385304592,30.0,-1.4903929646100663e-17,6.078610298049759,6.078824455616926,30.0,30.880018107413438,0.8567357958112787,MLP,2024-04-17 19:05:28.035348
2024-04-17 19:05:28.581649,6.0,6.078217915393138,-0.07821791539313772,0.00018900483276862445,30.0,-1.4903703466273274e-17,6.078406920225906,6.078610298049759,30.0,30.11496778778933,0.15073201527822988,MLP,2024-04-17 19:05:28.581649
2024-04-17 19:05:29.048269,6.0,6.078038971654129,-0.07803897165412899,0.00017894373900873006,30.0,-1.4903489332763123e-17,6.078217915393138,6.078406920225906,30.0,28.847467578412324,-1.338107058794133,MLP,2024-04-17 19:05:29.048269
2024-04-17 19:05:29.546997,6.0,6.077870807658433,-0.07787080765843335,0.000168163995695636,30.0,-1.4903288104470347e-17,6.078038971654129,6.078217915393138,30.0,30.970465123603677,0.7849035511609763,MLP,2024-04-17 19:05:29.546997
2024-04-17 19:05:30.099969,6.0,6.077713423406053,-0.07771342340605258,0.0001573842523807656,30.0,-1.4903099780349716e-17,6.077870807658433,6.078038971654129,30.0,30.58255169518421,0.5007836875900047,MLP,2024-04-17 19:05:30.099969
2024-04-17 19:05:30.617620,6.0,6.077565381597876,-0.07756538159787585,0.0001480418081767354,30.0,-1.4902922639630503e-17,6.077713423406053,6.077870807658433,30.0,30.808481451744065,0.7552018879938807,MLP,2024-04-17 19:05:30.617620
2024-04-17 19:05:31.100909,6.0,6.077425963584351,-0.07742596358435083,0.0001394180135250167,30.0,-1.4902755821638328e-17,6.077565381597876,6.077713423406053,30.0,29.37076512632433,-0.8395875404241337,MLP,2024-04-17 19:05:31.100909
2024-04-17 19:05:31.621474,6.0,6.0772951693654775,-0.07729516936547753,0.000130794218873298,30.0,-1.490259932568005e-17,6.077425963584351,6.077565381597876,30.0,31.13478383066645,0.8560206493455276,MLP,2024-04-17 19:05:31.621474
2024-04-17 19:05:32.116723,6.0,6.0771722802917,-0.07717228029170009,0.00012288907377744351,30.0,-1.4902452291263465e-17,6.0772951693654775,6.077425963584351,30.0,30.7161177461393,0.5914071769965084,MLP,2024-04-17 19:05:32.116723
2024-04-17 19:05:32.608191,6.0,6.077056577713465,-0.0770565777134653,0.00011570257823478869,30.0,-1.4902313858002594e-17,6.0771722802917,6.0772951693654775,30.0,28.822254829738615,-1.1971227143625995,MLP,2024-04-17 19:05:32.608191
2024-04-17 19:05:33.092026,6.0,6.076948061630773,-0.07694806163077317,0.00010851608269213386,30.0,-1.4902184025418127e-17,6.077056577713465,6.0771722802917,30.0,30.722433913241872,0.4583511987666533,MLP,2024-04-17 19:05:33.092026
2024-04-17 19:05:33.590580,6.0,6.07684601339407,-0.0768460133940696,0.00010204823670356689,30.0,-1.4902061933263634e-17,6.076948061630773,6.077056577713465,30.0,29.191603611221346,-0.5422390107283697,MLP,2024-04-17 19:05:33.590580
2024-04-17 19:05:34.102435,6.0,6.076750433003354,-0.07675043300335371,9.558039071588809e-05,30.0,-1.490194758115867e-17,6.07684601339407,6.076948061630773,30.0,29.680606895144386,-0.29995522140754716,MLP,2024-04-17 19:05:34.102435
2024-04-17 19:05:34.607406,6.0,6.076660601809072,-0.0766606018090723,8.983119428140895e-05,30.0,-1.4901840108975607e-17,6.076750433003354,6.07684601339407,30.0,30.387853596743394,0.4465998737129375,MLP,2024-04-17 19:05:34.607406
2024-04-17 19:05:35.108267,6.0,6.07657580116167,-0.0765758011616704,8.480064740190585e-05,30.0,-1.490173865665717e-17,6.076660601809072,6.076750433003354,30.0,30.17048704053132,-0.09558066856153502,MLP,2024-04-17 19:05:35.108267
2024-04-17 19:05:35.620320,6.0,6.076496749710703,-0.07649674971070297,7.905145096742672e-05,30.0,-1.490164408370609e-17,6.07657580116167,6.076660601809072,30.0,31.14078697777493,0.9731347264716916,MLP,2024-04-17 19:05:35.620320
2024-04-17 19:05:36.119567,6.0,6.07642201015706,-0.07642201015706007,7.473955364289964e-05,30.0,-1.4901554670383582e-17,6.076496749710703,6.07657580116167,30.0,30.233144546207225,0.5033572892366145,MLP,2024-04-17 19:05:36.119567
2024-04-17 19:05:36.627392,6.0,6.076352301150298,-0.07635230115029756,6.970900676250835e-05,30.0,-1.4901471276232567e-17,6.07642201015706,6.076496749710703,30.0,30.306156636373856,0.4278626064286506,MLP,2024-04-17 19:05:36.627392
2024-04-17 19:05:37.146149,6.0,6.076285466741752,-0.0762854667417523,6.683440854526879e-05,30.0,-1.490139132189207e-17,6.076352301150298,6.07642201015706,30.0,29.101937339023326,-0.6695163831958553,MLP,2024-04-17 19:05:37.146149
2024-04-17 19:05:37.648386,6.0,6.076224381529641,-0.07622438152964062,6.108521211167783e-05,30.0,-1.490131824609476e-17,6.076285466741752,6.076352301150298,30.0,30.6994855863569,0.7024406167005601,MLP,2024-04-17 19:05:37.648386
2024-04-17 19:05:38.140688,6.0,6.076164733616638,-0.076164733616638,5.964791300261396e-05,30.0,-1.49012468904196e-17,6.076224381529641,6.076285466741752,30.0,29.98099514585775,0.1892011497658288,MLP,2024-04-17 19:05:38.140688
2024-04-17 19:05:38.647138,6.0,6.076110834900069,-0.07611083490006898,5.389871656902301e-05,30.0,-1.490118241298762e-17,6.076164733616638,6.076224381529641,30.0,29.189204649629392,-0.6800892178493783,MLP,2024-04-17 19:05:38.647138
2024-04-17 19:05:39.148187,6.0,6.076059092132163,-0.07605909213216311,5.174276790587129e-05,30.0,-1.4901120515177876e-17,6.076110834900069,6.076164733616638,30.0,29.081662459825584,-1.0068496864587964,MLP,2024-04-17 19:05:39.148187
2024-04-17 19:05:39.660874,6.0,6.076010942612028,-0.07601094261202768,4.8149520135432056e-05,30.0,-1.4901062916289045e-17,6.076059092132163,6.076110834900069,30.0,29.93515663552359,-0.08916096532047035,MLP,2024-04-17 19:05:39.660874
2024-04-17 19:05:40.169012,6.0,6.0759656676901095,-0.07596566769010948,4.527492191819249e-05,30.0,-1.4901008756546047e-17,6.076010942612028,6.076059092132163,30.0,29.76211528279623,-0.00530181781521577,MLP,2024-04-17 19:05:40.169012
2024-04-17 19:05:40.668032,6.0,6.0759232673664085,-0.07592326736640853,4.2400323700952924e-05,30.0,-1.4900958035873887e-17,6.0759656676901095,6.076010942612028,30.0,29.998109084362895,0.09535539060862419,MLP,2024-04-17 19:05:40.668032
2024-04-17 19:05:41.179035,6.0,6.075883022991371,-0.07588302299137073,4.0244375037801206e-05,30.0,-1.4900909894538358e-17,6.0759232673664085,6.0759656676901095,30.0,29.36414491419265,-0.7810600008188331,MLP,2024-04-17 19:05:41.179035
2024-04-17 19:05:41.690922,6.0,6.075845653214549,-0.07584565321454928,3.736977682144982e-05,30.0,-1.4900865192148182e-17,6.075883022991371,6.0759232673664085,30.0,29.999175862573868,-0.06783118403346222,MLP,2024-04-17 19:05:41.690922
2024-04-17 19:05:42.187949,6.0,6.075810439386391,-0.07581043938639098,3.52138281582981e-05,30.0,-1.49008230689875e-17,6.075845653214549,6.075883022991371,30.0,30.03263098748051,0.2686009406157517,MLP,2024-04-17 19:05:42.187949
2024-04-17 19:05:42.689064,6.0,6.075776662857342,-0.07577666285734175,3.377652904923423e-05,30.0,-1.4900782665363273e-17,6.075810439386391,6.075845653214549,30.0,28.85817811499556,-0.8560432176864339,MLP,2024-04-17 19:05:42.689064
2024-04-17 19:05:43.198501,6.0,6.075745760926509,-0.07574576092650886,3.090193083288284e-05,30.0,-1.4900745700537293e-17,6.075776662857342,6.075810439386391,30.0,29.149445779116622,-0.7050391704984271,MLP,2024-04-17 19:05:43.198501
2024-04-17 19:05:43.691427,6.0,6.07571557764523,-0.07571557764523007,3.0183281278794993e-05,30.0,-1.490070959553548e-17,6.075745760926509,6.075776662857342,30.0,30.425035432450866,0.2071351158920045,MLP,2024-04-17 19:05:43.691427
2024-04-17 19:05:44.210874,6.0,6.0756882689621685,-0.07568826896216851,2.7308683061555428e-05,30.0,-1.4900676929256036e-17,6.07571557764523,6.075745760926509,30.0,29.90940619566264,0.06301683241571254,MLP,2024-04-17 19:05:44.210874
2024-04-17 19:05:44.715229,6.0,6.075661678928661,-0.07566167892866105,2.659003350746758e-05,30.0,-1.4900645122753142e-17,6.0756882689621685,6.07571557764523,30.0,30.614032959925833,0.7327667972197744,MLP,2024-04-17 19:05:44.715229
2024-04-17 19:05:45.223333,6.0,6.075637963493371,-0.07563796349337082,2.3715435290228015e-05,30.0,-1.4900616754905664e-17,6.075661678928661,6.0756882689621685,30.0,30.88905492661919,0.9234659419095586,MLP,2024-04-17 19:05:45.223333
2024-04-17 19:05:45.732135,6.0,6.075614248058081,-0.07561424805808059,2.3715435290228015e-05,30.0,-1.4900588387166198e-17,6.075637963493371,6.075661678928661,30.0,29.817887262916145,-0.2847806337383467,MLP,2024-04-17 19:05:45.732135
2024-04-17 19:05:46.226630,6.0,6.075593407221007,-0.07559340722100671,2.0840837073876628e-05,30.0,-1.4900563458029775e-17,6.075614248058081,6.075637963493371,30.0,31.09706279587553,0.8533329041457272,MLP,2024-04-17 19:05:46.226630
2024-04-17 19:05:46.738344,6.0,6.075572566383934,-0.07557256638393373,2.084083707298845e-05,30.0,-1.4900538528976765e-17,6.075593407221007,6.075614248058081,30.0,30.12063640100662,0.0013058247465664863,MLP,2024-04-17 19:05:46.738344
2024-04-17 19:05:47.239610,6.0,6.075553881495523,-0.075553881495523,1.868488841072491e-05,30.0,-1.4900516178862223e-17,6.075572566383934,6.075593407221007,30.0,30.594266560382493,0.6230499430950438,MLP,2024-04-17 19:05:47.239610
2024-04-17 19:05:47.754836,6.0,6.075535915256666,-0.07553591525666636,1.7966238856637062e-05,30.0,-1.4900494688430704e-17,6.075553881495523,6.075572566383934,30.0,30.218844512919492,0.3579731942223461,MLP,2024-04-17 19:05:47.754836
2024-04-17 19:05:48.251555,6.0,6.075519386316919,-0.07551938631691879,1.652893974757319e-05,30.0,-1.4900474917288455e-17,6.075535915256666,6.075553881495523,30.0,29.63967570980524,-0.13999175966308997,MLP,2024-04-17 19:05:48.251555
2024-04-17 19:05:48.779855,6.0,6.075503576026725,-0.0755035760267253,1.5810290193485343e-05,30.0,-1.4900456005810184e-17,6.075519386316919,6.075535915256666,30.0,29.156662508232095,-0.8997347930452371,MLP,2024-04-17 19:05:48.779855
2024-04-17 19:05:49.270836,6.0,6.07548920303564,-0.07548920303564,1.437299108530965e-05,30.0,-1.4900438813598863e-17,6.075503576026725,6.075519386316919,30.0,30.699071011066337,0.9868145795554035,MLP,2024-04-17 19:05:49.270836
2024-04-17 19:05:49.774592,6.0,6.075474830044556,-0.07547483004455557,1.4372991084421471e-05,30.0,-1.4900421621427217e-17,6.07548920303564,6.075503576026725,30.0,29.966089817583434,-0.03470560108451792,MLP,2024-04-17 19:05:49.774592
2024-04-17 19:05:50.267045,6.0,6.075462613002133,-0.07546261300213342,1.2217042422157931e-05,30.0,-1.490040700811251e-17,6.075474830044556,6.07548920303564,30.0,28.895959518857914,-1.2428115265443012,MLP,2024-04-17 19:05:50.267045
2024-04-17 19:05:50.816895,6.0,6.075449677310156,-0.07544967731015628,1.2935691977133956e-05,30.0,-1.49003915352223e-17,6.075462613002133,6.075474830044556,30.0,28.94596624843717,-1.09278151785659,MLP,2024-04-17 19:05:50.816895
2024-04-17 19:05:51.302189,6.0,6.075438897566842,-0.0754388975668423,1.0779743313982237e-05,30.0,-1.4900378641171667e-17,6.075449677310156,6.075462613002133,30.0,30.320664045743083,0.304100585994167,MLP,2024-04-17 19:05:51.302189
2024-04-17 19:05:51.798737,6.0,6.075427399173974,-0.07542739917397423,1.1498392868070084e-05,30.0,-1.490036488754226e-17,6.075438897566842,6.075449677310156,30.0,29.79605103569873,-0.4439424990004923,MLP,2024-04-17 19:05:51.798737
2024-04-17 19:05:52.345374,6.0,6.075417338080215,-0.07541733808021522,1.0061093759006212e-05,30.0,-1.4900352853137357e-17,6.075427399173974,6.075438897566842,30.0,28.94601749767014,-1.1716069079204061,MLP,2024-04-17 19:05:52.345374
2024-04-17 19:05:52.869600,6.0,6.075407995636009,-0.07540799563600942,9.342444205806544e-06,30.0,-1.4900341678350208e-17,6.075417338080215,6.075427399173974,30.0,29.108396989189714,-0.8741014886793081,MLP,2024-04-17 19:05:52.869600
2024-04-17 19:05:53.325524,6.0,6.0753986531918045,-0.0753986531918045,9.342444204918365e-06,30.0,-1.4900330503579822e-17,6.075407995636009,6.075417338080215,30.0,30.901784602925233,0.6291233304785138,MLP,2024-04-17 19:05:53.325524
2024-04-17 19:05:53.848042,6.0,6.075390748046708,-0.07539074804670776,7.905145096742672e-06,30.0,-1.490032104801797e-17,6.0753986531918045,6.075407995636009,30.0,30.451137024407803,0.3678955259363903,MLP,2024-04-17 19:05:53.848042
2024-04-17 19:05:54.330781,6.0,6.075382124252057,-0.07538212425205693,8.623794650830519e-06,30.0,-1.4900310732873276e-17,6.075390748046708,6.0753986531918045,30.0,31.05497950558685,1.042224142516993,MLP,2024-04-17 19:05:54.330781
2024-04-17 19:05:54.831563,6.0,6.075375656406068,-0.07537565640606836,6.467845988566978e-06,30.0,-1.490030299652413e-17,6.075382124252057,6.075390748046708,30.0,30.789678211477472,0.7863600863930031,MLP,2024-04-17 19:05:54.831563
2024-04-17 19:05:55.334106,6.0,6.075367751260972,-0.07536775126097162,7.905145096742672e-06,30.0,-1.4900293540997188e-17,6.075375656406068,6.075382124252057,30.0,30.808198260519546,0.5217223203159627,MLP,2024-04-17 19:05:55.334106
2024-04-17 19:05:55.839769,6.0,6.075362002064538,-0.07536200206453803,5.749196433590953e-06,30.0,-1.490028666425786e-17,6.075367751260972,6.075375656406068,30.0,31.048978981255466,1.2539667125358278,MLP,2024-04-17 19:05:55.839769
2024-04-17 19:05:56.345378,6.0,6.0753555342185495,-0.07535553421854946,6.467845988566978e-06,30.0,-1.4900278927933708e-17,6.075362002064538,6.075367751260972,30.0,30.102422353507915,0.13806198974041095,MLP,2024-04-17 19:05:56.345378
2024-04-17 19:05:56.851331,6.0,6.075349785022115,-0.07534978502211498,5.749196434479131e-06,30.0,-1.4900272051207866e-17,6.0753555342185495,6.075362002064538,30.0,30.97818993919479,0.9912465103271373,MLP,2024-04-17 19:05:56.851331
2024-04-17 19:05:57.358410,6.0,6.075344035825681,-0.07534403582568139,5.749196433590953e-06,30.0,-1.4900265174488376e-17,6.075349785022115,6.0753555342185495,30.0,29.588883845963657,-0.4289558431579934,MLP,2024-04-17 19:05:57.358410
2024-04-17 19:05:57.869428,6.0,6.075339005278802,-0.07533900527880188,5.030546879503106e-06,30.0,-1.4900259157364026e-17,6.075344035825681,6.075349785022115,30.0,29.348781845446407,-0.45882149864092625,MLP,2024-04-17 19:05:57.869428
2024-04-17 19:05:58.382143,6.0,6.0753339747319215,-0.0753339747319215,5.0305468803912845e-06,30.0,-1.4900253140244537e-17,6.075339005278802,6.075344035825681,30.0,30.073939309378545,0.12140658508983648,MLP,2024-04-17 19:05:58.382143
2024-04-17 19:05:58.882765,6.0,6.075329662834596,-0.07532966283459608,4.311897325415259e-06,30.0,-1.4900247982717418e-17,6.0753339747319215,6.075339005278802,30.0,29.410922331530635,-0.36443635926843143,MLP,2024-04-17 19:05:58.882765
2024-04-17 19:05:59.385974,6.0,6.075325350937271,-0.07532535093727066,4.311897325415259e-06,30.0,-1.4900242825193868e-17,6.075329662834596,6.0753339747319215,30.0,31.006183816331067,0.9534893747858781,MLP,2024-04-17 19:05:59.385974
2024-04-17 19:05:59.914768,6.0,6.075321039039945,-0.07532103903994525,4.311897325415259e-06,30.0,-1.4900237667673886e-17,6.075325350937271,6.075329662834596,30.0,29.13608455930827,-0.845830786998679,MLP,2024-04-17 19:05:59.914768
2024-04-17 19:06:00.402932,6.0,6.075318164441728,-0.07531816444172801,2.8745982172395657e-06,30.0,-1.4900234229329214e-17,6.075321039039945,6.075325350937271,30.0,29.71373734584596,-0.2839429387643584,MLP,2024-04-17 19:06:00.402932
2024-04-17 19:06:00.912191,6.0,6.075313852544403,-0.07531385254440259,4.311897325415259e-06,30.0,-1.4900229071815182e-17,6.075318164441728,6.075321039039945,30.0,30.827313334144332,1.0248891659813744,MLP,2024-04-17 19:06:00.912191
2024-04-17 19:06:01.431652,6.0,6.075310977946185,-0.07531097794618535,2.8745982172395657e-06,30.0,-1.4900225633474482e-17,6.075313852544403,6.075318164441728,30.0,28.87981726201731,-1.3096200261214221,MLP,2024-04-17 19:06:01.431652
2024-04-17 19:06:01.935543,6.0,6.075308103347969,-0.075308103347969,2.8745982163513872e-06,30.0,-1.4900222195135366e-17,6.075310977946185,6.075313852544403,30.0,30.77093164301445,0.813293540901082,MLP,2024-04-17 19:06:01.935543
2024-04-17 19:06:02.438059,6.0,6.075305228749752,-0.07530522874975176,2.8745982172395657e-06,30.0,-1.4900218756797833e-17,6.075308103347969,6.075310977946185,30.0,29.319229535379527,-0.7831287781334346,MLP,2024-04-17 19:06:02.438059
2024-04-17 19:06:02.929644,6.0,6.0753023541515345,-0.07530235415153452,2.8745982172395657e-06,30.0,-1.490021531846189e-17,6.075305228749752,6.075308103347969,30.0,28.845732111497473,-1.4144620825482974,MLP,2024-04-17 19:06:02.929644
2024-04-17 19:06:03.443640,6.0,6.075300198202872,-0.07530019820287226,2.1559486622635404e-06,30.0,-1.4900212739710976e-17,6.0753023541515345,6.075305228749752,30.0,30.81665719272167,1.0332912136824852,MLP,2024-04-17 19:06:03.443640
2024-04-17 19:06:03.943802,6.0,6.075297323604655,-0.07529732360465502,2.8745982172395657e-06,30.0,-1.4900209301377807e-17,6.075300198202872,6.0753023541515345,30.0,29.648531560895155,-0.35393167083901744,MLP,2024-04-17 19:06:03.943802
2024-04-17 19:06:04.449164,6.0,6.075295167655992,-0.07529516765599187,2.155948663151719e-06,30.0,-1.4900206722628976e-17,6.075297323604655,6.075300198202872,30.0,29.52464452154865,-0.2699590585024154,MLP,2024-04-17 19:06:04.449164
2024-04-17 19:06:04.948980,6.0,6.07529301170733,-0.0752930117073296,2.1559486622635404e-06,30.0,-1.4900204143881035e-17,6.075295167655992,6.075297323604655,30.0,29.480128164088562,-0.5769221264095172,MLP,2024-04-17 19:06:04.948980
2024-04-17 19:06:05.460484,6.0,6.0752908557586665,-0.07529085575866645,2.155948663151719e-06,30.0,-1.4900201565133988e-17,6.07529301170733,6.075295167655992,30.0,29.76217066919384,-0.020274255189022483,MLP,2024-04-17 19:06:05.460484
2024-04-17 19:06:05.980594,6.0,6.075289418459558,-0.07528941845955828,1.4372991081756936e-06,30.0,-1.4900199845969784e-17,6.0752908557586665,6.07529301170733,30.0,30.129529664609592,0.28514331686951877,MLP,2024-04-17 19:06:05.980594
2024-04-17 19:06:06.487342,6.0,6.075287262510895,-0.07528726251089513,2.155948663151719e-06,30.0,-1.4900197267224225e-17,6.075289418459558,6.0752908557586665,30.0,30.413373398662916,0.3190657425556971,MLP,2024-04-17 19:06:06.487342
2024-04-17 19:06:06.978814,6.0,6.075285825211787,-0.07528582521178695,1.4372991081756936e-06,30.0,-1.4900195548061013e-17,6.075287262510895,6.075289418459558,30.0,29.41153778667417,-0.7170381582535263,MLP,2024-04-17 19:06:06.978814
2024-04-17 19:06:07.485552,6.0,6.075284387912679,-0.07528438791267877,1.4372991081756936e-06,30.0,-1.4900193828898202e-17,6.075285825211787,6.075287262510895,30.0,29.556480593781732,-0.2978344108028139,MLP,2024-04-17 19:06:07.485552
2024-04-17 19:06:07.993822,6.0,6.07528295061357,-0.07528295061356971,1.437299109063872e-06,30.0,-1.4900192109735782e-17,6.075284387912679,6.075285825211787,30.0,30.77672643285778,0.6373875290049149,MLP,2024-04-17 19:06:07.993822
2024-04-17 19:06:08.495270,6.0,6.0752815133144615,-0.07528151331446153,1.4372991081756936e-06,30.0,-1.490019039057376e-17,6.07528295061357,6.075284387912679,30.0,29.225101450298865,-0.7173831348362825,MLP,2024-04-17 19:06:08.495270
2024-04-17 19:06:09.063226,6.0,6.0752807946649074,-0.07528079466490745,7.186495540878468e-07,30.0,-1.4900189530992898e-17,6.0752815133144615,6.07528295061357,30.0,31.140627339308082,0.9154800767584383,MLP,2024-04-17 19:06:09.063226
2024-04-17 19:06:09.526067,6.0,6.075279357365798,-0.07527935736579838,1.437299109063872e-06,30.0,-1.4900187811831474e-17,6.0752807946649074,6.0752815133144615,30.0,28.86870729923425,-0.869252470513235,MLP,2024-04-17 19:06:09.526067
2024-04-17 19:06:10.021108,6.0,6.075278638716244,-0.0752786387162443,7.186495540878468e-07,30.0,-1.490018695225091e-17,6.075279357365798,6.0752807946649074,30.0,30.46007507666235,0.22140125523749887,MLP,2024-04-17 19:06:10.021108
2024-04-17 19:06:10.522536,6.0,6.075277201417136,-0.07527720141713612,1.4372991081756936e-06,30.0,-1.4900185233090078e-17,6.075278638716244,6.075279357365798,30.0,30.56197414813171,0.3410824855838115,MLP,2024-04-17 19:06:10.522536
2024-04-17 19:06:11.031158,6.0,6.075276482767581,-0.07527648276758114,7.186495549760252e-07,30.0,-1.490018437350981e-17,6.075277201417136,6.075278638716244,30.0,29.287961336809786,-0.7088340205978092,MLP,2024-04-17 19:06:11.031158
2024-04-17 19:06:11.532893,6.0,6.075275045468473,-0.07527504546847297,1.4372991081756936e-06,30.0,-1.4900182654349576e-17,6.075276482767581,6.075277201417136,30.0,29.718029793703764,-0.49977858114974083,MLP,2024-04-17 19:06:11.532893
2024-04-17 19:06:12.074541,6.0,6.075275045468473,-0.07527504546847297,0.0,30.0,-1.4900182654349576e-17,6.075275045468473,6.075276482767581,30.0,29.91490390639587,0.12983892125672725,MLP,2024-04-17 19:06:12.074541
2024-04-17 19:06:12.558377,6.0,6.075273608169365,-0.07527360816936479,1.4372991081756936e-06,30.0,-1.4900180935189738e-17,6.075275045468473,6.075275045468473,30.0,30.264635570833473,0.42827524224547275,MLP,2024-04-17 19:06:12.558377
2024-04-17 19:06:13.063532,6.0,6.075273608169365,-0.07527360816936479,0.0,30.0,-1.4900180935189738e-17,6.075273608169365,6.075275045468473,30.0,30.0467224239065,-0.25074080222919193,MLP,2024-04-17 19:06:13.063532
2024-04-17 19:06:13.558438,6.0,6.075272170870256,-0.07527217087025573,1.437299109063872e-06,30.0,-1.4900179216030295e-17,6.075273608169365,6.075273608169365,30.0,30.066591304913853,-0.17917504986167287,MLP,2024-04-17 19:06:13.558438
2024-04-17 19:06:14.063737,6.0,6.075272170870256,-0.07527217087025573,0.0,30.0,-1.4900179216030295e-17,6.075272170870256,6.075273608169365,30.0,29.33609222914242,-0.6536391194484494,MLP,2024-04-17 19:06:14.063737
2024-04-17 19:06:14.580633,6.0,6.0752707335711476,-0.07527073357114755,1.4372991081756936e-06,30.0,-1.490017749687125e-17,6.075272170870256,6.075272170870256,30.0,30.617878512908053,0.7070574822914999,MLP,2024-04-17 19:06:14.580633
2024-04-17 19:06:15.085826,6.0,6.0752707335711476,-0.07527073357114755,0.0,30.0,-1.490017749687125e-17,6.0752707335711476,6.075272170870256,30.0,30.62862798423493,0.6891097868880145,MLP,2024-04-17 19:06:15.085826
2024-04-17 19:06:15.584719,6.0,6.075269296272039,-0.07526929627203938,1.4372991081756936e-06,30.0,-1.49001757777126e-17,6.0752707335711476,6.0752707335711476,30.0,30.65937344011992,0.8441351182252994,MLP,2024-04-17 19:06:15.584719
2024-04-17 19:06:16.104218,6.0,6.075269296272039,-0.07526929627203938,0.0,30.0,-1.49001757777126e-17,6.075269296272039,6.0752707335711476,30.0,30.302167306964144,0.21692306372332126,MLP,2024-04-17 19:06:16.104218
2024-04-17 19:06:16.603338,6.0,6.075268577622484,-0.0752685776224844,7.186495549760252e-07,30.0,-1.4900174918133425e-17,6.075269296272039,6.075269296272039,30.0,29.317775003960183,-0.4346366987796948,MLP,2024-04-17 19:06:16.603338
2024-04-17 19:06:17.106011,6.0,6.075268577622484,-0.0752685776224844,0.0,30.0,-1.4900174918133425e-17,6.075268577622484,6.075269296272039,30.0,29.098952289386926,-0.9468243972023451,MLP,2024-04-17 19:06:17.106011
2024-04-17 19:06:17.719670,6.0,6.07526785897293,-0.07526785897293031,7.186495540878468e-07,30.0,-1.4900174058554348e-17,6.075268577622484,6.075268577622484,30.0,29.763700854536943,-0.34715272401626507,MLP,2024-04-17 19:06:17.719670
2024-04-17 19:06:18.641024,6.0,6.07526785897293,-0.07526785897293031,0.0,30.0,-1.4900174058554348e-17,6.07526785897293,6.075268577622484,30.0,30.970086279259682,1.0333655813074927,MLP,2024-04-17 19:06:18.641024
2024-04-17 19:06:19.144207,6.0,6.075267140323376,-0.07526714032337622,7.186495540878468e-07,30.0,-1.4900173198975372e-17,6.07526785897293,6.07526785897293,30.0,30.359045459611128,0.30636901003824235,MLP,2024-04-17 19:06:19.144207
2024-04-17 19:06:19.665695,6.0,6.075267140323376,-0.07526714032337622,0.0,30.0,-1.4900173198975372e-17,6.075267140323376,6.07526785897293,30.0,29.86660629693171,-0.23414979823243698,MLP,2024-04-17 19:06:19.665695
2024-04-17 19:06:20.151771,6.0,6.075266421673822,-0.07526642167382214,7.186495540878468e-07,30.0,-1.4900172339396495e-17,6.075267140323376,6.075267140323376,30.0,29.778124378383577,0.011694707979298613,MLP,2024-04-17 19:06:20.151771
2024-04-17 19:06:20.662144,6.0,6.075266421673822,-0.07526642167382214,0.0,30.0,-1.4900172339396495e-17,6.075266421673822,6.075267140323376,30.0,29.42935682024751,-0.5416332152333361,MLP,2024-04-17 19:06:20.662144
2024-04-17 19:06:21.175048,6.0,6.075266421673822,-0.07526642167382214,0.0,30.0,-1.4900172339396495e-17,6.075266421673822,6.075266421673822,30.0,29.51147812098846,-0.30785340290300667,MLP,2024-04-17 19:06:21.175048
2024-04-17 19:06:21.671224,6.0,6.075265703024268,-0.07526570302426805,7.186495540878468e-07,30.0,-1.4900171479817716e-17,6.075266421673822,6.075266421673822,30.0,28.852937033677524,-0.9930216079851029,MLP,2024-04-17 19:06:21.671224
2024-04-17 19:06:22.177493,6.0,6.075265703024268,-0.07526570302426805,0.0,30.0,-1.4900171479817716e-17,6.075265703024268,6.075266421673822,30.0,30.0306851839318,0.1927390315490598,MLP,2024-04-17 19:06:22.177493
2024-04-17 19:06:22.681139,6.0,6.075264984374714,-0.07526498437471396,7.186495540878468e-07,30.0,-1.4900170620239036e-17,6.075265703024268,6.075265703024268,30.0,29.806297541956354,-0.2875506355318933,MLP,2024-04-17 19:06:22.681139
2024-04-17 19:06:23.190135,6.0,6.075264984374714,-0.07526498437471396,0.0,30.0,-1.4900170620239036e-17,6.075264984374714,6.075265703024268,30.0,29.26334253833266,-0.4542845828487607,MLP,2024-04-17 19:06:23.190135
2024-04-17 19:06:23.694242,6.0,6.075264984374714,-0.07526498437471396,0.0,30.0,-1.4900170620239036e-17,6.075264984374714,6.075264984374714,30.0,28.88899515370885,-0.9163444120275024,MLP,2024-04-17 19:06:23.694242
2024-04-17 19:06:24.204466,6.0,6.075264265725159,-0.07526426572515899,7.186495549760252e-07,30.0,-1.4900169760660454e-17,6.075264984374714,6.075264984374714,30.0,30.34535385685999,0.23844279527471457,MLP,2024-04-17 19:06:24.204466
2024-04-17 19:06:24.719536,6.0,6.075264265725159,-0.07526426572515899,0.0,30.0,-1.4900169760660454e-17,6.075264265725159,6.075264984374714,30.0,30.29365169098793,0.11165709501877785,MLP,2024-04-17 19:06:24.719536
2024-04-17 19:06:25.240621,6.0,6.075264265725159,-0.07526426572515899,0.0,30.0,-1.4900169760660454e-17,6.075264265725159,6.075264265725159,30.0,30.408007973133348,0.5756175427585895,MLP,2024-04-17 19:06:25.240621
2024-04-17 19:06:25.754458,6.0,6.075264265725159,-0.07526426572515899,0.0,30.0,-1.4900169760660454e-17,6.075264265725159,6.075264265725159,30.0,29.486981189453594,-0.3882513286716254,MLP,2024-04-17 19:06:25.754458
2024-04-17 19:06:26.277335,6.0,6.075264265725159,-0.07526426572515899,0.0,30.0,-1.4900169760660454e-17,6.075264265725159,6.075264265725159,30.0,30.415978209138906,0.710236448180563,MLP,2024-04-17 19:06:26.277335
2024-04-17 19:06:26.752110,6.0,6.075264265725159,-0.07526426572515899,0.0,30.0,-1.4900169760660454e-17,6.075264265725159,6.075264265725159,30.0,30.016144542393146,0.26098292326843975,MLP,2024-04-17 19:06:26.752110
2024-04-17 19:06:27.251765,6.0,6.075264265725159,-0.07526426572515899,0.0,30.0,-1.4900169760660454e-17,6.075264265725159,6.075264265725159,30.0,29.841462638747544,-0.08773174596146305,MLP,2024-04-17 19:06:27.251765
2024-04-17 19:06:27.762087,6.0,6.075264265725159,-0.07526426572515899,0.0,30.0,-1.4900169760660454e-17,6.075264265725159,6.075264265725159,30.0,30.106541694303615,-0.023777253438900914,MLP,2024-04-17 19:06:27.762087
2024-04-17 19:06:28.298627,6.0,6.075264265725159,-0.07526426572515899,0.0,30.0,-1.4900169760660454e-17,6.075264265725159,6.075264265725159,30.0,28.926307752428734,-1.2125593097107306,MLP,2024-04-17 19:06:28.298627
2024-04-17 19:06:28.791912,6.0,6.075264265725159,-0.07526426572515899,0.0,30.0,-1.4900169760660454e-17,6.075264265725159,6.075264265725159,30.0,29.59303330656056,-0.5137110822756732,MLP,2024-04-17 19:06:28.791912
2024-04-17 19:06:29.306203,6.0,6.075264265725159,-0.07526426572515899,0.0,30.0,-1.4900169760660454e-17,6.075264265725159,6.075264265725159,30.0,30.523026163487717,0.5359642998990708,MLP,2024-04-17 19:06:29.306203
2024-04-17 19:06:29.807322,6.0,6.075264265725159,-0.07526426572515899,0.0,30.0,-1.4900169760660454e-17,6.075264265725159,6.075264265725159,30.0,30.630440121720845,0.6664014449722728,MLP,2024-04-17 19:06:29.807322
2024-04-17 19:06:30.324765,6.0,6.075264265725159,-0.07526426572515899,0.0,30.0,-1.4900169760660454e-17,6.075264265725159,6.075264265725159,30.0,30.783010389914303,0.5726912903748342,MLP,2024-04-17 19:06:30.324765
2024-04-17 19:06:30.828308,6.0,6.075264265725159,-0.07526426572515899,0.0,30.0,-1.4900169760660454e-17,6.075264265725159,6.075264265725159,30.0,29.242573283695144,-0.9594741846560169,MLP,2024-04-17 19:06:30.828308
2024-04-17 19:06:31.324063,6.0,6.075264265725159,-0.07526426572515899,0.0,30.0,-1.4900169760660454e-17,6.075264265725159,6.075264265725159,30.0,30.702528972831107,0.7209501099029225,MLP,2024-04-17 19:06:31.324063
2024-04-17 19:06:31.827320,6.0,6.075264265725159,-0.07526426572515899,0.0,30.0,-1.4900169760660454e-17,6.075264265725159,6.075264265725159,30.0,28.896559342880003,-0.9988560021302888,MLP,2024-04-17 19:06:31.827320
2024-04-17 19:06:32.339688,6.0,6.075264265725159,-0.07526426572515899,0.0,30.0,-1.4900169760660454e-17,6.075264265725159,6.075264265725159,30.0,30.472787303934222,0.4296240772808453,MLP,2024-04-17 19:06:32.339688
2024-04-17 19:06:32.842632,6.0,6.075264265725159,-0.07526426572515899,0.0,30.0,-1.4900169760660454e-17,6.075264265725159,6.075264265725159,30.0,30.067471245549143,0.21366011237332572,MLP,2024-04-17 19:06:32.842632
2024-04-17 19:06:33.351884,6.0,6.075264265725159,-0.07526426572515899,0.0,30.0,-1.4900169760660454e-17,6.075264265725159,6.075264265725159,30.0,30.495007484342842,0.37974240772915024,MLP,2024-04-17 19:06:33.351884
2024-04-17 19:06:33.879736,6.0,6.075264265725159,-0.07526426572515899,0.0,30.0,-1.4900169760660454e-17,6.075264265725159,6.075264265725159,30.0,31.02391450830214,1.305501242805608,MLP,2024-04-17 19:06:33.879736
2024-04-17 19:06:34.370691,6.0,6.075264265725159,-0.07526426572515899,0.0,30.0,-1.4900169760660454e-17,6.075264265725159,6.075264265725159,30.0,30.7151244541561,0.9131775985777679,MLP,2024-04-17 19:06:34.370691
2024-04-17 19:06:34.868864,6.0,6.075264265725159,-0.07526426572515899,0.0,30.0,-1.4900169760660454e-17,6.075264265725159,6.075264265725159,30.0,28.9522157150063,-0.7590513087224977,MLP,2024-04-17 19:06:34.868864
2024-04-17 19:06:35.385242,6.0,6.075264265725159,-0.07526426572515899,0.0,30.0,-1.4900169760660454e-17,6.075264265725159,6.075264265725159,30.0,30.295713371217964,0.16770017634977918,MLP,2024-04-17 19:06:35.385242
2024-04-17 19:06:35.882025,6.0,6.075264265725159,-0.07526426572515899,0.0,30.0,-1.4900169760660454e-17,6.075264265725159,6.075264265725159,30.0,30.754163593933782,1.001286173048495,MLP,2024-04-17 19:06:35.882025
2024-04-17 19:06:36.397157,6.0,6.075264265725159,-0.07526426572515899,0.0,30.0,-1.4900169760660454e-17,6.075264265725159,6.075264265725159,30.0,30.398550780036896,0.6070457881725666,MLP,2024-04-17 19:06:36.397157
2024-04-17 19:06:36.938551,6.0,6.075264265725159,-0.07526426572515899,0.0,30.0,-1.4900169760660454e-17,6.075264265725159,6.075264265725159,30.0,30.66371117716352,0.9194338641376696,MLP,2024-04-17 19:06:36.938551
2024-04-17 19:06:37.446852,6.0,6.075264265725159,-0.07526426572515899,0.0,30.0,-1.4900169760660454e-17,6.075264265725159,6.075264265725159,30.0,28.808926009956025,-1.3855466785058255,MLP,2024-04-17 19:06:37.446852
2024-04-17 19:06:38.544630,6.0,6.075264265725159,-0.07526426572515899,0.0,30.0,-1.4900169760660454e-17,6.075264265725159,6.075264265725159,30.0,30.42461973806287,0.512619938216698,MLP,2024-04-17 19:06:38.544630
2024-04-17 19:06:39.046555,6.0,6.075264265725159,-0.07526426572515899,0.0,30.0,-1.4900169760660454e-17,6.075264265725159,6.075264265725159,30.0,30.51729895972303,0.6664350663080896,MLP,2024-04-17 19:06:39.046555
2024-04-17 19:06:39.550582,6.0,6.075264265725159,-0.07526426572515899,0.0,30.0,-1.4900169760660454e-17,6.075264265725159,6.075264265725159,30.0,30.336946050356378,0.481018421965981,MLP,2024-04-17 19:06:39.550582
2024-04-17 19:06:40.057962,6.0,6.075264265725159,-0.07526426572515899,0.0,30.0,-1.4900169760660454e-17,6.075264265725159,6.075264265725159,30.0,30.4048957531381,0.21861264273368164,MLP,2024-04-17 19:06:40.057962
2024-04-17 19:06:40.581255,6.0,6.075264265725159,-0.07526426572515899,0.0,30.0,-1.4900169760660454e-17,6.075264265725159,6.075264265725159,30.0,30.312920975333768,0.10324652319312122,MLP,2024-04-17 19:06:40.581255
2024-04-17 19:06:41.105607,6.0,6.075264265725159,-0.07526426572515899,0.0,30.0,-1.4900169760660454e-17,6.075264265725159,6.075264265725159,30.0,29.3608130135481,-0.73018704396641,MLP,2024-04-17 19:06:41.105607
2024-04-17 19:06:41.594419,6.0,6.075264265725159,-0.07526426572515899,0.0,30.0,-1.4900169760660454e-17,6.075264265725159,6.075264265725159,30.0,29.20591134780252,-0.6515271736839061,MLP,2024-04-17 19:06:41.594419
2024-04-17 19:06:42.090442,6.0,6.075264265725159,-0.07526426572515899,0.0,30.0,-1.4900169760660454e-17,6.075264265725159,6.075264265725159,30.0,30.467427671626336,0.72780696863693,MLP,2024-04-17 19:06:42.090442
2024-04-17 19:06:42.601658,6.0,6.075264265725159,-0.07526426572515899,0.0,30.0,-1.4900169760660454e-17,6.075264265725159,6.075264265725159,30.0,29.050313060644417,-1.1073796409837975,MLP,2024-04-17 19:06:42.601658
2024-04-17 19:06:43.106497,6.0,6.075264265725159,-0.07526426572515899,0.0,30.0,-1.4900169760660454e-17,6.075264265725159,6.075264265725159,30.0,28.850972952372377,-0.8939398587078458,MLP,2024-04-17 19:06:43.106497
2024-04-17 19:06:43.633038,6.0,6.075264265725159,-0.07526426572515899,0.0,30.0,-1.4900169760660454e-17,6.075264265725159,6.075264265725159,30.0,30.039821776874152,0.3170302765784321,MLP,2024-04-17 19:06:43.633038
