Time,Frequencia CMB,CV-1,CV-2,CV-3,PT-1,PT-2,PT-3,PT-4,PT-5,FT-1,FT-2
2024-03-20 14:35:08,53.0,-0.52815753,-0.28230795,-0.5199382,-0.9484863,9.0625,6.001953,3.2291667,3.0940754,-8.654948,0.9777832
2024-03-20 14:35:09,53.0,-0.48577008,-0.32509068,-0.47154018,-0.93575615,9.106027,6.0234375,3.233538,3.0943081,-8.658483,0.9622628
2024-03-20 14:35:10,53.0,-0.49674478,-0.31288657,-0.4908854,-0.94156903,9.100261,6.0351562,3.2428386,3.0911458,-8.6536455,0.9494629
2024-03-20 14:35:11,53.0,-0.49515206,-0.32571846,-0.48046875,-0.9447545,9.232142,6.111607,3.2240512,3.095145,-8.652902,0.9461495
2024-03-20 14:35:12,53.0,-0.4972447,-0.32481167,-0.48046875,-0.936663,9.016741,5.9882812,3.2282367,3.0898438,-8.658483,0.94538224
2024-03-20 14:35:13,53.0,-0.4855957,-0.3079834,-0.5422363,-0.93969727,9.040364,6.0436196,3.2337239,3.0927734,-8.6484375,0.9416504
2024-03-20 14:35:14,53.0,-0.49843052,-0.32024273,-0.53222656,-0.9480329,9.065848,5.9899554,3.236607,3.0870535,-8.646205,0.93791854
2024-03-20 14:35:15,53.0,-0.49323383,-0.31319755,-0.47293526,-0.9434989,9.2421875,6.0502234,3.2318637,3.0842633,-8.654017,0.9540318
2024-03-20 14:35:16,53.0,-0.48535156,-0.3100586,-0.50683594,-0.93986005,9.139323,6.0527344,3.2252605,3.078125,-8.6484375,0.94506836
2024-03-20 14:35:17,53.0,-0.4961984,-0.31515068,-0.48120117,-0.94649833,9.041295,6.017857,3.2399554,3.0931919,-8.65067,0.95779854
2024-03-20 14:35:18,53.0,-0.5069755,-0.3044085,-0.49870953,-0.9433594,9.142858,6.126674,3.2360492,3.0867746,-8.652902,0.9678432
2024-03-20 14:35:19,53.0,-0.49206543,-0.31758627,-0.5180664,-0.9402669,8.9375,6.0384116,3.2395833,3.086263,-8.652344,0.94718426
2024-03-20 14:35:20,53.0,-0.48981586,-0.31821987,-0.4775042,-0.93868583,9.188616,6.080357,3.232143,3.0890067,-8.660714,0.94356865
2024-03-20 14:35:21,53.0,-0.48594448,-0.3077567,-0.49243164,-0.9439872,9.129464,6.017857,3.235491,3.0856586,-8.646205,0.9482422
2024-03-20 14:35:22,53.0,-0.49035645,-0.32165527,-0.46923828,-0.9436849,8.933594,5.966146,3.241862,3.0859375,-8.65625,0.96883136
2024-03-20 14:35:23,53.0,-0.49375698,-0.31260464,-0.4881766,-0.94077843,9.133928,6.0792413,3.2324219,3.0895648,-8.657366,0.96086776
2024-03-20 14:35:24,53.0,-0.49644253,-0.30329242,-0.48664203,-0.9444057,9.09933,5.9832587,3.2371652,3.0864956,-8.643973,0.94970703
2024-03-20 14:35:25,53.0,-0.4941813,-0.31791177,-0.43538412,-0.94344074,9.2317705,5.9720054,3.2194011,3.0979817,-8.649739,0.931722
2024-03-20 14:35:26,53.0,-0.5027553,-0.31699917,-0.46589008,-0.9444057,9.0859375,5.9960938,3.2262836,3.094866,-8.647322,0.952288
2024-03-20 14:35:27,53.0,-0.50606865,-0.3010254,-0.45193917,-0.94356865,9.142858,6.029018,3.235491,3.0890067,-8.654017,0.9566127
2024-03-20 14:35:28,53.0,-0.4766439,-0.3186849,-0.4749349,-0.9406738,9.1536455,6.0227866,3.226888,3.0940754,-8.651042,0.95133466
2024-03-20 14:35:29,53.0,-0.5062081,-0.31612724,-0.5407715,-0.94196427,9.188616,6.0167413,3.2307477,3.0892856,-8.657366,0.9578683
2024-03-20 14:35:30,53.0,-0.5047084,-0.3089774,-0.4817941,-0.9425921,9.029017,6.004464,3.2380023,3.0873325,-8.652902,0.9363839
2024-03-20 14:35:31,53.0,-0.47554526,-0.30786133,-0.49861655,-0.9463704,9.072917,5.964193,3.2395833,3.09375,-8.651042,0.95003253
2024-03-20 14:35:32,53.0,-0.49717495,-0.30393764,-0.48737445,-0.9462193,9.19308,6.029576,3.2307477,3.0876117,-8.654017,0.9589844
2024-03-20 14:35:33,53.0,-0.48249164,-0.3037807,-0.47869,-0.9388253,9.075892,6.0569196,3.2371652,3.094866,-8.647322,0.96428573
2024-03-20 14:35:34,53.0,-0.47111002,-0.31070963,-0.5124512,-0.9370931,9.1119795,6.0384116,3.2311199,3.0934246,-8.647136,0.9515788
2024-03-20 14:35:35,53.0,-0.48939732,-0.3092913,-0.5145089,-0.94754463,9.073661,6.0083704,3.2273996,3.0984933,-8.649553,0.9495675
2024-03-20 14:35:36,53.0,-0.49762836,-0.31162807,-0.4753418,-0.9469169,9.0234375,6.0122766,3.2338169,3.0984933,-8.658483,0.9636579
2024-03-20 14:35:37,53.0,-0.48840332,-0.3087565,-0.50146484,-0.9406738,9.217448,6.018229,3.2239583,3.095052,-8.665364,0.958903
2024-03-20 14:35:38,53.0,-0.5084752,-0.30716377,-0.502546,-0.9390346,9.127233,6.0574775,3.232143,3.0898438,-8.647322,0.9600307
2024-03-20 14:35:39,53.0,-0.4918736,-0.31734794,-0.47705078,-0.9466378,9.137277,6.094308,3.2363281,3.0973773,-8.657366,0.9269671
2024-03-20 14:35:40,53.0,-0.495931,-0.316569,-0.4683024,-0.94433594,8.9973955,6.0585938,3.2428386,3.0970051,-8.641927,0.9586589
2024-03-20 14:35:41,53.0,-0.4877581,-0.29907227,-0.48263115,-0.9469169,8.987723,5.982701,3.2402344,3.0895648,-8.65067,0.9814453
2024-03-20 14:35:42,53.0,-0.48521206,-0.31947544,-0.46641323,-0.9459403,9.118303,6.080915,3.2433035,3.0895648,-8.65625,0.94496375
2024-03-20 14:35:43,53.0,-0.5079753,-0.31530762,-0.53881836,-0.94002277,9.109375,6.0559897,3.2376301,3.0963542,-8.649739,0.9458008
2024-03-20 14:35:44,53.0,-0.4932687,-0.3084891,-0.51171875,-0.94001114,8.9921875,6.0094867,3.234375,3.0957031,-8.642858,0.9572405
2024-03-20 14:35:45,53.0,-0.4796317,-0.31298828,-0.48726982,-0.9458705,9.082589,6.0055804,3.2407925,3.0892856,-8.649553,0.93896484
2024-03-20 14:35:46,53.0,-0.49145508,-0.33109537,-0.46350098,-0.94506836,9.140625,6.0429688,3.2353516,3.0963542,-8.6588545,0.9711914
2024-03-20 14:35:47,53.0,-0.49452427,-0.32585797,-0.4995466,-0.94384766,9.137277,6.0273438,3.2299106,3.09375,-8.65067,0.9423828
2024-03-20 14:35:48,53.0,-0.4900251,-0.33977398,-0.4796317,-0.94328964,9.078125,5.995536,3.2413504,3.0917969,-8.652902,0.92689735
2024-03-20 14:35:49,53.0,-0.5020345,-0.31852213,-0.5078125,-0.9408366,9.088542,6.076172,3.239909,3.0878906,-8.6484375,0.93815106
2024-03-20 14:35:50,53.0,-0.49267578,-0.3114188,-0.4951172,-0.94029015,9.083705,6.0033484,3.2382812,3.092355,-8.66183,0.94782364
2024-03-20 14:35:51,53.0,-0.5070452,-0.31984165,-0.50666153,-0.94245255,9.158483,6.0239954,3.2399554,3.0954242,-8.654017,0.95640343
2024-03-20 14:35:52,53.0,-0.50459796,-0.32019043,-0.49169922,-0.9468587,9.0625,6.0377603,3.2307942,3.085612,-8.6536455,0.947347
2024-03-20 14:35:53,53.0,-0.49818638,-0.31138393,-0.5005929,-0.94196427,9.104911,6.061942,3.2363281,3.094587,-8.6484375,0.95996094
2024-03-20 14:35:54,53.0,-0.51304406,-0.3106515,-0.5200544,-0.9405692,9.078125,6.0094867,3.2410715,3.0912387,-8.651786,0.9359654
2024-03-20 14:35:55,53.0,-0.5085449,-0.3095703,-0.52937824,-0.9397786,9.0703125,5.966146,3.2307942,3.088216,-8.652344,0.9406738
2024-03-20 14:35:56,53.0,-0.4881766,-0.32666016,-0.460798,-0.9476144,9.003348,6.0212054,3.234375,3.0887277,-8.651786,0.9636579
2024-03-20 14:35:57,53.0,-0.5041504,-0.32069615,-0.5264369,-0.9404994,9.03683,5.9748883,3.2391183,3.0842633,-8.66183,0.9363839
2024-03-20 14:35:58,53.0,-0.475708,-0.3326416,-0.47912598,-0.9390462,9.0625,6.018229,3.2405598,3.0852864,-8.649739,0.94506836
2024-03-20 14:35:59,53.0,-0.47474888,-0.3274972,-0.48570034,-0.9404994,9.09933,6.029576,3.2374442,3.0917969,-8.659598,0.938058
2024-03-20 14:36:00,53.0,-0.4850028,-0.33108956,-0.45441547,-0.9393136,9.112723,5.9726562,3.2279575,3.0917969,-8.654017,0.93540734
2024-03-20 14:36:01,53.0,-0.48950195,-0.33658853,-0.5193278,-0.9448242,8.994792,5.995443,3.2347004,3.0970051,-8.654948,0.9379883
2024-03-20 14:36:02,53.0,-0.48796734,-0.32585797,-0.47569057,-0.9453125,9.032366,6.109375,3.2391183,3.0979352,-8.647322,0.9660296
2024-03-20 14:36:03,53.0,-0.4998605,-0.334089,-0.46037945,-0.9359654,9.098214,6.0574775,3.236607,3.0973773,-8.65625,0.9504743
2024-03-20 14:36:04,53.0,-0.48539224,-0.34147134,-0.50789386,-0.9420573,9.0755205,6.0585938,3.226237,3.0970051,-8.6536455,0.95043945
2024-03-20 14:36:05,53.0,-0.5105678,-0.3276716,-0.46735492,-0.9379883,9.111608,6.0507812,3.23577,3.095982,-8.654017,0.9515206
2024-03-20 14:36:06,53.0,-0.50938195,-0.32707867,-0.509661,-0.9363839,9.053572,5.982701,3.2382812,3.0954242,-8.651786,0.9272461
2024-03-20 14:36:07,53.0,-0.49536133,-0.32861328,-0.49788412,-0.9385579,9.0859375,5.9746094,3.2382812,3.0904949,-8.647136,0.94401044
2024-03-20 14:36:08,53.0,-0.49152485,-0.32453266,-0.51764786,-0.9439872,9.103795,6.0301337,3.2382812,3.094587,-8.660714,0.9421038
2024-03-20 14:36:09,53.0,-0.4718192,-0.3250558,-0.5269601,-0.9375,9.073661,5.9949775,3.2368863,3.1004465,-8.647322,0.95103234
2024-03-20 14:36:10,53.0,-0.50386554,-0.3251953,-0.495931,-0.94108075,9.024739,5.9479165,3.2363281,3.09375,-8.6484375,0.95792645
2024-03-20 14:36:11,53.0,-0.47935268,-0.3265904,-0.48032925,-0.93756974,9.052455,6.032924,3.2371652,3.091518,-8.638392,0.9441964
2024-03-20 14:36:12,53.0,-0.49305943,-0.32345146,-0.5104632,-0.9362444,9.078125,5.9832587,3.2313058,3.0931919,-8.649553,0.9572405
2024-03-20 14:36:13,53.0,-0.48286948,-0.31270346,-0.52738446,-0.94059247,9.144531,6.0410156,3.2353516,3.0859375,-8.6484375,0.9399414
2024-03-20 14:36:14,53.0,-0.4995815,-0.3068499,-0.46756417,-0.9444755,9.094866,6.0122766,3.2371652,3.095145,-8.65625,0.9598912
2024-03-20 14:36:15,53.0,-0.50006974,-0.3114188,-0.46864536,-0.94280136,9.071428,6.0189734,3.2407925,3.0878906,-8.660714,0.95410156
2024-03-20 14:36:16,53.0,-0.48295084,-0.317098,-0.4946696,-0.94417316,9.0546875,5.957682,3.2415364,3.0963542,-8.654948,0.95377606
2024-03-20 14:36:17,53.0,-0.49564034,-0.3132673,-0.5065569,-0.94412667,9.140625,6.1015625,3.237723,3.0957031,-8.658483,0.9874442
2024-03-20 14:36:18,53.0,-0.5069755,-0.2875279,-0.48726982,-0.94601005,9.121652,6.0206475,3.234654,3.0917969,-8.646205,0.9316406
2024-03-20 14:36:19,53.0,-0.4859619,-0.3174642,-0.4892985,-0.94645184,9.102864,6.1080728,3.2353516,3.0927734,-8.651042,0.9316406
2024-03-20 14:36:20,53.0,-0.4937221,-0.30810547,-0.51510185,-0.94573104,9.106027,6.0864954,3.236607,3.0943081,-8.655134,0.96435547
2024-03-20 14:36:21,53.0,-0.47816685,-0.31605747,-0.51018417,-0.9464286,9.1953125,6.013393,3.23298,3.0917969,-8.657366,0.92473495
2024-03-20 14:36:22,53.0,-0.4975586,-0.30794272,-0.47200522,-0.94156903,9.108073,6.0143228,3.2441406,3.0940754,-8.65625,0.9335124
2024-03-20 14:36:23,53.0,-0.49054828,-0.31898716,-0.5028251,-0.9430106,9.079241,6.0518975,3.2407925,3.0954242,-8.645089,0.95305526
2024-03-20 14:36:24,53.0,-0.4930943,-0.3310547,-0.46773857,-0.94196427,9.061384,6.0719867,3.2444196,3.0878906,-8.652902,0.94029015
2024-03-20 14:36:25,53.0,-0.487264,-0.3284912,-0.5102539,-0.9404297,9.0807295,5.9772134,3.2324219,3.0976562,-8.65625,0.9440918
2024-03-20 14:36:26,53.0,-0.48629326,-0.31089565,-0.46425083,-0.9428711,9.090402,6.0585938,3.2380023,3.0867746,-8.6484375,0.9496373
2024-03-20 14:36:27,53.0,-0.50671387,-0.31013998,-0.5400798,-0.94051105,9.1067705,5.995443,3.2353516,3.0908203,-8.6432295,0.9597168
2024-03-20 14:36:28,53.0,-0.48205566,-0.31575522,-0.48608398,-0.9423828,8.9973955,5.96875,3.2395833,3.103841,-8.662761,0.9423828
2024-03-20 14:36:29,53.0,-0.5060628,-0.32035318,-0.51013184,-0.9474284,9.020833,5.9895835,3.239909,3.0898438,-8.644531,0.93033856
2024-03-20 14:36:30,53.0,-0.50061035,-0.30533853,-0.5007324,-0.9485677,9.1223955,5.999349,3.227539,3.086914,-8.649739,0.9461263
2024-03-20 14:36:31,53.0,-0.5007673,-0.30583844,-0.49926758,-0.9451032,9.110491,6.015067,3.2374442,3.092634,-8.6484375,0.9837472
2024-03-20 14:36:32,53.0,-0.5083008,-0.32080078,-0.5094808,-0.9359538,8.972656,5.9947915,3.2470703,3.0904949,-8.6432295,0.9428711
2024-03-20 14:36:33,53.0,-0.4951172,-0.32128906,-0.5299886,-0.9479167,9.0598955,6.0364585,3.2298176,3.0986328,-8.6536455,0.93937176
2024-03-20 14:36:34,53.0,-0.504255,-0.31515068,-0.45668247,-0.94140625,9.121652,5.981585,3.2382812,3.092634,-8.655134,0.9490792
2024-03-20 14:36:35,53.0,-0.49483237,-0.30773926,-0.526001,-0.9413249,9.204427,6.0924478,3.2350261,3.0983074,-8.649739,0.9331868
2024-03-20 14:36:36,53.0,-0.50891113,-0.32511392,-0.45544434,-0.9442546,9.186198,6.0455728,3.2379558,3.0953777,-8.647136,0.96451825
2024-03-20 14:36:37,53.0,-0.48311362,-0.32486978,-0.48994955,-0.9462077,9.2526045,6.0924478,3.2340496,3.0930989,-8.641927,0.94628906
2024-03-20 14:36:38,53.0,-0.4769287,-0.32141113,-0.4698893,-0.94417316,9.024739,5.9882812,3.2379558,3.0911458,-8.649739,0.9652507
2024-03-20 14:36:39,53.0,-0.48014322,-0.31453452,-0.5083008,-0.94401044,9.170573,6.0429688,3.2317708,3.0872395,-8.661458,0.96435547
2024-03-20 14:36:40,53.0,-0.49438477,-0.31547037,-0.46439615,-0.9431966,9.048177,6.0403647,3.2441406,3.0957031,-8.647136,0.9475911
2024-03-20 14:36:41,53.0,-0.48872885,-0.30777994,-0.48791504,-0.9444173,9.029948,5.9928384,3.233073,3.0986328,-8.6588545,0.95686847
2024-03-20 14:36:42,53.0,-0.4991455,-0.33589682,-0.43802896,-0.94539386,9.097656,6.0084634,3.2415364,3.095052,-8.6588545,0.94384766
2024-03-20 14:36:43,53.0,-0.49248046,-0.30131835,-0.48061523,-0.94082034,9.09375,6.0015626,3.2382812,3.0929687,-8.654688,0.95214844
2024-03-20 14:36:44,53.0,-0.50878906,-0.3207601,-0.5288493,-0.94661456,9.1171875,6.0117188,3.2389324,3.0999348,-8.651042,0.96573895
2024-03-20 14:36:45,53.0,-0.48457846,-0.3162435,-0.49344888,-0.9425456,9.089844,5.983724,3.239909,3.0914714,-8.651042,0.96931964
2024-03-20 14:36:46,53.0,-0.49776205,-0.31612143,-0.5221761,-0.93513995,9.052083,6.0501304,3.2434895,3.0908203,-8.6536455,0.9649251
2024-03-20 14:36:47,53.0,-0.48128256,-0.32149252,-0.50846356,-0.9444173,9.108073,6.03125,3.2317708,3.0970051,-8.661458,0.9431966
2024-03-20 14:36:48,53.0,-0.49321288,-0.32060546,-0.5071777,-0.95341796,9.096875,6.0390625,3.2316406,3.1,-8.6625,0.9423828
2024-03-20 14:36:49,53.0,-0.4954834,-0.30887857,-0.49580893,-0.94832355,9.09375,6.0416665,3.2428386,3.0891926,-8.667969,0.9362793
2024-03-20 14:36:50,53.0,-0.5147705,-0.31070963,-0.49190268,-0.939209,9.118489,5.9960938,3.2278645,3.0963542,-8.647136,0.94954425
2024-03-20 14:36:51,53.0,-0.50146484,-0.33334962,-0.4551758,-0.94082034,9.110937,6.015625,3.2359376,3.0964844,-8.6484375,0.94980466
2024-03-20 14:36:52,53.0,-0.5070801,-0.30041504,-0.49214682,-0.94889325,9.046875,5.9296875,3.2298176,3.0960286,-8.651042,0.9423828
2024-03-20 14:36:53,53.0,-0.506429,-0.30163574,-0.5128581,-0.94222003,9.001302,6.063151,3.2434895,3.0944011,-8.6380205,0.94278973
2024-03-20 14:36:54,53.0,-0.5050293,-0.31689453,-0.48691407,-0.9459961,9.153125,6.0710936,3.2226562,3.0984375,-8.65,0.9458008
2024-03-20 14:36:55,53.0,-0.51346844,-0.2990316,-0.51798505,-0.9423828,8.96875,6.046224,3.2457683,3.0999348,-8.644531,0.9470215
2024-03-20 14:36:56,53.0,-0.5167969,-0.29785156,-0.49570313,-0.943457,9.310938,5.9664063,3.229297,3.0878906,-8.64375,0.93916017
2024-03-20 14:36:57,53.0,-0.50146484,-0.3301758,-0.465625,-0.9388672,8.878125,5.9734373,3.2480469,3.09375,-8.660937,0.95527345
2024-03-20 14:36:58,53.0,-0.49438477,-0.32141113,-0.49788412,-0.94401044,8.902344,5.903646,3.2415364,3.0966797,-8.657552,0.9322917
2024-03-20 14:36:59,53.0,-0.49365234,-0.3227051,-0.47661132,-0.9303711,9.109375,5.9625,3.2363281,3.0839844,-8.651563,0.9345703
2024-03-20 14:37:00,53.0,-0.4873047,-0.31713867,-0.52729493,-0.9380859,9.029688,6.088281,3.2484374,3.0976562,-8.659375,0.9466797
2024-03-20 14:37:01,53.0,-0.4807617,-0.3142578,-0.4723633,-0.93916017,9.071875,5.958594,3.239453,3.084375,-8.654688,0.9256836
2024-03-20 14:37:02,53.0,-0.5128581,-0.32137045,-0.515096,-0.93863934,9.029948,6.0345054,3.2340496,3.0947266,-8.649739,0.9391276
2024-03-20 14:37:03,53.0,-0.51064456,-0.29614258,-0.49418944,-0.9328125,9.01875,6.000781,3.2488282,3.0929687,-8.65,0.9501953
2024-03-20 14:37:04,53.0,-0.49467772,-0.3121582,-0.47036132,-0.9393555,9.104688,5.98125,3.2386718,3.083203,-8.659375,0.96435547
2024-03-20 14:37:05,53.0,-0.50268555,-0.31938475,-0.47666016,-0.93242186,9.11875,6.1,3.2320313,3.0976562,-8.660937,0.96123046
2024-03-20 14:37:06,53.0,-0.48964843,-0.34648436,-0.46201172,-0.9369141,9.076563,6.0742188,3.240625,3.0914063,-8.659375,0.94033206
2024-03-20 14:37:07,53.0,-0.5150391,-0.31679687,-0.49780273,-0.9466797,9.1875,6.01875,3.225,3.1035156,-8.635938,0.9574219
2024-03-20 14:37:08,53.0,-0.49160156,-0.3144043,-0.46743163,-0.94257814,9.0875,6.0296874,3.2296875,3.0953126,-8.657812,0.93710935
2024-03-20 14:37:09,53.0,-0.50737303,-0.3083496,-0.48500976,-0.9411133,9.084375,6.0484376,3.2308593,3.09375,-8.640625,0.94326174
2024-03-20 14:37:10,53.0,-0.37105712,-0.3154297,-0.4963867,-0.9421875,9.059375,6.0046873,3.2363281,3.086328,-8.653125,0.95576173
2024-03-20 14:37:11,53.0,0.48178712,-0.32216796,-0.5450195,-0.9482422,9.0375,6.003125,3.2304688,3.0917969,-8.654688,0.96005857
2024-03-20 14:37:12,53.0,1.4789063,-0.31777343,-0.52612305,-0.94208986,8.8984375,6.021875,3.2542968,3.0917969,-8.65625,0.95458984
2024-03-20 14:37:13,53.0,2.4660156,-0.32548827,-0.5487793,-0.9429687,9.126562,6.0484376,3.2527344,3.090625,-8.653125,0.9351562
2024-03-20 14:37:14,53.0,3.4421875,-0.30820313,-0.5354492,-0.9380859,9.13125,6.0234375,3.239453,3.0902343,-8.653125,0.9524414
2024-03-20 14:37:15,53.0,4.4179688,-0.33258057,-0.475708,-0.94470215,9.019531,6.0234375,3.2358398,3.090332,-8.642578,0.9277344
2024-03-20 14:37:16,53.0,5.353906,-0.3088379,-0.53164065,-0.94433594,9.05625,6.0234375,3.2335937,3.0875,-8.653125,0.9538086
2024-03-20 14:37:17,53.0,6.489258,-0.33190918,-0.48620605,-0.9423828,9.167969,5.9833984,3.2163086,3.0947266,-8.650391,0.9498291
2024-03-20 14:37:18,53.0,7.446875,-0.33652344,-0.51875,-0.94794923,9.153125,5.9726562,3.2277343,3.0921874,-8.646875,0.96962893
2024-03-20 14:37:19,53.0,8.498047,-0.29888916,-0.54901123,-0.94055176,9.105469,5.932617,3.2373047,3.0932617,-8.652344,0.95739746
2024-03-20 14:37:20,53.0,9.495313,-0.3171875,-0.49970704,-0.9339844,9.201563,5.9867187,3.2363281,3.0929687,-8.645312,0.9387695
2024-03-20 14:37:21,53.0,10.61875,-0.30283204,-0.48999023,-0.9397461,9.264063,5.8234377,3.240625,3.0933595,-8.6484375,0.95097655
2024-03-20 14:37:22,53.0,11.658203,-0.30041504,-0.48773193,-0.94091797,9.433594,5.9453125,3.2226562,3.097168,-8.646484,0.9373779
2024-03-20 14:37:23,53.0,12.732813,-0.32749024,-0.48271483,-0.94863284,9.6125,5.8726563,3.2355468,3.1,-8.65,0.94501954
2024-03-20 14:37:24,53.0,13.640625,-0.3157959,-0.5437012,-0.9448242,9.796875,5.810547,3.2426758,3.090332,-8.650391,0.96606445
2024-03-20 14:37:25,53.0,14.640625,-0.2996582,-0.48686522,-0.9397461,9.953125,5.6796875,3.2347655,3.0921874,-8.6484375,0.9489258
2024-03-20 14:37:26,53.0,15.740625,-0.31586915,-0.49770507,-0.9495117,10.229688,5.7453127,3.2300782,3.0898438,-8.653125,0.94091797
2024-03-20 14:37:27,53.0,16.757812,-0.31732178,-0.42913818,-0.94714355,10.388672,5.4570312,3.241211,3.0874023,-8.65625,0.9466553
2024-03-20 14:37:28,53.0,17.83125,-0.30024415,-0.5126465,-0.94326174,10.5859375,5.509375,3.2382812,3.09375,-8.651563,0.95097655
2024-03-20 14:37:29,53.0,18.95,-0.2831543,-0.53095704,-0.9411133,10.846875,5.353906,3.2246094,3.0972657,-8.6625,0.9644531
2024-03-20 14:37:30,53.0,19.976562,-0.29785156,-0.4958496,-0.95654297,11.048828,5.399414,3.2382812,3.090332,-8.65625,0.9929199
2024-03-20 14:37:31,53.0,21.05,-0.31166992,-0.4953125,-0.9515625,11.2375,5.3398438,3.2355468,3.0984375,-8.654688,0.9458008
2024-03-20 14:37:32,53.0,22.15625,-0.31025392,-0.5444336,-0.94794923,11.371875,5.228125,3.2421875,3.0960937,-8.645312,0.94384766
2024-03-20 14:37:33,53.0,23.117188,-0.29693604,-0.55267334,-0.9556885,11.666016,5.227539,3.229004,3.0976562,-8.660156,0.9482422
2024-03-20 14:37:34,53.0,24.125,-0.32421875,-0.4933594,-0.95996094,11.901563,5.2835937,3.2375,3.0898438,-8.651563,0.9446289
2024-03-20 14:37:35,53.0,25.136719,-0.31530762,-0.5003052,-0.9547119,12.107422,5.1445312,3.230957,3.1000977,-8.671875,0.9530029
2024-03-20 14:37:36,53.0,26.140625,-0.30439454,-0.50649416,-0.96191406,12.35625,5.0265627,3.2324219,3.0882812,-8.659375,0.94375
2024-03-20 14:37:37,53.0,27.28125,-0.3026123,-0.50653076,-0.9609375,12.6484375,4.836914,3.2314453,3.084961,-8.65625,0.9425049
2024-03-20 14:37:38,53.0,28.2875,-0.31523436,-0.5055176,-0.9633789,13.1484375,4.728906,3.229297,3.0839844,-8.646875,0.9546875
2024-03-20 14:37:39,53.0,29.277344,-0.28826904,-0.5008545,-0.975708,13.546875,4.5927734,3.224121,3.0888672,-8.65625,0.9309082
2024-03-20 14:37:40,53.0,29.60625,-0.32856447,-0.4605957,-0.98095703,13.421875,4.5265627,3.2386718,3.1035156,-8.651563,0.9334961
2024-03-20 14:37:41,53.0,29.617188,-0.3121338,-0.5031738,-0.97546387,13.416016,4.538086,3.2387695,3.0922852,-8.654297,0.9448242
2024-03-20 14:37:42,53.0,29.613281,-0.30078125,-0.49456787,-0.9703369,13.5078125,4.4941406,3.237793,3.100586,-8.652344,0.9473877
2024-03-20 14:37:43,53.0,29.6125,-0.31606445,-0.49848634,-0.9746094,13.521875,4.614844,3.228125,3.0925782,-8.660937,0.9628906
2024-03-20 14:37:44,53.0,29.613281,-0.3010254,-0.5533447,-0.9727783,13.5703125,4.5351562,3.2231445,3.0927734,-8.666016,0.9244385
2024-03-20 14:37:45,53.0,29.605469,-0.31262207,-0.4937744,-0.97229004,13.628906,4.6054688,3.2319336,3.0961914,-8.650391,0.9304199
2024-03-20 14:37:46,53.0,29.609375,-0.30065918,-0.5181885,-0.97802734,13.574219,4.536133,3.2260742,3.0996094,-8.650391,0.9440918
2024-03-20 14:37:47,53.0,29.615625,-0.32246095,-0.4883789,-0.97822267,13.485937,4.41875,3.2382812,3.0867188,-8.653125,0.9651367
2024-03-20 14:37:48,53.0,29.617188,-0.31982422,-0.5185547,-0.97473145,13.574219,4.551758,3.239746,3.0854492,-8.662109,0.939209
2024-03-20 14:37:49,53.0,29.597656,-0.3451538,-0.47149658,-0.96606445,13.546875,4.6591797,3.2338867,3.0996094,-8.662109,0.93652344
2024-03-20 14:37:50,53.0,29.628906,-0.32147217,-0.47113037,-0.979126,13.5078125,4.524414,3.239746,3.0986328,-8.658203,0.93969727
2024-03-20 14:37:51,53.0,29.625,-0.31604004,-0.5010376,-0.9807129,13.580078,4.620117,3.2436523,3.090332,-8.6484375,0.95825195
2024-03-20 14:37:52,53.0,29.621094,-0.30889893,-0.51153564,-0.9777832,13.4375,4.5664062,3.2451172,3.0927734,-8.658203,0.94140625
2024-03-20 14:37:53,53.0,29.625,-0.31793213,-0.51452637,-0.9794922,13.525391,4.4541016,3.2348633,3.0874023,-8.6640625,0.91516113
2024-03-20 14:37:54,53.0,29.615625,-0.3347168,-0.52138674,-0.97080076,13.479688,4.530469,3.2371094,3.1015625,-8.659375,0.9703125
2024-03-20 14:37:55,53.0,29.601562,-0.3163452,-0.5336914,-0.9692383,13.470703,4.4414062,3.2402344,3.0952148,-8.650391,0.954834
2024-03-20 14:37:56,53.0,29.617188,-0.30181885,-0.4777832,-0.97998047,13.566406,4.6875,3.2304688,3.0976562,-8.662109,0.94873047
2024-03-20 14:37:57,53.0,29.597656,-0.30133057,-0.44226074,-0.97839355,13.625,4.4658203,3.2363281,3.0913086,-8.652344,0.9576416
2024-03-20 14:37:58,53.0,29.605469,-0.3209839,-0.5081787,-0.9729004,13.556641,4.7226562,3.2416992,3.0942383,-8.660156,0.93688965
2024-03-20 14:37:59,53.0,29.632812,-0.32824707,-0.48968506,-0.982666,13.494141,4.459961,3.2441406,3.0932617,-8.65625,0.9412842
2024-03-20 14:38:00,53.0,29.617188,-0.31781006,-0.5321655,-0.9707031,13.566406,4.4746094,3.237793,3.1015625,-8.666016,0.93981934
2024-03-20 14:38:01,53.0,29.625,-0.32507324,-0.52423096,-0.9830322,13.470703,4.5947266,3.2250977,3.1044922,-8.6484375,0.94873047
2024-03-20 14:38:02,53.0,29.585938,-0.2915039,-0.5727539,-0.9725342,13.644531,4.616211,3.2373047,3.090332,-8.660156,0.9472656
2024-03-20 14:38:03,53.0,29.609375,-0.31481934,-0.5187378,-0.98291016,13.4296875,4.616211,3.2519531,3.0932617,-8.662109,0.9538574
2024-03-20 14:38:04,53.0,29.632812,-0.3022461,-0.45220947,-0.9794922,13.535156,4.470703,3.2363281,3.0932617,-8.662109,0.9300537
2024-03-20 14:38:05,53.0,29.617188,-0.31671143,-0.46368408,-0.9761963,13.548828,4.588867,3.2407227,3.088379,-8.6484375,0.93725586
2024-03-20 14:38:06,53.0,29.625,-0.30603027,-0.47662354,-0.9744873,13.527344,4.529297,3.2416992,3.1000977,-8.650391,0.958374
2024-03-20 14:38:07,53.0,29.628906,-0.30804443,-0.49163818,-0.97106934,13.568359,4.4746094,3.2441406,3.0986328,-8.671875,0.96069336
2024-03-20 14:38:08,53.0,29.59375,-0.31347656,-0.5008952,-0.9733073,13.479167,4.5690103,3.2428386,3.1002605,-8.6432295,0.95784503
2024-03-20 14:38:09,53.0,29.632812,-0.31262207,-0.50598145,-0.9852295,13.484375,4.5791016,3.230957,3.0942383,-8.662109,0.96447754
2024-03-20 14:38:10,53.0,29.605469,-0.3125,-0.50183105,-0.9786377,13.541016,4.401367,3.2470703,3.088379,-8.6640625,0.9523926
2024-03-20 14:38:11,53.0,29.625,-0.30480957,-0.52020264,-0.9842529,13.490234,4.504883,3.2441406,3.0996094,-8.642578,0.98706055
2024-03-20 14:38:12,53.0,29.666666,-0.30257162,-0.50634766,-0.9707031,13.552083,4.3971353,3.2545574,3.0859375,-8.6536455,0.9845378
2024-03-20 14:38:13,53.0,29.628906,-0.31915283,-0.5336304,-0.973999,13.515625,4.529297,3.2285156,3.102539,-8.654297,0.9477539
2024-03-20 14:38:14,53.0,29.601562,-0.31176758,-0.47277832,-0.96447754,13.5625,4.423828,3.243164,3.0961914,-8.650391,0.94226074
2024-03-20 14:38:15,53.0,29.640625,-0.3163452,-0.49395752,-0.97717285,13.558594,4.5410156,3.2236328,3.1049805,-8.660156,0.9412842
2024-03-20 14:38:16,53.0,29.621094,-0.31903076,-0.4897461,-0.9765625,13.587891,4.756836,3.2304688,3.097168,-8.654297,0.9437256
2024-03-20 14:38:17,53.0,29.605469,-0.30090332,-0.55895996,-0.9777832,13.638672,4.504883,3.2353516,3.099121,-8.652344,0.970459
2024-03-20 14:38:18,53.0,29.613281,-0.30895996,-0.4932251,-0.9824219,13.5078125,4.479492,3.2285156,3.097168,-8.652344,0.9370117
2024-03-20 14:38:19,53.0,29.604166,-0.30908203,-0.5953776,-0.9637044,13.494792,4.609375,3.2408855,3.1067708,-8.6536455,0.9695638
2024-03-20 14:38:20,53.0,29.609375,-0.2921753,-0.5443115,-0.9802246,13.484375,4.419922,3.2441406,3.0927734,-8.640625,0.9232178
2024-03-20 14:38:21,53.0,29.621094,-0.29968262,-0.54138184,-0.9770508,13.6171875,4.6533203,3.2416992,3.0952148,-8.634766,0.95996094
2024-03-20 14:38:22,53.0,29.621094,-0.31030273,-0.49389648,-0.98217773,13.646484,4.4853516,3.2216797,3.097168,-8.65625,0.9506836
2024-03-20 14:38:23,53.0,29.635416,-0.31233725,-0.46183267,-0.97054034,13.5442705,4.5898438,3.2460938,3.0963542,-8.6588545,0.95003253
2024-03-20 14:38:24,53.0,29.625,-0.31195068,-0.4989624,-0.9694824,13.572266,4.6367188,3.2416992,3.090332,-8.644531,0.9246826
2024-03-20 14:38:25,53.0,29.597656,-0.32641602,-0.4954834,-0.9802246,13.484375,4.635742,3.244629,3.102539,-8.652344,0.9501953
2024-03-20 14:38:26,53.0,29.632812,-0.2970581,-0.52978516,-0.97302246,13.490234,4.4902344,3.2333984,3.1010742,-8.654297,0.9663086
2024-03-20 14:38:27,53.0,29.597656,-0.30541992,-0.5315552,-0.9827881,13.5,4.6259766,3.2348633,3.0888672,-8.642578,0.9616699
2024-03-20 14:38:28,53.0,29.614584,-0.30769858,-0.4757487,-0.9736328,13.598958,4.4479165,3.2311199,3.1028645,-8.635417,0.9685872
2024-03-20 14:38:29,53.0,29.628906,-0.2998047,-0.50061035,-0.9758301,13.5390625,4.5722656,3.2460938,3.0922852,-8.654297,0.93896484
2024-03-20 14:38:30,53.0,29.617188,-0.33099365,-0.46673584,-0.9725342,13.5625,4.6152344,3.2480469,3.0927734,-8.638672,0.97229004
2024-03-20 14:38:31,53.0,29.614584,-0.3076172,-0.52246094,-0.9791667,13.5234375,4.5416665,3.2441406,3.0996094,-8.6432295,0.93570966
2024-03-20 14:38:32,53.0,29.589844,-0.32141113,-0.5270996,-0.97106934,13.587891,4.6308594,3.2348633,3.0947266,-8.636719,0.928833
2024-03-20 14:38:33,53.0,29.605469,-0.3078003,-0.54193115,-0.9794922,13.544922,4.484375,3.2387695,3.099121,-8.650391,0.9499512
2024-03-20 14:38:34,53.0,29.625,-0.31378174,-0.5170288,-0.967041,13.4609375,4.4501953,3.239746,3.099121,-8.6484375,0.96875
2024-03-20 14:38:35,53.0,29.614584,-0.30940756,-0.507487,-0.96533203,13.557292,4.4947915,3.2402344,3.0996094,-8.65625,0.93619794
2024-03-20 14:38:36,53.0,29.617188,-0.3303833,-0.44989014,-0.97265625,13.558594,4.626953,3.2451172,3.1030273,-8.658203,0.9536133
2024-03-20 14:38:37,53.0,29.619791,-0.3120931,-0.5033366,-0.960612,13.4869795,4.6197915,3.2350261,3.1002605,-8.6536455,0.9733073
2024-03-20 14:38:38,53.0,29.628906,-0.31811523,-0.48913574,-0.9764404,13.541016,4.510742,3.2392578,3.09375,-8.642578,0.9621582
2024-03-20 14:38:39,53.0,29.604166,-0.30908203,-0.5008952,-0.9690755,13.5182295,4.3164062,3.2298176,3.1035156,-8.640625,0.9586589
2024-03-20 14:38:40,53.0,29.636719,-0.3067627,-0.48583984,-0.98010254,13.615234,4.618164,3.2338867,3.09375,-8.652344,0.9530029
2024-03-20 14:38:41,53.0,29.625,-0.33732095,-0.52368164,-0.9820964,13.4973955,4.4335938,3.2434895,3.1048176,-8.6432295,0.9501953
2024-03-20 14:38:42,53.0,29.617188,-0.3314209,-0.46575928,-0.97509766,13.53125,4.4589844,3.2226562,3.0986328,-8.658203,0.96435547
2024-03-20 14:38:43,53.0,29.614584,-0.30851236,-0.5229492,-0.96207684,13.484375,4.6145835,3.2441406,3.09375,-8.65625,0.95996094
2024-03-20 14:38:44,53.0,29.597656,-0.31066895,-0.5074463,-0.9876709,13.654297,4.546875,3.2436523,3.0820312,-8.654297,0.97058105
2024-03-20 14:38:45,53.0,29.619791,-0.3076172,-0.5263672,-0.9711914,13.526042,4.591146,3.2363281,3.0944011,-8.65625,0.94645184
2024-03-20 14:38:46,53.0,29.613281,-0.32330322,-0.5125122,-0.9748535,13.556641,4.5927734,3.2299805,3.0927734,-8.660156,0.94262695
2024-03-20 14:38:47,53.0,29.640625,-0.3141276,-0.46240234,-0.9742839,13.489583,4.6666665,3.235677,3.0983074,-8.651042,0.96809894
2024-03-20 14:38:48,53.0,29.617188,-0.31921387,-0.48358154,-0.9758301,13.488281,4.5214844,3.2416992,3.0947266,-8.650391,0.9378662
2024-03-20 14:38:49,53.0,29.630209,-0.31697592,-0.4659017,-0.97281903,13.510417,4.5638022,3.2415364,3.0917969,-8.6432295,0.9609375
2024-03-20 14:38:50,53.0,29.625,-0.3214518,-0.48779297,-0.9822591,13.5390625,4.596354,3.2428386,3.0859375,-8.6484375,0.9770508
2024-03-20 14:38:51,53.0,29.613281,-0.33172607,-0.49212646,-0.98254395,13.603516,4.455078,3.237793,3.0927734,-8.652344,0.94421387
2024-03-20 14:38:52,53.0,29.59375,-0.3050944,-0.49015298,-0.9773763,13.6171875,4.6861978,3.2304688,3.0898438,-8.6536455,0.9244792
2024-03-20 14:38:53,53.0,29.609375,-0.32574463,-0.4543457,-0.98205566,13.470703,4.633789,3.2382812,3.1030273,-8.654297,0.9671631
2024-03-20 14:38:54,53.0,29.614584,-0.31941733,-0.49438477,-0.97802734,13.6380205,4.4778647,3.2467449,3.0944011,-8.6380205,0.96158856
2024-03-20 14:38:55,53.0,29.628906,-0.3166504,-0.5083008,-0.97595215,13.658203,4.4296875,3.2353516,3.0922852,-8.65625,0.96691895
2024-03-20 14:38:56,53.0,29.635416,-0.31958008,-0.48087564,-0.98063153,13.598958,4.5039062,3.2539062,3.0911458,-8.65625,0.9064128
2024-03-20 14:38:57,53.0,29.617188,-0.30932617,-0.51379395,-0.9724121,13.513672,4.5683594,3.2451172,3.0927734,-8.65625,0.9647217
2024-03-20 14:38:58,53.0,29.614584,-0.3173828,-0.52335614,-0.97965497,13.5234375,4.5260415,3.2154949,3.0944011,-8.6588545,0.9514974
2024-03-20 14:38:59,53.0,29.621094,-0.3137207,-0.49273682,-0.9805908,13.558594,4.4960938,3.239746,3.09375,-8.650391,0.97106934
2024-03-20 14:39:00,53.0,29.635416,-0.31103516,-0.5284831,-0.9900716,13.526042,4.5143228,3.2337239,3.1002605,-8.6328125,0.94921875
2024-03-20 14:39:01,53.0,29.59375,-0.31756592,-0.48443604,-0.98547363,13.5546875,4.6435547,3.2382812,3.0888672,-8.6484375,0.9329834
2024-03-20 14:39:02,53.0,29.588541,-0.2841797,-0.52644855,-0.9661458,13.604167,4.4674478,3.2389324,3.09375,-8.6432295,0.9534505
2024-03-20 14:39:03,53.0,29.598959,-0.30322266,-0.4625651,-0.9794922,13.6119795,4.5625,3.2317708,3.0957031,-8.651042,0.92626953
2024-03-20 14:39:04,53.0,29.589844,-0.3187256,-0.517395,-0.96875,13.5234375,4.399414,3.2441406,3.0908203,-8.654297,0.92822266
2024-03-20 14:39:05,53.0,29.614584,-0.2889811,-0.5641276,-0.97558594,13.552083,4.559896,3.235677,3.0957031,-8.6276045,0.92594403
2024-03-20 14:39:06,53.0,29.621094,-0.31103516,-0.5418701,-0.96398926,13.611328,4.381836,3.2426758,3.100586,-8.646484,0.96777344
2024-03-20 14:39:07,53.0,29.614584,-0.31339517,-0.5161133,-0.98030597,13.552083,4.3841147,3.2226562,3.1009114,-8.6588545,0.9378255
2024-03-20 14:39:08,53.0,29.625,-0.31030273,-0.47332764,-0.9725342,13.5859375,4.385742,3.234375,3.1020508,-8.640625,0.9355469
2024-03-20 14:39:09,53.0,29.604166,-0.2940267,-0.4765625,-0.96875,13.421875,4.5299478,3.2421875,3.0917969,-8.6380205,0.9584961
2024-03-20 14:39:10,53.0,29.635416,-0.31835938,-0.5116374,-0.97721356,13.5546875,4.4335938,3.25,3.1009114,-8.661458,0.95133466
2024-03-20 14:39:11,53.0,29.628906,-0.32086182,-0.47564697,-0.9711914,13.535156,4.4921875,3.241211,3.1064453,-8.658203,0.9321289
2024-03-20 14:39:12,53.0,29.619791,-0.3038737,-0.47444662,-0.9744466,13.427083,4.361979,3.2363281,3.0989583,-8.6536455,0.95703125
2024-03-20 14:39:13,53.0,29.609375,-0.3178711,-0.49894205,-0.976237,13.5130205,4.5742188,3.2434895,3.09375,-8.6484375,0.97216797
2024-03-20 14:39:14,53.0,29.625,-0.32434082,-0.5150757,-0.97998047,13.609375,4.522461,3.2543945,3.0957031,-8.652344,0.970459
2024-03-20 14:39:15,53.0,29.59375,-0.29093423,-0.47810873,-0.9773763,13.5755205,4.419271,3.2376301,3.1048176,-8.651042,0.9658203
2024-03-20 14:39:16,53.0,29.635416,-0.31966147,-0.4910482,-0.97542316,13.5494795,4.3984375,3.2519531,3.0957031,-8.651042,0.9510091
2024-03-20 14:39:17,53.0,29.614584,-0.30574545,-0.5180664,-0.96875,13.515625,4.549479,3.25,3.1022136,-8.6432295,0.9355469
2024-03-20 14:39:18,53.0,29.609375,-0.30517578,-0.5317383,-0.9797363,13.505859,4.5703125,3.2426758,3.104004,-8.6484375,0.9550781
2024-03-20 14:39:19,53.0,29.59375,-0.31266275,-0.5470378,-0.9746094,13.505208,4.53125,3.2532551,3.1041667,-8.6588545,0.9663086
2024-03-20 14:39:20,53.0,29.598959,-0.3129069,-0.5350749,-0.9781901,13.5234375,4.5195312,3.2415364,3.0963542,-8.6484375,0.95996094
2024-03-20 14:39:21,53.0,29.589844,-0.30523682,-0.47973633,-0.973999,13.568359,4.7373047,3.2260742,3.097168,-8.650391,0.9572754
2024-03-20 14:39:22,53.0,29.630209,-0.31461588,-0.5065918,-0.98616534,13.510417,4.5416665,3.2467449,3.1028645,-8.6536455,0.94873047
2024-03-20 14:39:23,53.0,29.635416,-0.31111655,-0.49617514,-0.9845378,13.6223955,4.721354,3.2395833,3.09375,-8.666667,0.92626953
2024-03-20 14:39:24,53.0,29.604166,-0.28605142,-0.5760091,-0.9689128,13.5494795,4.484375,3.2369792,3.1028645,-8.6536455,0.95491534
2024-03-20 14:39:25,53.0,29.604166,-0.3059082,-0.5033366,-0.97998047,13.536458,4.6054688,3.2402344,3.09375,-8.65625,0.9348958
2024-03-20 14:39:26,53.0,29.59375,-0.30639648,-0.47662354,-0.9692383,13.503906,4.626953,3.2426758,3.1000977,-8.660156,0.9523926
2024-03-20 14:39:27,53.0,29.609375,-0.30981445,-0.48592123,-0.95719403,13.552083,4.5143228,3.2519531,3.1002605,-8.651042,0.92854816
2024-03-20 14:39:28,53.0,29.572916,-0.28588867,-0.51416016,-0.97477216,13.489583,4.6497397,3.2447917,3.0904949,-8.6588545,0.92838544
2024-03-20 14:39:29,53.0,29.619791,-0.3161621,-0.50390625,-0.96761066,13.5,4.4479165,3.2369792,3.0996094,-8.6536455,0.97835284
2024-03-20 14:39:30,53.0,29.645834,-0.30289713,-0.52368164,-0.9637044,13.5286455,4.5273438,3.248698,3.09375,-8.651042,0.9581706
2024-03-20 14:39:31,53.0,29.605469,-0.32836914,-0.4923706,-0.9807129,13.517578,4.4541016,3.2392578,3.1054688,-8.652344,0.970459
2024-03-20 14:39:32,53.0,29.604166,-0.3269043,-0.43115234,-0.9682617,13.395833,4.5481772,3.2532551,3.1015625,-8.6484375,0.9371745
2024-03-20 14:39:33,53.0,29.59375,-0.30810547,-0.42000327,-0.9749349,13.4973955,4.6145835,3.2421875,3.0898438,-8.635417,0.95654297
2024-03-20 14:39:34,53.0,29.635416,-0.31526694,-0.49763998,-0.9786784,13.489583,4.6158853,3.2526042,3.0930989,-8.6588545,0.91845703
2024-03-20 14:39:35,53.0,29.613281,-0.29663086,-0.48132324,-0.97180176,13.560547,4.522461,3.2480469,3.102539,-8.650391,0.9506836
2024-03-20 14:39:36,53.0,30.0,-0.31070963,-0.50683594,-0.9814453,13.6276045,4.5091147,3.2473958,3.1087239,-8.640625,0.9479167
2024-03-20 14:39:37,53.0,30.927084,-0.30151367,-0.4777018,-0.9864909,13.9244795,4.513021,3.2272136,3.0944011,-8.6484375,0.9322917
2024-03-20 14:39:38,53.0,31.770834,-0.31282553,-0.47875977,-0.9539388,14.203125,4.0794272,3.2376301,3.0996094,-8.6640625,0.94921875
2024-03-20 14:39:39,53.0,32.78125,-0.32169595,-0.47143555,-0.9711914,14.5182295,4.1861978,3.233073,3.0963542,-8.651042,0.95670575
2024-03-20 14:39:40,53.0,33.708332,-0.33544922,-0.45035806,-0.8751628,14.942708,3.7167969,3.2473958,3.092448,-8.651042,0.94596356
2024-03-20 14:39:41,53.0,34.708332,-0.3252767,-0.43489584,-0.8570964,15.0911455,3.8951824,3.2298176,3.1035156,-8.6536455,0.94628906
2024-03-20 14:39:42,53.0,36.054688,-0.29968262,-0.47229004,-0.79663086,15.421875,3.7338867,3.241211,3.1044922,-8.652344,0.95983887
2024-03-20 14:39:43,53.0,37.28125,-0.3055013,-0.48486328,-0.61173505,15.9557295,3.2128906,3.233073,3.1061199,-8.6536455,0.95410156
2024-03-20 14:39:44,53.0,38.354168,-0.3100586,-0.5053711,-0.5887044,16.125,3.2897136,3.233073,3.1002605,-8.661458,0.9536133
2024-03-20 14:39:45,53.0,39.46875,-0.30818686,-0.4988607,-0.5194499,16.541666,3.1601562,3.2402344,3.1041667,-8.640625,0.9420573
2024-03-20 14:39:46,53.0,40.572918,-0.3359375,-0.4716797,-0.4621582,16.947916,3.0253906,3.2395833,3.0748699,-8.6588545,0.9453125
2024-03-20 14:39:47,53.0,41.739582,-0.32584634,-0.569987,-0.39005533,17.088541,2.7740886,3.235677,3.0898438,-8.661458,0.9348958
2024-03-20 14:39:48,53.0,42.822918,-0.3124186,-0.4872233,-0.25333658,17.46875,2.6386719,3.2337239,3.0944011,-8.6536455,0.9557292
2024-03-20 14:39:49,53.0,43.90625,-0.33504233,-0.45296225,-0.20195515,17.609375,2.5091145,3.2415364,3.0963542,-8.6588545,0.9588216
2024-03-20 14:39:50,53.0,45.09375,-0.30777994,-0.5016276,-0.18601482,17.885416,2.3632812,3.2291667,3.0970051,-8.645833,0.9501953
2024-03-20 14:39:51,53.0,46.15625,-0.3199056,-0.50528973,0.055063564,18.369791,2.2389324,3.235677,3.0989583,-8.666667,0.96468097
2024-03-20 14:39:52,53.0,47.4375,-0.30257162,-0.515625,-0.009831746,18.416666,2.3190105,3.2402344,3.0917969,-8.651042,0.984375
2024-03-20 14:39:53,53.0,48.6875,-0.3138021,-0.46305338,0.022664389,18.505209,2.0914714,3.2382812,3.0983074,-8.65625,0.9091797
2024-03-20 14:39:54,53.0,49.9375,-0.31966147,-0.5061849,0.101167046,18.744791,1.9814453,3.25,3.1048176,-8.65625,0.9373372
2024-03-20 14:39:55,53.0,50.947918,-0.32169595,-0.5171712,0.087758385,18.8125,2.0039062,3.2402344,3.0917969,-8.661458,0.9684245
2024-03-20 14:39:56,53.0,52.03125,-0.3112793,-0.48380533,0.15008545,19.130209,1.9645182,3.2434895,3.1048176,-8.635417,0.9529622
2024-03-20 14:39:57,53.0,53.260418,-0.30541992,-0.52815753,0.13718669,19.265625,1.8779297,3.2460938,3.0917969,-8.65625,0.96533203
2024-03-20 14:39:58,53.0,54.416668,-0.30655923,-0.5226237,0.15999348,19.161459,1.7701823,3.2441406,3.0957031,-8.6536455,0.9394531
2024-03-20 14:39:59,53.0,55.447918,-0.3111979,-0.55078125,0.2800293,19.364584,1.6673177,3.2473958,3.0963542,-8.6536455,0.94156903
2024-03-20 14:40:00,53.0,56.666668,-0.32503256,-0.48640952,0.31697592,19.494791,1.7242838,3.2402344,3.0989583,-8.651042,0.945638
2024-03-20 14:40:01,53.0,57.71875,-0.31184897,-0.5364583,0.26424155,19.411459,1.7871094,3.2467449,3.0930989,-8.6536455,0.9508464
2024-03-20 14:40:02,53.0,58.677082,-0.32104492,-0.5119629,0.31510416,19.484375,1.7695312,3.2402344,3.0885417,-8.6432295,0.9630534
2024-03-20 14:40:03,53.0,59.614582,-0.33032227,-0.45076498,0.27469888,19.588541,1.6803385,3.2369792,3.0917969,-8.65625,0.9350586
2024-03-20 14:40:04,53.0,59.583332,-0.32617188,-0.47021484,0.33333334,19.5625,1.6783854,3.2421875,3.0970051,-8.65625,0.98079425
2024-03-20 14:40:05,53.0,59.614582,-0.3251953,-0.45296225,0.20853679,19.588541,1.7034506,3.2402344,3.0917969,-8.6484375,0.9433594
2024-03-20 14:40:06,53.0,59.604168,-0.30615234,-0.54996747,0.29589844,19.484375,1.7932943,3.2526042,3.1009114,-8.661458,0.9593099
2024-03-20 14:40:07,53.0,59.625,-0.32218423,-0.47998047,0.27575684,19.635416,1.7903646,3.2454426,3.0904949,-8.651042,0.9378255
2024-03-20 14:40:08,53.0,59.583332,-0.30021158,-0.45133463,0.2672526,19.505209,1.6992188,3.2473958,3.1087239,-8.645833,0.9270833
2024-03-20 14:40:09,53.0,59.614582,-0.30192056,-0.4958496,0.23783366,19.447916,1.7555338,3.2304688,3.1035156,-8.6536455,0.94677734
2024-03-20 14:40:10,53.0,59.59375,-0.2955729,-0.54622394,0.28963217,19.458334,1.7340494,3.2382812,3.0944011,-8.6484375,0.9402669
2024-03-20 14:40:11,53.0,59.645832,-0.3322754,-0.4411621,0.30110678,19.588541,1.7093099,3.2428386,3.0891926,-8.645833,0.94596356
2024-03-20 14:40:12,53.0,59.614582,-0.32796225,-0.4361979,0.3203125,19.552084,1.7093099,3.2447917,3.0970051,-8.6380205,0.9501953
2024-03-20 14:40:13,53.0,59.614582,-0.3199056,-0.48649088,0.37044272,19.5625,1.6233724,3.2428386,3.1074219,-8.651042,0.92252606
2024-03-20 14:40:14,53.0,59.614582,-0.30989584,-0.44881186,0.2911377,19.5,1.7047526,3.248698,3.1028645,-8.65625,0.93343097
2024-03-20 14:40:15,53.0,59.614582,-0.31819662,-0.47965494,0.2886556,19.359375,1.6927084,3.2473958,3.1067708,-8.661458,0.9611003
2024-03-20 14:40:16,53.0,59.614582,-0.3087565,-0.509847,0.24475098,19.34375,1.811849,3.234375,3.1028645,-8.651042,0.9557292
2024-03-20 14:40:17,53.0,59.625,-0.3243815,-0.5159505,0.22383626,19.223959,1.766276,3.2421875,3.1028645,-8.651042,0.9664714
2024-03-20 14:40:18,53.0,59.65625,-0.3112793,-0.57161456,0.26924643,19.354166,1.6845703,3.220052,3.1015625,-8.65625,0.95133466
2024-03-20 14:40:19,53.0,59.625,-0.30257162,-0.5123698,0.33374023,19.4375,1.6425781,3.25,3.0963542,-8.666667,0.9477539
2024-03-20 14:40:20,53.0,59.625,-0.31599936,-0.5185547,0.24043782,19.286459,1.6988932,3.2473958,3.1009114,-8.651042,0.93147784
2024-03-20 14:40:21,53.0,59.635418,-0.324056,-0.47713217,0.3022054,19.270834,1.7119141,3.2415364,3.0996094,-8.645833,0.9503581
2024-03-20 14:40:22,53.0,59.614582,-0.29825845,-0.46305338,0.39078775,19.291666,1.6826172,3.2291667,3.1048176,-8.651042,0.9191081
2024-03-20 14:40:23,53.0,59.625,-0.32495117,-0.5432129,0.2849121,19.257812,1.7475586,3.2197266,3.0947266,-8.6484375,0.97680664
2024-03-20 14:40:24,53.0,59.635418,-0.3005371,-0.47705078,0.2836914,19.072916,1.7558594,3.2454426,3.0996094,-8.645833,0.9514974
2024-03-20 14:40:25,53.0,59.625,-0.32364908,-0.5579427,0.29016113,19.130209,1.6917318,3.2428386,3.1048176,-8.6432295,0.95442706
2024-03-20 14:40:26,53.0,59.635418,-0.31575522,-0.60058594,0.29785156,19.140625,1.6608073,3.2382812,3.1074219,-8.6484375,0.95621747
2024-03-20 14:40:27,53.0,59.645832,-0.31941733,-0.4659017,0.3306478,19.119791,1.7259115,3.2363281,3.1048176,-8.65625,0.9376628
2024-03-20 14:40:28,53.0,59.625,-0.30993652,-0.45629883,0.27593994,19.007812,1.7431641,3.2539062,3.09375,-8.65625,0.9301758
2024-03-20 14:40:29,53.0,59.604168,-0.2939453,-0.5545247,0.2163086,18.875,1.6539713,3.2324219,3.1087239,-8.6536455,0.9399414
2024-03-20 14:40:30,53.0,59.625,-0.3251953,-0.48828125,0.31632486,19.088541,1.6914062,3.2421875,3.095052,-8.65625,0.9431966
2024-03-20 14:40:31,53.0,59.625,-0.3038737,-0.5154622,0.324056,19.088541,1.7298177,3.2402344,3.1002605,-8.6484375,0.92659503
2024-03-20 14:40:32,53.0,59.640625,-0.30871582,-0.53881836,0.34484863,19.078125,1.7006836,3.2480469,3.1015625,-8.625,0.953125
2024-03-20 14:40:33,53.0,59.635418,-0.3199056,-0.55908203,0.2891439,18.947916,1.7340494,3.2467449,3.1009114,-8.6484375,0.9635417
2024-03-20 14:40:34,53.0,59.625,-0.29182944,-0.51139325,0.32836914,19.010416,1.6028646,3.2447917,3.0820312,-8.6536455,0.9703776
2024-03-20 14:40:35,53.0,59.604168,-0.31648764,-0.48291016,0.33854166,18.916666,1.6910807,3.2473958,3.0976562,-8.6484375,0.95198566
2024-03-20 14:40:36,53.0,59.578125,-0.3260498,-0.49829102,0.32104492,18.867188,1.7573242,3.225586,3.0986328,-8.6484375,0.92163086
2024-03-20 14:40:37,53.0,59.625,-0.2944336,-0.4740397,0.2491862,18.677084,1.686849,3.2337239,3.0930989,-8.6536455,0.94156903
2024-03-20 14:40:38,53.0,59.640625,-0.33129883,-0.4761963,0.22283936,18.695312,1.6166992,3.2333984,3.0830078,-8.6484375,0.97509766
2024-03-20 14:40:39,53.0,59.614582,-0.30623373,-0.5398763,0.30700684,18.78125,1.6194662,3.2460938,3.0944011,-8.6588545,0.95458984
2024-03-20 14:40:40,53.0,59.635418,-0.32836914,-0.50439453,0.34427896,18.65625,1.6897787,3.2324219,3.0963542,-8.6484375,0.95703125
2024-03-20 14:40:41,53.0,59.572918,-0.3072103,-0.5079753,0.24532063,18.645834,1.6910807,3.251302,3.0976562,-8.651042,0.9375
2024-03-20 14:40:42,53.0,59.609375,-0.328125,-0.45568848,0.33862305,18.648438,1.7177734,3.2470703,3.0986328,-8.667969,0.9716797
2024-03-20 14:40:43,53.0,59.625,-0.31892905,-0.47062173,0.33422852,18.598959,1.7317709,3.2441406,3.0891926,-8.6640625,0.93066406
2024-03-20 14:40:44,53.0,59.614582,-0.31722006,-0.51782227,0.26611328,18.59375,1.7011719,3.2324219,3.1009114,-8.6588545,0.9501953
2024-03-20 14:40:45,53.0,59.609375,-0.32922363,-0.48779297,0.25769043,18.726562,1.621582,3.2480469,3.0957031,-8.644531,0.9848633
2024-03-20 14:40:46,53.0,59.645832,-0.33333334,-0.49112955,0.28686523,18.505209,1.6536459,3.2389324,3.0917969,-8.65625,0.976888
2024-03-20 14:40:47,53.0,59.640625,-0.30114746,-0.5015869,0.33447266,18.664062,1.7231445,3.241211,3.0927734,-8.6484375,0.9589844
2024-03-20 14:40:48,53.0,59.59375,-0.32918295,-0.5280762,0.34057617,18.427084,1.7262369,3.2395833,3.09375,-8.6640625,0.96272784
2024-03-20 14:40:49,53.0,59.59375,-0.3112793,-0.49666342,0.30379233,18.380209,1.7486979,3.2317708,3.09375,-8.651042,0.95198566
2024-03-20 14:40:50,53.0,59.604168,-0.30704752,-0.48413086,0.24369304,18.265625,1.7324219,3.2324219,3.0983074,-8.65625,0.95182294
2024-03-20 14:40:51,53.0,59.640625,-0.32751465,-0.5354004,0.2890625,18.304688,1.7954102,3.234375,3.0976562,-8.660156,0.90722656
2024-03-20 14:40:52,53.0,59.614582,-0.31396484,-0.4765625,0.34578452,18.546875,1.6985677,3.2428386,3.1009114,-8.6588545,0.94710284
2024-03-20 14:40:53,53.0,59.604168,-0.31046548,-0.4345703,0.26513672,18.40625,1.7089844,3.2226562,3.1041667,-8.671875,0.93880206
2024-03-20 14:40:54,53.0,59.640625,-0.3034668,-0.5012207,0.26049805,18.257812,1.8164062,3.243164,3.1035156,-8.65625,0.95947266
2024-03-20 14:40:55,53.0,59.614582,-0.32259116,-0.5289714,0.33666992,18.28125,1.7128906,3.2415364,3.1074219,-8.635417,0.90738934
2024-03-20 14:40:56,53.0,59.625,-0.31095377,-0.4897461,0.26342773,18.291666,1.6803385,3.233073,3.1048176,-8.65625,0.9715169
2024-03-20 14:40:57,53.0,59.609375,-0.30639648,-0.5333252,0.3050537,18.367188,1.65625,3.2421875,3.0966797,-8.667969,0.920166
2024-03-20 14:40:58,53.0,59.614582,-0.30802408,-0.4703776,0.2840983,18.421875,1.7005209,3.2415364,3.1087239,-8.65625,0.93391925
2024-03-20 14:40:59,53.0,59.635418,-0.33081055,-0.4387207,0.29044595,18.348959,1.6806641,3.2421875,3.1041667,-8.645833,0.944987
2024-03-20 14:41:00,53.0,59.65625,-0.32165527,-0.4390869,0.28735352,18.398438,1.7446289,3.2285156,3.0976562,-8.640625,0.9165039
2024-03-20 14:41:01,53.0,59.645832,-0.296875,-0.54215497,0.32877603,18.270834,1.7096354,3.2428386,3.1015625,-8.6588545,0.90771484
2024-03-20 14:41:02,53.0,59.645832,-0.32291666,-0.51204425,0.27254233,18.203125,1.8460287,3.2402344,3.092448,-8.6536455,0.9485677
2024-03-20 14:41:03,53.0,59.640625,-0.30944824,-0.49035645,0.27337646,18.132812,1.7841797,3.25,3.1083984,-8.65625,0.920166
2024-03-20 14:41:04,53.0,59.604168,-0.2939453,-0.5653483,0.30786133,18.057291,1.7154948,3.2428386,3.1028645,-8.651042,0.9690755
2024-03-20 14:41:05,53.0,59.645832,-0.31420898,-0.48136392,0.34879556,18.119791,1.6787109,3.2194011,3.0976562,-8.651042,0.9423828
2024-03-20 14:41:06,53.0,59.625,-0.30647787,-0.46614584,0.28955078,17.901041,1.7239584,3.2402344,3.109375,-8.6588545,0.9654948
2024-03-20 14:41:07,53.0,59.609375,-0.33935547,-0.41796875,0.31726074,18.21875,1.6728516,3.2382812,3.0957031,-8.660156,0.93530273
2024-03-20 14:41:08,53.0,59.635418,-0.3006185,-0.45694986,0.29447427,18.052084,1.7011719,3.2473958,3.095052,-8.6432295,0.9667969
2024-03-20 14:41:09,53.0,59.614582,-0.29956055,-0.4790039,0.25878906,18.083334,1.6285807,3.2428386,3.0957031,-8.6276045,0.9679362
2024-03-20 14:41:10,53.0,59.65625,-0.31274414,-0.46875,0.29711914,18.21875,1.7114258,3.2548828,3.0966797,-8.6640625,0.9291992
2024-03-20 14:41:11,53.0,59.635418,-0.33146158,-0.5144043,0.3150228,18.036459,1.6595052,3.2415364,3.1002605,-8.661458,0.9296875
2024-03-20 14:41:12,53.0,59.635418,-0.3367513,-0.47965494,0.265625,18.057291,1.7669271,3.2447917,3.0976562,-8.630208,0.9711914
2024-03-20 14:41:13,53.0,59.625,-0.29711914,-0.5480957,0.30358887,18.09375,1.7714844,3.2421875,3.0927734,-8.6640625,0.9550781
2024-03-20 14:41:14,53.0,59.59375,-0.3154297,-0.50219727,0.31933594,18.130209,1.6510416,3.235677,3.0983074,-8.6692705,0.9581706
2024-03-20 14:41:15,53.0,59.59375,-0.33520508,-0.5723877,0.335083,18.046875,1.6088867,3.2236328,3.102539,-8.65625,0.95410156
2024-03-20 14:41:16,53.0,59.614582,-0.30745444,-0.5140788,0.29549155,18.1875,1.6578776,3.2415364,3.0865886,-8.6484375,0.9477539
2024-03-20 14:41:17,53.0,59.625,-0.30895996,-0.46118164,0.23388672,18.148438,1.6455078,3.2509766,3.09375,-8.644531,0.94189453
2024-03-20 14:41:18,53.0,59.645832,-0.31323242,-0.44132486,0.30948892,18.114584,1.6920573,3.2473958,3.0996094,-8.651042,0.9373372
2024-03-20 14:41:19,53.0,59.625,-0.3174642,-0.4988607,0.3658854,18.119791,1.7802734,3.2285156,3.0976562,-8.6536455,0.9733073
2024-03-20 14:41:20,53.0,59.59375,-0.31689453,-0.5541992,0.34448242,18.195312,1.6547852,3.2402344,3.1044922,-8.644531,0.9536133
2024-03-20 14:41:21,53.0,59.666668,-0.32120767,-0.46875,0.29736328,17.984375,1.6266276,3.2506511,3.0989583,-8.6536455,0.953125
2024-03-20 14:41:22,53.0,59.609375,-0.2894287,-0.46618652,0.30126953,18.015625,1.6689453,3.2314453,3.0859375,-8.652344,0.9416504
2024-03-20 14:41:23,53.0,59.635418,-0.31038412,-0.5546875,0.3421224,18.302084,1.7288412,3.2324219,3.1028645,-8.6588545,0.94628906
2024-03-20 14:41:24,53.0,59.59375,-0.32202148,-0.5041504,0.31982422,18.203125,1.7851562,3.2353516,3.0957031,-8.6484375,0.9824219
2024-03-20 14:41:25,53.0,59.614582,-0.34138998,-0.4622396,0.29337564,18.083334,1.7158203,3.2460938,3.0957031,-8.6380205,0.94417316
2024-03-20 14:41:26,53.0,59.625,-0.34985352,-0.5180664,0.272583,18.34375,1.7148438,3.243164,3.0976562,-8.660156,0.9470215
2024-03-20 14:41:27,53.0,59.625,-0.3050944,-0.49674478,0.30639648,18.239584,1.7086588,3.2454426,3.1067708,-8.6588545,0.93310547
2024-03-20 14:41:28,53.0,59.640625,-0.28894043,-0.5340576,0.28588867,18.046875,1.6582031,3.25,3.1054688,-8.652344,0.9458008
2024-03-20 14:41:29,53.0,59.625,-0.31404623,-0.46818033,0.32104492,18.119791,1.7027994,3.2408855,3.1028645,-8.651042,0.9326172
2024-03-20 14:41:30,53.0,59.59375,-0.30529785,-0.4822998,0.30126953,18.070312,1.7490234,3.2480469,3.1015625,-8.644531,0.9477539
2024-03-20 14:41:31,53.0,59.625,-0.30322266,-0.46850586,0.29740396,18.083334,1.6966146,3.2324219,3.095052,-8.661458,0.9394531
2024-03-20 14:41:32,53.0,59.604168,-0.29410806,-0.4839681,0.24348958,18.109375,1.6819662,3.2506511,3.1054688,-8.645833,0.94905597
2024-03-20 14:41:33,53.0,59.59375,-0.29052734,-0.5079346,0.29418945,18.210938,1.7001953,3.2519531,3.100586,-8.660156,0.9604492
2024-03-20 14:41:34,53.0,59.625,-0.30851236,-0.50130206,0.3042806,18.192709,1.7102865,3.2376301,3.0976562,-8.651042,0.95670575
2024-03-20 14:41:35,53.0,59.671875,-0.2861328,-0.5498047,0.24432373,18.070312,1.7504883,3.2392578,3.09375,-8.660156,0.9538574
2024-03-20 14:41:36,53.0,59.635418,-0.31925455,-0.49739584,0.37849936,18.015625,1.7285156,3.2395833,3.108073,-8.6536455,0.9223633
2024-03-20 14:41:37,53.0,59.625,-0.32259116,-0.51505536,0.31160483,17.989584,1.688151,3.2473958,3.1035156,-8.6432295,0.9119466
2024-03-20 14:41:38,53.0,59.625,-0.30407715,-0.5045166,0.3380127,18.023438,1.7299805,3.2382812,3.102539,-8.65625,0.9577637
2024-03-20 14:41:39,53.0,59.625,-0.31974283,-0.48168945,0.30013022,18.020834,1.6477865,3.2552083,3.1119792,-8.6588545,0.961263
2024-03-20 14:41:40,53.0,59.640625,-0.321167,-0.54248047,0.30407715,18.078125,1.7436523,3.2324219,3.09375,-8.6484375,0.95874023
2024-03-20 14:41:41,53.0,59.604168,-0.3280436,-0.47102866,0.36669922,18.010416,1.6637369,3.2447917,3.0911458,-8.6536455,0.9350586
2024-03-20 14:41:42,53.0,59.65625,-0.34106445,-0.46862793,0.24316406,18.070312,1.7963867,3.241211,3.0966797,-8.6484375,1.0112305
2024-03-20 14:41:43,53.0,59.604168,-0.31144205,-0.5625,0.35677084,18.161459,1.6373698,3.248698,3.1002605,-8.6588545,0.93847656
2024-03-20 14:41:44,53.0,59.625,-0.3125,-0.48083496,0.25274658,17.960938,1.6669922,3.25,3.0996094,-8.652344,0.9890137
2024-03-20 14:41:45,53.0,59.65625,-0.29516602,-0.5015462,0.27913412,18.177084,1.749349,3.234375,3.0963542,-8.6484375,0.98502606
2024-03-20 14:41:46,53.0,59.625,-0.33284506,-0.5205078,0.29410806,18.104166,1.7923177,3.2421875,3.0944011,-8.65625,0.95979816
2024-03-20 14:41:47,53.0,59.609375,-0.30065918,-0.50341797,0.32177734,18.203125,1.7084961,3.241211,3.0986328,-8.644531,0.95825195
2024-03-20 14:41:48,53.0,59.59375,-0.3035482,-0.5395508,0.3219401,18.203125,1.6800131,3.2421875,3.0983074,-8.6588545,0.9793294
2024-03-20 14:41:49,53.0,59.625,-0.3310547,-0.4465332,0.32641602,18.085938,1.625,3.2519531,3.1044922,-8.667969,0.9145508
2024-03-20 14:41:50,53.0,59.604168,-0.3190918,-0.5508626,0.3269857,18.1875,1.5638021,3.2311199,3.0989583,-8.640625,0.93847656
2024-03-20 14:41:51,53.0,59.625,-0.32702637,-0.46154785,0.3026123,18.148438,1.737793,3.2382812,3.1044922,-8.660156,0.93188477
2024-03-20 14:41:52,53.0,59.583332,-0.3075358,-0.44392905,0.26704916,18.0625,1.6588541,3.2447917,3.0917969,-8.6640625,0.9324544
2024-03-20 14:41:53,53.0,59.59375,-0.30456543,-0.4855957,0.2977295,18.15625,1.7280273,3.2460938,3.1015625,-8.6484375,0.9655762
2024-03-20 14:41:54,53.0,59.635418,-0.31844077,-0.54207355,0.26249185,18.140625,1.6962891,3.2571614,3.0983074,-8.651042,0.93619794
2024-03-20 14:41:55,53.0,59.625,-0.3408203,-0.48791504,0.3157959,18.125,1.6772461,3.2460938,3.09375,-8.652344,0.9086914
2024-03-20 14:41:56,53.0,59.625,-0.30021158,-0.5238444,0.30135092,18.145834,1.7477213,3.2350261,3.095052,-8.651042,0.93929034
2024-03-20 14:41:57,53.0,59.609375,-0.3001709,-0.513916,0.28503418,18.296875,1.737793,3.2246094,3.1035156,-8.675781,0.9333496
2024-03-20 14:41:58,53.0,59.625,-0.30419922,-0.5786133,0.31176758,18.161459,1.6637369,3.2428386,3.09375,-8.65625,0.9324544
2024-03-20 14:41:59,53.0,59.609375,-0.34887695,-0.48791504,0.30737305,18.3125,1.7329102,3.2314453,3.0761719,-8.636719,0.95947266
2024-03-20 14:42:00,53.0,59.708332,-0.31079102,-0.48990884,0.32470703,18.171875,1.6653646,3.2578125,3.0930989,-8.6588545,0.94921875
2024-03-20 14:42:01,53.0,60.53125,-0.28295898,-0.44702148,0.3215332,18.414062,1.637207,3.25,3.0917969,-8.667969,0.97924805
2024-03-20 14:42:02,53.0,61.458332,-0.33740234,-0.51310223,0.3228353,18.442709,1.6617838,3.2447917,3.1048176,-8.651042,0.953125
2024-03-20 14:42:03,53.0,62.5,-0.33154297,-0.45495605,0.31140137,18.640625,1.5976562,3.2470703,3.0976562,-8.65625,0.9067383
2024-03-20 14:42:04,53.0,63.489582,-0.30786133,-0.52441406,0.35343423,18.875,1.6416016,3.233073,3.0983074,-8.6588545,0.93359375
2024-03-20 14:42:05,53.0,64.46875,-0.33459473,-0.52233887,0.37597656,19.132812,1.5678711,3.2392578,3.0957031,-8.640625,0.9289551
2024-03-20 14:42:06,53.0,65.4375,-0.33683267,-0.4568685,0.37646484,19.25,1.6272787,3.2447917,3.1054688,-8.65625,0.9663086
2024-03-20 14:42:07,53.0,66.4375,-0.33483887,-0.51660156,0.328125,19.367188,1.5698242,3.2470703,3.1015625,-8.640625,0.92993164
2024-03-20 14:42:08,53.0,67.166664,-0.29654947,-0.5626628,0.36889648,19.557291,1.625651,3.2571614,3.0976562,-8.645833,0.9430339
2024-03-20 14:42:09,53.0,68.21875,-0.29248047,-0.48547363,0.38598633,19.679688,1.597168,3.2529297,3.1054688,-8.660156,0.9472656
2024-03-20 14:42:10,53.0,69.229164,-0.31827798,-0.44913736,0.43481445,19.734375,1.5882162,3.2493489,3.1126301,-8.645833,0.95410156
2024-03-20 14:42:11,53.0,69.65625,-0.3112793,-0.5406494,0.4008789,19.78125,1.6005859,3.2470703,3.1064453,-8.6328125,0.96606445
2024-03-20 14:42:12,53.0,69.645836,-0.30452475,-0.55843097,0.37801108,19.734375,1.5989584,3.2415364,3.0944011,-8.645833,0.92561847
2024-03-20 14:42:13,53.0,69.65625,-0.29919434,-0.5001221,0.36853027,19.695312,1.5849609,3.2558594,3.100586,-8.671875,0.91015625
2024-03-20 14:42:14,53.0,69.625,-0.33813477,-0.48449707,0.41137695,19.71875,1.5981445,3.2441406,3.1054688,-8.6484375,0.94433594
2024-03-20 14:42:15,53.0,69.645836,-0.32137045,-0.51033527,0.34700522,19.640625,1.59375,3.2519531,3.108073,-8.6432295,0.9376628
2024-03-20 14:42:16,53.0,69.6875,-0.28100586,-0.48962402,0.3605957,19.640625,1.5800781,3.234375,3.0976562,-8.675781,0.935791
2024-03-20 14:42:17,53.0,69.625,-0.32486978,-0.4539388,0.30916342,19.677084,1.5992838,3.2571614,3.0976562,-8.661458,0.95914716
2024-03-20 14:42:18,53.0,69.65625,-0.31567383,-0.56848145,0.40905762,19.8125,1.6044922,3.2490234,3.1035156,-8.640625,0.9501953
2024-03-20 14:42:19,53.0,69.625,-0.31770834,-0.55281574,0.39412436,19.739584,1.6009115,3.2428386,3.0983074,-8.65625,0.94645184
2024-03-20 14:42:20,53.0,69.65625,-0.3317871,-0.5131836,0.34301758,19.789062,1.5795898,3.2490234,3.1064453,-8.667969,0.94873047
2024-03-20 14:42:21,53.0,69.666664,-0.32226562,-0.5097656,0.40861002,19.791666,1.5957031,3.2395833,3.1100261,-8.6588545,0.9189453
2024-03-20 14:42:22,53.0,69.625,-0.29943848,-0.5292969,0.3289795,19.765625,1.5571289,3.2509766,3.102539,-8.65625,0.9711914
2024-03-20 14:42:23,53.0,69.65625,-0.3218994,-0.5144043,0.37780762,19.640625,1.6005859,3.2460938,3.0898438,-8.675781,0.91796875
2024-03-20 14:42:24,53.0,69.666664,-0.30501303,-0.4650879,0.40950522,19.765625,1.5940756,3.2441406,3.0930989,-8.65625,0.91227216
2024-03-20 14:42:25,53.0,69.625,-0.31518555,-0.5073242,0.35021973,19.625,1.5488281,3.2392578,3.0957031,-8.644531,0.9680176
2024-03-20 14:42:26,53.0,69.65625,-0.29101562,-0.57470703,0.39074707,19.75,1.5683594,3.2236328,3.1083984,-8.6484375,0.9929199
2024-03-20 14:42:27,53.0,69.645836,-0.3072103,-0.5206706,0.36482748,19.666666,1.5654297,3.2454426,3.095052,-8.651042,0.92545575
2024-03-20 14:42:28,53.0,69.59375,-0.29882812,-0.5020752,0.43395996,19.828125,1.5751953,3.2460938,3.100586,-8.652344,0.9499512
2024-03-20 14:42:29,53.0,69.6875,-0.32666016,-0.5175781,0.37805176,19.539062,1.5957031,3.2353516,3.1035156,-8.65625,0.9555664
2024-03-20 14:42:30,53.0,69.645836,-0.30362955,-0.5505371,0.38614908,19.619791,1.6057943,3.2454426,3.1035156,-8.661458,0.97542316
2024-03-20 14:42:31,53.0,69.625,-0.3071289,-0.5656738,0.40368652,19.710938,1.5810547,3.241211,3.1044922,-8.660156,0.9267578
2024-03-20 14:42:32,53.0,69.6875,-0.32678223,-0.560791,0.42248535,19.773438,1.609375,3.2460938,3.1035156,-8.660156,0.95166016
2024-03-20 14:42:33,53.0,69.6875,-0.31347656,-0.49853516,0.3907064,19.729166,1.5638021,3.2434895,3.0878906,-8.6588545,0.944987
2024-03-20 14:42:34,53.0,69.625,-0.32751465,-0.5505371,0.4013672,19.585938,1.581543,3.2490234,3.100586,-8.644531,0.9711914
2024-03-20 14:42:35,53.0,69.625,-0.31604004,-0.56518555,0.40124512,19.820312,1.5644531,3.25,3.0996094,-8.640625,0.94677734
2024-03-20 14:42:36,53.0,69.666664,-0.3138021,-0.5188802,0.44108072,19.666666,1.5654297,3.2421875,3.1067708,-8.640625,0.930013
2024-03-20 14:42:37,53.0,69.625,-0.3079834,-0.49902344,0.35839844,19.65625,1.6342773,3.2314453,3.0957031,-8.640625,0.93896484
2024-03-20 14:42:38,53.0,69.625,-0.30680338,-0.49316406,0.4111328,19.75,1.6022135,3.2434895,3.1002605,-8.6484375,0.9555664
2024-03-20 14:42:39,53.0,69.65625,-0.3338623,-0.51171875,0.30456543,19.648438,1.5932617,3.2519531,3.102539,-8.6640625,0.92529297
2024-03-20 14:42:40,53.0,69.6875,-0.2911377,-0.5115967,0.42492676,19.8125,1.6020508,3.2421875,3.1083984,-8.644531,0.94677734
2024-03-20 14:42:41,53.0,69.65625,-0.30297852,-0.48620605,0.37719727,19.726562,1.6157227,3.2314453,3.1035156,-8.6484375,0.93115234
2024-03-20 14:42:42,53.0,69.6875,-0.3100586,-0.49080405,0.40901694,19.71875,1.5725912,3.2304688,3.0989583,-8.645833,0.9838867
2024-03-20 14:42:43,53.0,69.6875,-0.30212402,-0.50549316,0.4251709,19.695312,1.6123047,3.2294922,3.0996094,-8.65625,0.9663086
2024-03-20 14:42:44,53.0,69.59375,-0.3265381,-0.45361328,0.36376953,19.625,1.5478516,3.2421875,3.0927734,-8.660156,0.935791
2024-03-20 14:42:45,53.0,69.666664,-0.3370768,-0.4971517,0.36401367,19.614584,1.5970052,3.2350261,3.0976562,-8.65625,0.9319661
2024-03-20 14:42:46,53.0,69.65625,-0.32702637,-0.40270996,0.42529297,19.773438,1.6142578,3.2324219,3.100586,-8.652344,0.9304199
2024-03-20 14:42:47,53.0,69.65625,-0.34985352,-0.5432129,0.38000488,19.632812,1.5649414,3.2441406,3.1103516,-8.652344,0.9819336
2024-03-20 14:42:48,53.0,69.645836,-0.30777994,-0.5649414,0.3737793,19.625,1.5924479,3.2428386,3.1067708,-8.6536455,0.9407552
2024-03-20 14:42:49,53.0,69.6875,-0.31176758,-0.44482422,0.36621094,19.578125,1.6064453,3.2421875,3.0996094,-8.644531,0.9355469
2024-03-20 14:42:50,53.0,69.625,-0.3413086,-0.5522461,0.43640137,19.835938,1.5805664,3.2392578,3.09375,-8.636719,0.9975586
2024-03-20 14:42:51,53.0,69.6875,-0.31713867,-0.5559082,0.38183594,19.601562,1.6083984,3.2392578,3.1015625,-8.636719,0.9584961
2024-03-20 14:42:52,53.0,69.666664,-0.32552084,-0.5024414,0.38541666,19.723959,1.5823568,3.2441406,3.0963542,-8.6432295,0.90234375
2024-03-20 14:42:53,53.0,69.65625,-0.29345703,-0.548584,0.40148926,19.6875,1.5869141,3.2363281,3.1103516,-8.660156,0.9812012
2024-03-20 14:42:54,53.0,69.65625,-0.31188965,-0.5605469,0.38757324,19.679688,1.5639648,3.256836,3.0957031,-8.660156,0.92407227
2024-03-20 14:42:55,53.0,69.6875,-0.31970215,-0.56640625,0.36621094,19.679688,1.5708008,3.2470703,3.1015625,-8.640625,0.95043945
2024-03-20 14:42:56,53.0,69.645836,-0.30826822,-0.4986979,0.40559897,19.651041,1.5999349,3.2369792,3.1002605,-8.6484375,0.97802734
2024-03-20 14:42:57,53.0,69.65625,-0.33190918,-0.45495605,0.42004395,19.5625,1.581543,3.2441406,3.1035156,-8.660156,0.9589844
2024-03-20 14:42:58,53.0,69.65625,-0.32226562,-0.491333,0.421875,19.789062,1.578125,3.2333984,3.1123047,-8.652344,0.9543457
2024-03-20 14:42:59,53.0,69.6875,-0.31640625,-0.52441406,0.3647461,19.71875,1.5751953,3.2509766,3.1035156,-8.667969,0.96313477
2024-03-20 14:43:00,53.0,69.625,-0.31046548,-0.4831543,0.41267905,19.770834,1.5706381,3.2395833,3.095052,-8.6536455,0.9505208
2024-03-20 14:43:01,53.0,69.625,-0.33154297,-0.53637695,0.4124756,19.726562,1.574707,3.2392578,3.102539,-8.65625,0.93310547
2024-03-20 14:43:02,53.0,69.625,-0.33007812,-0.5074463,0.4111328,19.59375,1.5986328,3.2402344,3.1015625,-8.652344,0.92529297
2024-03-20 14:43:03,53.0,69.65625,-0.32006836,-0.4769287,0.3876953,19.789062,1.581543,3.2441406,3.1044922,-8.6484375,0.9169922
2024-03-20 14:43:04,53.0,69.645836,-0.30851236,-0.4620768,0.3836263,19.713541,1.6165365,3.2408855,3.0885417,-8.661458,0.9394531
2024-03-20 14:43:05,53.0,69.65625,-0.3310547,-0.5220947,0.3897705,19.585938,1.5512695,3.2363281,3.0986328,-8.640625,0.94506836
2024-03-20 14:43:06,53.0,69.65625,-0.33007812,-0.43859863,0.43554688,19.65625,1.5693359,3.2304688,3.109375,-8.6484375,0.96533203
2024-03-20 14:43:07,53.0,69.666664,-0.32364908,-0.47810873,0.34855142,19.848959,1.6113281,3.2369792,3.0976562,-8.65625,0.9350586
2024-03-20 14:43:08,53.0,69.625,-0.32495117,-0.48217773,0.4206543,19.703125,1.605957,3.2480469,3.1064453,-8.6484375,0.94506836
2024-03-20 14:43:09,53.0,69.6875,-0.30822754,-0.44836426,0.36328125,19.695312,1.5844727,3.241211,3.0996094,-8.671875,0.96850586
2024-03-20 14:43:10,53.0,69.625,-0.27294922,-0.5194092,0.4091797,19.523438,1.6162109,3.2382812,3.09375,-8.671875,0.9692383
2024-03-20 14:43:11,53.0,69.645836,-0.3239746,-0.4530436,0.38354492,19.609375,1.5904948,3.2337239,3.0963542,-8.651042,0.95670575
2024-03-20 14:43:12,53.0,69.65625,-0.32214355,-0.4729004,0.3720703,19.71875,1.5771484,3.2294922,3.0820312,-8.660156,0.93969727
2024-03-20 14:43:13,53.0,69.65625,-0.29101562,-0.49023438,0.39013672,19.585938,1.5864258,3.2421875,3.09375,-8.671875,0.95092773
2024-03-20 14:43:14,53.0,69.6875,-0.3046875,-0.52856445,0.32141113,19.703125,1.5605469,3.2353516,3.084961,-8.652344,0.95166016
2024-03-20 14:43:15,53.0,69.666664,-0.34480795,-0.546875,0.39208984,19.671875,1.594401,3.2363281,3.095052,-8.6640625,0.9659831
2024-03-20 14:43:16,53.0,69.6875,-0.3248291,-0.5234375,0.40881348,19.625,1.5942383,3.2265625,3.1064453,-8.652344,0.9797363
2024-03-20 14:43:17,53.0,69.625,-0.33874512,-0.44299316,0.33361816,19.492188,1.5756836,3.2490234,3.0996094,-8.652344,0.95166016
2024-03-20 14:43:18,53.0,69.625,-0.31518555,-0.54833984,0.39562988,19.664062,1.5947266,3.2402344,3.1132812,-8.660156,0.9567871
2024-03-20 14:43:19,53.0,69.65625,-0.30603027,-0.5769043,0.37768555,19.8125,1.5639648,3.256836,3.0888672,-8.652344,0.9667969
2024-03-20 14:43:20,53.0,69.645836,-0.30452475,-0.5266927,0.3907064,19.526041,1.5836588,3.2460938,3.1041667,-8.6588545,0.96191406
2024-03-20 14:43:21,53.0,69.65625,-0.3067627,-0.4970703,0.36499023,19.664062,1.5908203,3.2490234,3.102539,-8.660156,0.9501953
2024-03-20 14:43:22,53.0,69.65625,-0.31201172,-0.54418945,0.3843994,19.65625,1.565918,3.2402344,3.0957031,-8.652344,0.9289551
2024-03-20 14:43:23,53.0,69.65625,-0.31298828,-0.4967041,0.3363037,19.664062,1.5976562,3.2382812,3.1054688,-8.6484375,0.95043945
2024-03-20 14:43:24,53.0,69.6875,-0.3292643,-0.4724121,0.379069,19.505209,1.5830078,3.2434895,3.1035156,-8.6588545,0.94222003
2024-03-20 14:43:25,53.0,69.65625,-0.31274414,-0.48010254,0.40039062,19.492188,1.5751953,3.2421875,3.1074219,-8.65625,0.9812012
2024-03-20 14:43:26,53.0,69.65625,-0.31311035,-0.49597168,0.43615723,19.75,1.6000977,3.243164,3.0957031,-8.652344,0.96191406
2024-03-20 14:43:27,53.0,69.65625,-0.35131836,-0.5456543,0.375,19.609375,1.5839844,3.2470703,3.1074219,-8.6484375,0.9116211
2024-03-20 14:43:28,53.0,69.65625,-0.3140869,-0.57299805,0.40490723,19.585938,1.5795898,3.2177734,3.0957031,-8.6484375,0.9484863
2024-03-20 14:43:29,53.0,69.666664,-0.31111655,-0.51708984,0.36987305,19.572916,1.578776,3.2552083,3.0911458,-8.6640625,0.94140625
2024-03-20 14:43:30,53.0,69.6875,-0.3355713,-0.59106445,0.33459473,19.515625,1.5615234,3.256836,3.0878906,-8.652344,0.9382324
2024-03-20 14:43:31,53.0,69.6875,-0.3293457,-0.50305176,0.4248047,19.71875,1.6108398,3.2480469,3.1064453,-8.65625,0.95581055
2024-03-20 14:43:32,53.0,69.65625,-0.33642578,-0.446167,0.39208984,19.679688,1.590332,3.2333984,3.102539,-8.640625,0.9123535
2024-03-20 14:43:33,53.0,69.6875,-0.35803223,-0.40234375,0.3609619,19.804688,1.6220703,3.2539062,3.100586,-8.675781,0.96728516
2024-03-20 14:43:34,53.0,69.645836,-0.29736328,-0.5110677,0.3972982,19.651041,1.5901693,3.2428386,3.108073,-8.6588545,0.94433594
2024-03-20 14:43:35,53.0,69.65625,-0.29943848,-0.5151367,0.39465332,19.445312,1.5874023,3.2490234,3.09375,-8.652344,0.94262695
2024-03-20 14:43:36,53.0,69.625,-0.31311035,-0.576416,0.35083008,19.671875,1.6025391,3.258789,3.1054688,-8.6484375,0.94140625
2024-03-20 14:43:37,53.0,69.625,-0.3400879,-0.5983887,0.397583,19.703125,1.5458984,3.2265625,3.0927734,-8.652344,0.9382324
2024-03-20 14:43:38,53.0,69.666664,-0.31103516,-0.4601237,0.39363608,19.557291,1.5869141,3.2428386,3.1054688,-8.666667,0.9379883
2024-03-20 14:43:39,53.0,69.625,-0.32983398,-0.60913086,0.33996582,19.546875,1.5927734,3.2353516,3.102539,-8.644531,0.9592285
2024-03-20 14:43:40,53.0,69.625,-0.30895996,-0.50756836,0.33947754,19.609375,1.5771484,3.2548828,3.1113281,-8.660156,0.94506836
2024-03-20 14:43:41,53.0,69.6875,-0.3112793,-0.52233887,0.34448242,19.664062,1.5673828,3.25,3.1152344,-8.652344,1.001709
2024-03-20 14:43:42,53.0,69.6875,-0.32348633,-0.49658203,0.3544922,19.59375,1.5961914,3.2558594,3.0996094,-8.644531,0.9572754
2024-03-20 14:43:43,53.0,69.645836,-0.31152344,-0.5208333,0.37451172,19.645834,1.5888672,3.2460938,3.0957031,-8.6588545,0.94954425
2024-03-20 14:43:44,53.0,69.65625,-0.31384277,-0.46777344,0.36706543,19.726562,1.5830078,3.2421875,3.0966797,-8.640625,0.93310547
2024-03-20 14:43:45,53.0,69.625,-0.28808594,-0.46240234,0.3602295,19.453125,1.5654297,3.2539062,3.1035156,-8.667969,0.9785156
2024-03-20 14:43:46,53.0,69.625,-0.32788086,-0.48815918,0.44848633,19.59375,1.5717773,3.2363281,3.0761719,-8.652344,0.94262695
2024-03-20 14:43:47,53.0,69.625,-0.31604004,-0.50964355,0.41259766,19.601562,1.5874023,3.2451172,3.1035156,-8.6484375,0.9328613
2024-03-20 14:43:48,53.0,69.625,-0.30607095,-0.43188477,0.3701172,19.552084,1.5651041,3.248698,3.0976562,-8.6536455,0.96533203
2024-03-20 14:43:49,53.0,69.65625,-0.29760742,-0.50427246,0.3897705,19.632812,1.5908203,3.2558594,3.0966797,-8.660156,0.95166016
2024-03-20 14:43:50,53.0,69.65625,-0.31811523,-0.446167,0.36206055,19.6875,1.5942383,3.241211,3.0986328,-8.6640625,0.9277344
2024-03-20 14:43:51,53.0,69.65625,-0.31103516,-0.56152344,0.3428955,19.53125,1.5761719,3.2529297,3.100586,-8.652344,0.9729004
2024-03-20 14:43:52,53.0,69.6875,-0.3121338,-0.49682617,0.41906738,19.539062,1.5986328,3.2480469,3.1054688,-8.6640625,0.91186523
2024-03-20 14:43:53,53.0,69.666664,-0.32234702,-0.48990884,0.3955892,19.640625,1.6035156,3.2434895,3.1054688,-8.651042,0.9501953
2024-03-20 14:43:54,53.0,69.65625,-0.31811523,-0.5102539,0.359375,19.414062,1.5869141,3.2529297,3.1044922,-8.6484375,0.9550781
2024-03-20 14:43:55,53.0,69.65625,-0.33544922,-0.43762207,0.39941406,19.585938,1.5834961,3.2490234,3.1035156,-8.636719,0.9309082
2024-03-20 14:43:56,53.0,69.625,-0.31359863,-0.41882324,0.36547852,19.609375,1.6025391,3.25,3.1035156,-8.660156,0.8964844
2024-03-20 14:43:57,53.0,69.59375,-0.32458496,-0.4827881,0.3762207,19.601562,1.6118164,3.2480469,3.1142578,-8.6640625,0.9621582
2024-03-20 14:43:58,53.0,69.645836,-0.30525717,-0.5176595,0.33976236,19.682291,1.5992838,3.2552083,3.1054688,-8.6536455,0.9046224
2024-03-20 14:43:59,53.0,69.65625,-0.3466797,-0.49597168,0.3930664,19.65625,1.6142578,3.2373047,3.1074219,-8.652344,0.95751953
2024-03-20 14:44:00,53.0,69.65625,-0.33239746,-0.5013428,0.4387207,19.71875,1.6088867,3.243164,3.1123047,-8.652344,0.9355469
2024-03-20 14:44:01,53.0,69.6875,-0.31628418,-0.4880371,0.36083984,19.632812,1.6103516,3.2480469,3.100586,-8.675781,0.9741211
2024-03-20 14:44:02,53.0,69.6875,-0.34143066,-0.48571777,0.36193848,19.421875,1.5649414,3.2490234,3.09375,-8.65625,0.9604492
2024-03-20 14:44:03,53.0,69.625,-0.3182373,-0.5161133,0.38928223,19.53125,1.59375,3.2490234,3.1123047,-8.652344,0.98168945
2024-03-20 14:44:04,53.0,69.666664,-0.3124186,-0.49861655,0.39819336,19.65625,1.6145834,3.2447917,3.1028645,-8.6536455,0.9692383
2024-03-20 14:44:05,53.0,69.625,-0.31225586,-0.4777832,0.33935547,19.5625,1.6040039,3.2451172,3.086914,-8.652344,0.94628906
2024-03-20 14:44:06,53.0,69.65625,-0.3227539,-0.43774414,0.4008789,19.601562,1.6010742,3.2529297,3.1142578,-8.640625,0.95166016
2024-03-20 14:44:07,53.0,69.65625,-0.31726074,-0.5222168,0.3494873,19.554688,1.5981445,3.2519531,3.100586,-8.636719,0.95410156
2024-03-20 14:44:08,53.0,69.6875,-0.29797363,-0.48010254,0.39941406,19.546875,1.5878906,3.2421875,3.1103516,-8.644531,0.9394531
2024-03-20 14:44:09,53.0,69.6875,-0.31469727,-0.5037842,0.3762207,19.6875,1.5673828,3.2402344,3.109375,-8.644531,0.92529297
2024-03-20 14:44:10,53.0,69.6875,-0.31225586,-0.4099121,0.4387207,19.859375,1.5927734,3.2285156,3.0996094,-8.6328125,0.9379883
