Frequencia CMB,CV-1,PT-2
40.0,0.5671689,6.77629276
40.0,0.5690313459999999,6.7864211
40.0,0.566076078,6.7846353399999995
40.0,0.5639973859999999,6.784970199999999
40.0,0.5671200599999999,6.77946426
40.0,0.5667991880000001,6.77901784
40.0,0.5688918220000001,6.7712053
40.0,0.57183315,6.77444188
40.0,0.573267774,6.777585480000001
40.0,0.571230952,6.77457206
40.0,0.570631064,6.76765236
40.0,0.573446824,6.77581836
40.0,0.576236996,6.771130879999999
40.0,0.5723191099999999,6.76809894
40.0,0.570069518,6.77023806
40.0,0.570195072,6.77135418
40.0,0.569011564,6.7658667800000005
40.0,0.5666329320000001,6.772005180000001
40.0,0.5681954320000001,6.775130180000001
40.0,0.568798812,6.78203122
40.0,0.572756218,6.78119418
40.0,0.572909686,6.775279040000001
40.0,0.570747306,6.77081484
40.0,0.56655972,6.77059158
40.0,0.5679687600000001,6.76210942
40.0,0.563997406,6.763950939999999
40.0,0.561397886,6.768843079999999
40.0,0.5645159059999999,6.77018228
40.0,0.569289426,6.76705728
40.0,0.571158846,6.77189364
40.0,0.57033574,6.768322239999999
40.0,0.57032644,6.769233679999999
40.0,0.566050488,6.7628534799999995
40.0,0.568533748,6.760174879999999
40.0,0.5675013879999999,6.759133200000001
40.0,0.568877876,6.762295399999999
40.0,0.565892384,6.764081160000001
40.0,0.56581565,6.76700156
40.0,0.5607398499999999,6.77176346
40.0,0.55959587,6.770870619999999
40.0,0.5557779820000001,6.77641376
40.0,0.559114568,6.772284260000001
40.0,0.559519154,6.77362356
40.0,0.559251774,6.776897460000001
40.0,0.565252982,6.780003859999999
40.0,0.5664527619999999,6.77263776
40.0,0.562516288,6.7760976
40.0,0.562147748,6.77587434
40.0,0.5602783280000001,6.76817338
40.0,0.5539422999999999,6.766406259999999
40.0,0.5556489600000001,6.76341142
40.0,0.55887162,6.761960480000001
40.0,0.55699406,6.75961674
40.0,0.55945639,6.76261158
40.0,0.5638648700000001,6.760937459999999
40.0,0.56338589,6.76627606
40.0,0.56110491,6.765048419999999
40.0,0.56372767,6.765941239999999
40.0,0.5606793999999999,6.76685266
40.0,0.558651868,6.76495534
40.0,0.557312568,6.763504419999999
40.0,0.564253142,6.768638319999999
40.0,0.567894334,6.769438200000001
40.0,0.5754975659999999,6.77033102
40.0,0.573618858,6.772005060000001
40.0,0.574965126,6.774888300000001
40.0,0.569733542,6.77310264
40.0,0.5662318639999999,6.778217939999999
40.0,0.55764044,6.77524182
40.0,0.5584495799999999,6.768991819999999
40.0,0.5550106920000001,6.766554999999999
40.0,0.5559709820000001,6.7608630000000005
40.0,0.5532924080000001,6.756956700000001
40.0,0.555201354,6.7583703
40.0,0.552559986,6.764769199999999
40.0,0.5549734860000001,6.76376478
40.0,0.556008176,6.765215700000001
40.0,0.558965776,6.76413694
40.0,0.560002802,6.762723340000001
40.0,0.56214194,6.76000756
40.0,0.5649739680000001,6.766313360000001
40.0,0.561644358,6.76915932
40.0,0.565566878,6.76915932
40.0,0.563394024,6.76863842
40.0,0.563407974,6.768080299999999
40.0,0.560754986,6.766778220000001
40.0,0.563977646,6.764955260000001
40.0,0.563814886,6.76300214
40.0,0.56663064,6.766778240000001
40.0,0.56898602,6.77213544
40.0,0.56921388,6.77395832
40.0,0.5686344459999999,6.770078119999999
40.0,0.562360032,6.7690364
40.0,0.565249032,6.762265600000001
40.0,0.562498372,6.75744792
40.0,0.5643863920000001,6.7577083600000005
40.0,0.562999666,6.767708399999999
40.0,0.56518879,6.76562512
40.0,0.56142902,6.773307319999999
40.0,0.56257486,6.7751562000000005
40.0,0.56348632,6.7652604
40.0,0.568984372,6.758880239999999
40.0,0.573763022,6.761979199999999
40.0,0.576171872,6.75703134
40.0,0.574824212,6.76062514
40.0,0.573359372,6.76960952
40.0,0.56948242,6.779114679999999
40.0,0.5679427100000001,6.786171999999999
40.0,0.5677408899999999,6.78638026
40.0,0.5688151100000001,6.7865364999999995
40.0,0.57200521,6.7904427400000005
40.0,0.56930989,6.779973979999999
40.0,0.5656933599999999,6.779947920000001
40.0,0.562819008,6.77843752
40.0,0.558170574,6.76812508
40.0,0.554723302,6.767239600000001
40.0,0.5529069019999999,6.76645834
40.0,0.553238922,6.756614519999999
40.0,0.555371088,6.76046872
40.0,0.558593742,6.765312419999999
40.0,0.644140614,6.75687496
40.0,0.916992194,6.75093746
40.0,1.371894514,6.75624998
40.0,2.01355468,6.750937520000001
40.0,2.83523438,6.757656220000001
40.0,3.7752735,6.7565624600000005
40.0,4.7500781199999995,6.764687480000001
40.0,5.748281279999999,6.772500000000001
40.0,6.76281252,6.786562460000001
40.0,7.8129687599999995,6.795156260000001
40.0,8.86070316,6.82269534
40.0,9.90054696,6.86050788
40.0,10.958828200000001,6.90441412
40.0,12.025390699999999,6.95707032
40.0,13.097109499999998,7.02847656
40.0,14.1470313,7.115937440000001
40.0,15.2232813,7.2093749
40.0,16.2767187,7.29632802
40.0,17.324531200000003,7.391484320000001
40.0,18.374687599999998,7.48664062
40.0,19.453281399999998,7.5782813
40.0,20.4964064,7.669218840000001
40.0,21.5175002,7.7785939200000005
40.0,22.536875200000004,7.8957814200000005
40.0,23.54375,8.025625080000001
40.0,24.5476562,8.1603907
40.0,25.5710936,8.3039063
40.0,26.6134374,8.4557031
40.0,27.625937399999998,8.6041406
40.0,28.432187399999997,8.7321094
40.0,29.034531199999996,8.827421900000001
40.0,29.411093799999996,8.8973437
40.0,29.5910938,8.9354687
40.0,29.595,8.949531200000001
40.0,29.598125,8.9392188
40.0,29.595,8.9372656
40.0,29.597343799999997,8.9298438
40.0,29.600468799999998,8.9179688
40.0,29.5981252,8.9175782
40.0,29.597344,8.926874999999999
40.0,29.602031399999998,8.935859400000002
40.0,29.6012502,8.9425
40.0,29.5956252,8.95375
40.0,29.6010938,8.9525781
40.0,29.5995312,8.9541405
40.0,29.5948438,8.9435937
40.0,29.5979686,8.939296899999999
40.0,29.5979686,8.9355469
40.0,29.595624800000003,8.9332032
40.0,29.5932812,8.9320314
40.0,29.5925,8.9332032
40.0,29.591718800000002,8.9386718
40.0,29.5929688,8.939062400000001
40.0,29.5945314,8.936328
40.0,29.5992188,8.9320312
40.0,29.6039062,8.9359375
40.0,29.6054688,8.9300782
40.0,29.6070312,8.928906399999999
40.0,29.6039062,8.9328126
40.0,29.603125,8.928125
40.0,29.6015624,8.9222657
40.0,29.6031248,8.9265626
40.0,29.6039062,8.9257813
40.0,29.605468600000002,8.9289063
40.0,29.6015624,8.9320313
40.0,29.5992188,8.9402343
40.0,29.597656399999998,8.939453100000001
40.0,29.5914064,8.9382812
40.0,29.590625199999998,8.9265624
40.0,29.5921876,8.9242186
40.0,29.5921876,8.9296874
40.0,29.584635600000002,8.923046699999999
40.0,29.5838542,8.925781099999998
40.0,29.586198000000003,8.9300781
40.0,29.584635600000002,8.9421875
40.0,29.586979200000002,8.9320313
40.0,29.5929686,8.940625
40.0,29.5934894,8.946875
40.0,29.5903644,8.9539062
40.0,29.5903644,8.9566406
40.0,29.5895832,8.9542968
40.0,29.587760199999998,8.947786500000001
40.0,29.595833199999998,8.9423177
40.0,29.598177,8.9348959
40.0,29.5986976,8.9292969
40.0,29.596354,8.9273437
40.0,29.595052,8.935025999999999
40.0,29.584895799999998,8.9233073
40.0,29.5895832,8.9279947
40.0,29.5914062,8.9249999
40.0,29.5960936,8.9300781
40.0,29.5973956,8.927604
40.0,29.598176799999997,8.937760299999999
40.0,29.593228800000002,8.9389322
40.0,29.5916664,8.938151000000001
40.0,29.5874996,8.9355469
40.0,29.589322599999996,8.9341146
40.0,29.592447599999996,8.9333333
40.0,29.5903644,8.940104199999999
40.0,29.5950518,8.9432292
40.0,29.597135400000003,8.943229200000001
40.0,29.598698000000002,8.933073
40.0,29.6,8.9304689
40.0,29.5992188,8.9197917
40.0,29.596354400000003,8.9063802
40.0,29.5937502,8.907031100000001
40.0,29.589323200000003,8.920703
40.0,29.592708799999997,8.923307099999999
40.0,29.591406799999998,8.917838399999999
40.0,29.590365000000002,8.9359375
40.0,29.5908856,8.937369799999999
40.0,29.5890626,8.9315105
40.0,29.5867188,8.9294271
40.0,29.584895799999998,8.9286458
40.0,29.580729,8.919401
40.0,29.5796876,8.9183594
40.0,29.5835938,8.9320312
40.0,29.5867188,8.9408855
40.0,29.5882812,8.945182500000001
40.0,29.5914062,8.9420575
40.0,29.5934894,8.9446616
40.0,29.5945312,8.9368491
40.0,29.5914062,8.9355469
40.0,29.5895832,8.9325521
40.0,29.594791800000003,8.943489600000001
40.0,29.5979168,8.938541800000001
40.0,29.6,8.941666800000002
40.0,29.5989582,8.937239700000001
40.0,29.6010418,8.9523438
40.0,29.5953126,8.944401099999999
40.0,29.5911458,8.9493489
40.0,29.5859376,8.9571614
40.0,29.5869794,8.958072900000001
40.0,29.5901044,8.941927
40.0,29.592708599999998,8.939452900000001
40.0,29.593750399999998,8.9279947
40.0,29.595052399999997,8.9104165
40.0,29.5940106,8.9074218
40.0,29.591927,8.9126302
40.0,29.591927,8.910547
40.0,29.595052,8.924088600000001
40.0,29.595833199999998,8.9365886
40.0,29.594791800000003,8.940755200000002
40.0,29.5885418,8.9444011
40.0,29.5875,8.947526100000001
40.0,29.5854168,8.9485677
40.0,29.5822918,8.9442709
40.0,29.5875,8.9473959
40.0,29.5979168,8.9449218
40.0,29.6,8.947004999999999
40.0,29.601041399999996,8.9371093
40.0,29.609374600000002,8.9350259
40.0,29.604166399999997,8.935546800000001
40.0,29.6020832,8.9260416
40.0,29.642708199999998,8.9385416
40.0,29.844791800000003,8.9848957
40.0,30.259114800000003,9.0576823
40.0,30.9070316,9.154036399999999
40.0,31.737239799999998,9.317057299999998
40.0,32.7403652,9.480599100000001
40.0,33.8111984,9.63737
40.0,34.870833600000005,9.8161459
40.0,35.93125,9.996875
40.0,37.020833599999996,10.1770834
40.0,38.1020836,10.3442709
40.0,39.1916672,10.515625
40.0,40.2937508,10.6838543
40.0,41.397917199999995,10.8343752
40.0,42.566146,10.9947918
40.0,43.799478799999996,11.1833334
40.0,45.0369788,11.3395834
40.0,46.3098952,11.4692709
40.0,47.5890624,11.6338543
40.0,48.80625,11.7510418
40.0,49.970833600000006,11.8338543
40.0,51.145833599999996,11.9317709
40.0,52.3104172,12.0265625
40.0,53.47083359999999,12.1109375
40.0,54.639583599999995,12.179166599999999
40.0,55.75520859999999,12.257291599999999
40.0,56.792708600000005,12.31875
40.0,57.7739586,12.366145900000001
40.0,58.521875,12.3739584
40.0,59.053125,12.3942709
40.0,59.4145836,12.4026043
40.0,59.608333599999995,12.417187700000001
40.0,59.62083359999999,12.4223959
40.0,59.627083600000006,12.4296875
40.0,59.625,12.427083399999999
40.0,59.63125,12.4229166
40.0,59.63333279999999,12.424999799999998
40.0,59.624999200000005,12.429687300000001
40.0,59.624999200000005,12.4286457
40.0,59.62395779999999,12.4348957
40.0,59.61770779999999,12.4458332
40.0,59.6197914,12.4395832
40.0,59.626041400000005,12.43125
40.0,59.6302086,12.441666600000001
40.0,59.635417200000006,12.4473957
40.0,59.64166719999999,12.459375
40.0,59.632292199999995,12.484895900000001
40.0,59.6281258,12.493229099999999
40.0,59.6281258,12.4921875
40.0,59.62604220000001,12.4994793
40.0,59.621875,12.490625
40.0,59.629166399999995,12.461979099999999
40.0,59.6260414,12.4578125
40.0,59.630207799999994,12.4546875
40.0,59.6322914,12.4505207
40.0,59.634375,12.4364582
40.0,59.63229220000001,12.4380207
40.0,59.63229220000001,12.441927
40.0,59.6239586,12.4471352
40.0,59.621875,12.4221352
40.0,59.6260414,12.4361977
40.0,59.6260414,12.4492186
40.0,59.6322914,12.445312300000001
40.0,59.640625,12.4473957
40.0,59.64479140000001,12.480729100000001
40.0,59.646875,12.4828125
40.0,59.6479164,12.484375
40.0,59.64895779999999,12.4786459
40.0,59.644791399999995,12.46875
40.0,59.640625,12.4572916
40.0,59.6375,12.4424478
40.0,59.642708600000006,12.429947799999999
40.0,59.6385422,12.4424478
40.0,59.6395836,12.4593749
40.0,59.64375,12.456770800000001
40.0,59.642708600000006,12.4601562
40.0,59.640625,12.4830728
40.0,59.646875,12.4848956
40.0,59.6416664,12.4736978
40.0,59.6395836,12.4705728
40.0,59.640625,12.4765624
40.0,59.638541399999994,12.4567708
40.0,59.636457799999995,12.448177099999999
40.0,59.6416664,12.4609375
40.0,59.63958279999999,12.46875
40.0,59.640624200000005,12.4523438
40.0,59.6427078,12.4492188
40.0,59.646875,12.4596354
40.0,59.65,12.4359375
40.0,59.653125,12.446875
40.0,59.651042200000006,12.4661459
40.0,59.644792200000005,12.48125
40.0,59.64270859999999,12.4606771
40.0,59.63645859999999,12.4710937
40.0,59.63020859999999,12.45625
40.0,59.6302086,12.4473957
40.0,59.634375,12.4453125
40.0,59.621875,12.4718751
40.0,59.6239586,12.4859376
40.0,59.625,12.4846354
40.0,59.6260414,12.4867188
40.0,59.621875,12.479427
40.0,59.628125,12.4622394
40.0,59.630207799999994,12.4372394
40.0,59.638541399999994,12.4304687
40.0,59.6416664,12.4179687
40.0,59.63958279999999,12.4325521
40.0,59.636457799999995,12.445833400000001
40.0,59.640625,12.4567709
40.0,59.634375,12.4835938
40.0,59.628125,12.486197899999999
40.0,59.6385422,12.4882813
40.0,59.644792200000005,12.4765626
40.0,59.638542199999996,12.4802085
40.0,59.63541719999999,12.4598959
40.0,59.63333359999999,12.4744793
40.0,59.628125,12.4716147
40.0,59.622916399999994,12.4833334
40.0,59.6270828,12.4664062
40.0,59.630207799999994,12.4859375
40.0,59.630207799999994,12.4942709
40.0,59.630207799999994,12.484895900000001
40.0,59.6364578,12.4822918
40.0,59.633332800000005,12.5049481
40.0,59.6312492,12.5007815
40.0,59.636457799999995,12.4846356
40.0,59.6270828,12.4885418
40.0,59.626041400000005,12.4981772
40.0,59.627082800000004,12.4976563
40.0,59.638541399999994,12.486979199999999
40.0,59.6354164,12.486979199999999
40.0,59.644791399999995,12.472916699999999
40.0,59.6416664,12.462239499999999
40.0,59.640625,12.4572917
40.0,59.63541640000001,12.4507813
40.0,59.63541640000001,12.4546875
40.0,59.63020780000001,12.4583334
40.0,59.63958280000001,12.4658856
40.0,59.6343742,12.4656252
40.0,59.63958279999999,12.4721356
40.0,59.63958279999999,12.4770835
40.0,59.65104140000001,12.4945313
40.0,59.64791640000001,12.478125
40.0,59.659375,12.4877604
40.0,59.658333600000006,12.494791600000001
40.0,59.6614586,12.4945313
40.0,59.6552086,12.4859376
40.0,59.6489586,12.5114585
40.0,59.6489586,12.5114585
40.0,59.644791399999995,12.5166669
40.0,59.6416664,12.5260419
40.0,59.6322914,12.547395999999999
40.0,59.6354164,12.5250001
40.0,59.629166399999995,12.5265625
40.0,59.7895836,12.5302082
40.0,60.1489586,12.5317706
40.0,60.730208600000005,12.5520831
40.0,61.4989586,12.5997394
40.0,62.4625008,12.640624800000001
40.0,63.460417199999995,12.7075519
40.0,64.4260422,12.7614582
40.0,65.3427094,12.8104166
40.0,66.2645844,12.851041599999999
40.0,67.2020844,12.903125
40.0,68.0458344,12.9117188
40.0,68.7270844,12.9531251
40.0,69.24791719999999,12.9802085
40.0,69.5541672,13.0145835
40.0,69.6541672,13.0145835
40.0,69.6541672,13.0427085
40.0,69.64791720000001,13.0434897
40.0,69.64375,13.030989700000001
40.0,69.64375,13.0052084
40.0,69.6458328,12.996614600000001
40.0,69.64375,12.974739600000001
40.0,69.64375,12.982552100000001
40.0,69.6354172,12.9789062
40.0,69.6354172,12.9976562
40.0,69.6354172,13.009375
40.0,69.64375,13.03125
40.0,69.65625,13.0328125
40.0,69.65625,13.0429687
40.0,69.6604172,13.046614600000002
40.0,69.6604172,13.044270800000001
40.0,69.6479172,13.029427000000002
40.0,69.64375,13.032031100000001
40.0,69.6625,13.0187499
40.0,69.6645828,13.005728999999999
40.0,69.6666656,13.0101562
40.0,69.6729156,13.0023438
40.0,69.66458279999999,12.9903647
40.0,69.6583328,13.0132813
40.0,69.66458279999999,13.0148438
40.0,69.6625,12.9994792
40.0,69.66041720000001,13.0085938
40.0,69.6729172,13.00625
40.0,69.66041720000001,12.991145900000001
40.0,69.6520844,13.0
40.0,69.6458344,13.0164062
40.0,69.6479172,13.0135416
40.0,69.6416672,13.0307292
40.0,69.65,13.035416699999999
40.0,69.64583280000001,13.038281399999999
40.0,69.6520828,13.0375002
40.0,69.65,13.050260499999998
40.0,69.65,13.040104199999998
40.0,69.6479172,13.036197999999999
40.0,69.65416719999999,13.0463542
40.0,69.65625,13.0455729
40.0,69.65833280000001,13.0359376
40.0,69.6645828,13.0257813
40.0,69.6666656,13.0192709
40.0,69.6666656,13.0052084
40.0,69.66458279999999,12.9966147
40.0,69.6708328,12.998177100000001
40.0,69.6666656,12.997916800000002
40.0,69.6645828,12.996614600000001
40.0,69.6708328,12.989583300000001
40.0,69.67708280000001,13.007552
40.0,69.6729156,13.0057292
40.0,69.6708328,13.003645800000001
40.0,69.6770828,13.0247396
40.0,69.66458279999999,13.030989600000002
40.0,69.65625,13.0132812
40.0,69.6541672,13.0260416
40.0,69.64791720000001,13.024479099999999
40.0,69.64791720000001,13.0096353
40.0,69.66041720000001,12.999479099999999
40.0,69.66458279999999,13.0109375
40.0,69.66458279999999,12.9960937
40.0,69.6770828,13.0054687
40.0,69.6708328,12.9960937
40.0,69.6666656,13.0039062
40.0,69.6708328,12.9945312
40.0,69.67708280000001,12.9867187
40.0,69.67708280000001,12.9929687
40.0,69.6833328,13.009375
40.0,69.675,13.015104099999999
40.0,69.68125,13.029947799999999
40.0,69.68125,13.0518228
40.0,69.66875,13.0565103
40.0,69.66875,13.046354
40.0,69.68541719999999,13.044791499999999
40.0,69.6791672,13.0432291
40.0,69.6791672,13.0424478
40.0,69.6791672,13.040104099999999
40.0,69.6791672,13.047916699999998
40.0,69.6708328,13.047396
40.0,69.6645828,13.0294272
40.0,69.6645828,13.016146
40.0,69.67708280000001,13.0184897
40.0,69.6708328,13.016145900000001
40.0,69.675,13.0328125
40.0,69.675,13.0375
38.0,55.66188476599999,11.438749999999999
36.0,41.653616533999994,9.832890619999999
34.0,27.652563242000003,8.23422982
32.0,13.643829982,6.62005574
30.0,-0.362867608,5.0283890399999995
30.0,-0.36402414,5.03104528
30.0,-0.36575172,5.028310920000001
30.0,-0.369459168,5.033351919999999
30.0,-0.373121278,5.0292224
30.0,-0.36996024,5.0285899999999994
30.0,-0.36525065,5.029761880000001
30.0,-0.363276604,5.02641362
30.0,-0.36275693800000003,5.02315842
30.0,-0.365156488,5.023363099999999
30.0,-0.36872094200000005,5.0207961
30.0,-0.369266186,5.0234189
30.0,-0.37377697000000004,5.02611608
30.0,-0.371447166,5.028125
30.0,-0.364911172,5.03305424
30.0,-0.36302664,5.035472400000001
30.0,-0.36592842800000003,5.031008079999999
30.0,-0.365568034,5.032998399999999
30.0,-0.370370632,5.03320308
30.0,-0.37228191,5.0329799600000005
30.0,-0.37159249600000005,5.03524932
30.0,-0.365736608,5.03774192
30.0,-0.36166992000000003,5.03896972
30.0,-0.35879952000000004,5.03709092
30.0,-0.359526124,5.03394732
30.0,-0.35730794,5.0332776
30.0,-0.36406366,5.0327939
30.0,-0.362647646,5.02957578
30.0,-0.361168858,5.031473180000001
30.0,-0.36396485,5.03182658
30.0,-0.36321033799999997,5.02840408
30.0,-0.356025626,5.03108266
30.0,-0.358355422,5.03485874
30.0,-0.36147577000000003,5.03041294
30.0,-0.355448986,5.032979859999999
30.0,-0.356001206,5.03785336
30.0,-0.359547062,5.03578868
30.0,-0.361304872,5.033444919999999
30.0,-0.361518784,5.03599332
30.0,-0.364660062,5.0304687999999995
30.0,-0.368503538,5.02745534
30.0,-0.36858491400000004,5.02684144
30.0,-0.36776879399999995,5.02671124
30.0,-0.368131514,5.02548364
30.0,-0.36602260000000003,5.0292225
30.0,-0.36238374,5.0286645199999995
30.0,-0.362132628,5.034914519999999
30.0,-0.363025488,5.0368305200000005
30.0,-0.360064414,5.0379837599999995
30.0,-0.362366314,5.036756
30.0,-0.358513542,5.0356399000000005
30.0,-0.359277354,5.02961316
30.0,-0.356926622,5.03017112
30.0,-0.35787877,5.02779018
30.0,-0.35593610999999997,5.03048736
30.0,-0.364139234,5.03115704
30.0,-0.360327154,5.02836688
30.0,-0.363266146,5.0270648200000005
30.0,-0.36035041199999995,5.03130582
30.0,-0.362906912,5.02894346
30.0,-0.358825114,5.03277532
30.0,-0.361817574,5.03723952
30.0,-0.35691151,5.04066202
30.0,-0.35657203800000004,5.04205712
30.0,-0.35256813200000003,5.0422804
30.0,-0.35256231800000004,5.0419084
30.0,-0.35094053000000003,5.043229200000001
30.0,-0.351379982,5.0401042
30.0,-0.35242397,5.03424484
30.0,-0.355637322,5.03456104
30.0,-0.352882022,5.035900239999999
30.0,-0.354343378,5.03011524
30.0,-0.35575009,5.03242184
30.0,-0.35439685400000004,5.03677452
30.0,-0.350548736,5.03768596
30.0,-0.35647553600000004,5.03190096
30.0,-0.35177408200000004,5.03714644
30.0,-0.35374348199999994,5.03383544
30.0,-0.35846353400000003,5.0331285800000005
30.0,-0.3595238,5.03402142
30.0,-0.35304594,5.0342261
30.0,-0.354853746,5.03255202
30.0,-0.357141696,5.033221719999999
30.0,-0.353080824,5.030357159999999
30.0,-0.352871564,5.02901788
30.0,-0.354165508,5.030506
30.0,-0.357013816,5.0295946
30.0,-0.35360282200000004,5.0272509
30.0,-0.354074826,5.027120720000001
30.0,-0.355541992,5.03251512
30.0,-0.356909178,5.032384840000001
30.0,-0.359806314,5.032384840000001
30.0,-0.363061518,5.0350261
30.0,-0.366691078,5.03841146
30.0,-0.36863606200000004,5.03554682
30.0,-0.368530272,5.03502602
30.0,-0.365950518,5.03411448
30.0,-0.36465657399999996,5.03789054
30.0,-0.36005859399999995,5.03268226
30.0,-0.35581055,5.02838538
30.0,-0.35969075800000005,5.03205726
30.0,-0.358266608,5.037526
30.0,-0.350966804,5.03505208
30.0,-0.353157554,5.03825516
30.0,-0.35692546,5.03916668
30.0,-0.357985028,5.033671880000001
30.0,-0.35851074,5.02768232
30.0,-0.367202148,5.01973952
30.0,-0.36849121399999996,5.023020840000001
30.0,-0.369264322,5.02497396
30.0,-0.36482584599999995,5.03031252
30.0,-0.364153648,5.03812504
30.0,-0.362021488,5.0426824
30.0,-0.36091797200000003,5.039713600000001
30.0,-0.357410488,5.039583339999999
30.0,-0.356980802,5.0358333
30.0,-0.355996098,5.0358333
30.0,-0.34872070600000005,5.04317706
30.0,-0.349189454,5.04239582
30.0,-0.349055988,5.04046876
30.0,-0.347812498,5.04552084
30.0,-0.351490884,5.0373958199999995
30.0,-0.356129556,5.0295833000000005
30.0,-0.356129556,5.035052040000001
30.0,-0.3588737,5.04192704
30.0,-0.365214842,5.03718744
30.0,-0.3627653,5.0414062
30.0,-0.36620280000000005,5.046562440000001
30.0,-0.371290694,5.04328122
30.0,-0.374632976,5.0382031
30.0,-0.37264567,5.037213599999999
30.0,-0.3745874,5.03924484
30.0,-0.3783374,5.0404948
30.0,-0.370607906,5.0418229199999995
30.0,-0.365185542,5.04111978
30.0,-0.360209958,5.04507808
30.0,-0.2987597634,5.0467968800000005
30.0,-0.06540038340000001,5.0419532
30.0,0.3629150486,5.039375
30.0,0.9802197346,5.0425
30.0,1.7891357506000003,5.0388672
30.0,2.70892576,5.0313671200000005
30.0,3.6580663799999997,5.0310546
30.0,4.624824179999999,5.0302734000000004
30.0,5.59224606,5.02843746
30.0,6.55335934,5.03488276
30.0,7.56601562,5.0520703
30.0,8.59070312,5.0637890599999995
30.0,9.60304678,5.08378906
30.0,10.674687299999999,5.1117187600000005
30.0,11.7503905,5.14609376
30.0,12.819765499999999,5.1864063
30.0,13.896328,5.232656260000001
30.0,14.974140599999998,5.27441406
30.0,16.0244532,5.32941408
30.0,17.095937600000003,5.37902346
30.0,18.156562400000002,5.41933592
30.0,19.2159374,5.47054688
30.0,20.2734374,5.52863282
30.0,21.2995312,5.58085936
30.0,22.318593600000003,5.64015628
30.0,23.3523438,5.7076172199999995
30.0,24.3460938,5.77363286
30.0,25.3667188,5.84566412
30.0,26.402656200000003,5.917343819999999
30.0,27.415781399999997,5.9940625
30.0,28.250156399999998,6.06378906
30.0,28.9095314,6.12374998
30.0,29.337656399999997,6.16785158
30.0,29.561875199999996,6.197070340000001
30.0,29.6007812,6.2075391
30.0,29.6,6.21281254
30.0,29.598750000000003,6.2140625
30.0,29.5909374,6.2158203
30.0,29.58625,6.21472654
30.0,29.583125000000003,6.21511718
30.0,29.583125000000003,6.21179684
30.0,29.5867188,6.21093752
30.0,29.5901564,6.20304692
30.0,29.5940626,6.19875004
30.0,29.594844000000002,6.195039100000001
30.0,29.5964064,6.20031256
30.0,29.595625000000002,6.20089848
30.0,29.5953126,6.20058592
30.0,29.5914064,6.20546872
30.0,29.5929688,6.20664058
30.0,29.5945314,6.20292964
30.0,29.592969,6.20781244
30.0,29.5890626,6.218359319999999
30.0,29.586249999999996,6.21558584
30.0,29.590937599999997,6.21480464
30.0,29.592499999999994,6.205820279999999
30.0,29.595624999999995,6.20334638
30.0,29.5995314,6.201783860000001
30.0,29.602344,6.19967454
30.0,29.5921876,6.198112
30.0,29.5890626,6.19459636
30.0,29.5835938,6.19257806
30.0,29.5875,6.19121086
30.0,29.5875,6.19667958
30.0,29.5960938,6.20039052
30.0,29.5960938,6.211914
30.0,29.6007814,6.20917966
30.0,29.5960938,6.21308594
30.0,29.598698000000002,6.2108724
30.0,29.595573,6.21419272
30.0,29.5963542,6.21595052
30.0,29.5908854,6.22083334
30.0,29.601041600000002,6.22259116
30.0,29.604166599999996,6.230924539999999
30.0,29.601041599999995,6.2274088999999995
30.0,29.594010400000002,6.228190100000001
30.0,29.598697800000004,6.22877602
30.0,29.589843600000002,6.22513022
30.0,29.5888018,6.21803384
30.0,29.586458,6.2162760399999994
30.0,29.5929686,6.21328124
30.0,29.5914062,6.2109375
30.0,29.593229200000003,6.2071614
30.0,29.588021000000005,6.20878904
30.0,29.589583600000005,6.2082031
30.0,29.584375,6.20481774
30.0,29.5835938,6.20481774
30.0,29.5867188,6.20110682
30.0,29.590885199999995,6.2042318199999995
30.0,29.593228999999997,6.208723999999999
30.0,29.594270799999997,6.21393232
30.0,29.5960938,6.2059245
30.0,29.5945314,6.21295576
30.0,29.590885800000002,6.2085937399999995
30.0,29.5882814,6.20872392
30.0,29.5953126,6.21497392
30.0,29.5890626,6.22044268
30.0,29.590625,6.21946614
30.0,29.5880206,6.22252602
30.0,29.5921874,6.2216146000000006
30.0,29.592448,6.2174479
30.0,29.5992186,6.22428384
30.0,29.5994792,6.22727864
30.0,29.604427200000003,6.22343748
30.0,29.604427200000003,6.226692659999999
30.0,29.5963542,6.2226562
30.0,29.594791800000003,6.2145182
30.0,29.58125,6.2052734
30.0,29.5804688,6.1979166999999995
30.0,29.5867188,6.194791700000001
30.0,29.590625,6.197721420000001
30.0,29.584375,6.19277348
30.0,29.5953124,6.20039068
30.0,29.596354199999997,6.209244780000001
30.0,29.590104199999995,6.209244780000001
30.0,29.594010400000002,6.21041666
30.0,29.594010400000002,6.2195312199999995
30.0,29.593229199999996,6.2134765000000005
30.0,29.5921874,6.211914
30.0,29.591145599999997,6.21009114
30.0,29.5880206,6.20247394
30.0,29.5984374,6.19752608
30.0,29.5966144,6.197135439999999
30.0,29.595833199999998,6.20247402
30.0,29.5979168,6.20455732
30.0,29.600260600000002,6.21054688
30.0,29.5940106,6.208463480000001
30.0,29.591146200000004,6.20651036
30.0,29.584635600000002,6.19570304
30.0,29.5815106,6.1959634800000005
30.0,29.577604400000002,6.19055986
30.0,29.5765626,6.20045576
30.0,29.576302,6.20579434
30.0,29.5815106,6.214648540000001
30.0,29.575,6.214388100000001
30.0,29.5757812,6.2203126
30.0,29.5747394,6.22005216
30.0,29.5820312,6.224479219999999
30.0,29.5861976,6.22578126
30.0,29.593228999999997,6.22832036
30.0,29.600520799999998,6.23326822
30.0,29.6046876,6.22779946
30.0,29.5994794,6.2296224
30.0,29.597396200000002,6.2275390999999996
30.0,29.6000004,6.2289062600000005
30.0,29.590364799999996,6.2242839
30.0,29.590364799999996,6.2313151399999995
30.0,29.5945312,6.22975264
30.0,29.592448,6.228710940000001
30.0,29.586198000000003,6.22766924
30.0,29.684375,6.227864540000001
30.0,29.9635418,6.245833299999999
30.0,30.4166668,6.282552040000001
30.0,31.0921876,6.33632812
30.0,32.0036458,6.40950526
30.0,33.0536462,6.493619820000001
30.0,34.1286458,6.5889323200000005
30.0,35.2296876,6.67903644
30.0,36.3520836,6.7822916200000005
30.0,37.4416672,6.874479119999999
30.0,38.51666720000001,6.9710937600000005
30.0,39.6104172,7.06250002
30.0,40.7166672,7.151562520000001
30.0,41.81875,7.224479220000001
30.0,42.9604164,7.32083332
30.0,44.112499199999995,7.41640618
30.0,45.2833328,7.48802072
30.0,46.499999200000005,7.55494786
30.0,47.697916400000004,7.626041600000001
30.0,48.88125,7.6692708
30.0,50.0375,7.7140625
30.0,51.2020836,7.747656259999999
30.0,52.3416672,7.8015625
30.0,53.4979172,7.8416667
30.0,54.64583359999999,7.883333400000001
30.0,55.791667200000006,7.920052200000001
30.0,56.90625,7.96276054
30.0,57.89583359999999,7.977083400000001
30.0,58.6479164,7.9968751
30.0,59.1791664,8.0096356
30.0,59.50833279999999,8.007291799999999
30.0,59.610416400000005,8.0153648
30.0,59.6041664,8.0192712
30.0,59.6,8.0169274
30.0,59.596875,8.014453399999999
30.0,59.59479220000001,8.026432499999999
30.0,59.5968758,8.0347657
30.0,59.6031258,8.037630099999998
30.0,59.6052094,8.044140500000001
30.0,59.6125008,8.0429685
30.0,59.6145836,8.035416600000001
30.0,59.6125,8.0257812
30.0,59.6041664,8.027864600000001
30.0,59.6041664,8.0289062
30.0,59.6083336,8.035416600000001
30.0,59.6083336,8.038281000000001
30.0,59.6083336,8.035677
30.0,59.6145836,8.0377604
30.0,59.609375,8.0375
30.0,59.605207799999995,8.030208400000001
30.0,59.605207799999995,8.035937700000002
30.0,59.607291399999994,8.046614600000002
30.0,59.607291399999994,8.039322799999999
30.0,59.6166664,8.038541599999999
30.0,59.60625,8.0526041
30.0,59.597917200000005,8.0424478
30.0,59.5979172,8.0414062
30.0,59.59479219999999,8.049739599999999
30.0,59.5906258,8.053385500000001
30.0,59.6031258,8.046093899999999
30.0,59.609375799999995,8.055208400000001
30.0,59.61145859999999,8.0526043
30.0,59.61145859999999,8.0588543
30.0,59.615625,8.0546875
30.0,59.611458600000006,8.0614582
30.0,59.61770859999999,8.0567707
30.0,59.6229172,8.0554685
30.0,59.6218758,8.0458331
30.0,59.613542200000005,8.0453124
30.0,59.62083359999999,8.043489600000001
30.0,59.622916399999994,8.0445314
30.0,59.615625,8.0500002
30.0,59.6197914,8.0497397
30.0,59.628125,8.0515625
30.0,59.625,8.049739599999999
30.0,59.6145836,8.046614600000002
30.0,59.61875,8.0411458
30.0,59.6166664,8.042187600000002
30.0,59.6125,8.0398439
30.0,59.6,8.0322918
30.0,59.6020836,8.036979300000002
30.0,59.59375,8.038802200000001
30.0,59.595833600000006,8.0445313
30.0,59.6020836,8.0450522
30.0,59.6125,8.0526043
30.0,59.607291399999994,8.059114600000001
30.0,59.615625,8.0565105
30.0,59.613541399999995,8.0505209
30.0,59.614582799999994,8.05625
30.0,59.6166664,8.0598957
30.0,59.62395779999999,8.047656100000001
30.0,59.614582799999994,8.0421873
30.0,59.6125,8.044531
30.0,59.603125,8.042187299999998
30.0,59.603125,8.0385416
30.0,59.603125,8.0458334
30.0,59.61875,8.053645999999999
30.0,59.622916399999994,8.051562800000001
30.0,59.6270828,8.046354400000002
30.0,59.62395779999999,8.0513023
30.0,59.621875,8.0500001
30.0,59.61875,8.0453125
30.0,59.622916399999994,8.046875
30.0,59.625,8.048698000000002
30.0,59.628125,8.049479200000002
30.0,59.630207799999994,8.050781400000002
30.0,59.620832799999995,8.062500199999999
30.0,59.61458280000001,8.0697918
30.0,59.61458280000001,8.0696616
30.0,59.61666640000001,8.0634116
30.0,59.6145836,8.0686198
30.0,59.620833600000005,8.072526
30.0,59.629167200000005,8.069401000000001
30.0,59.62604220000001,8.072135300000001
30.0,59.621875,8.0783853
30.0,59.629166399999995,8.0757812
30.0,59.63125,8.067708399999999
30.0,59.62083359999999,8.0625
30.0,59.62083359999999,8.0648437
30.0,59.625000799999995,8.0617187
30.0,59.6281258,8.048828
30.0,59.623958599999995,8.0524737
30.0,59.61875,8.0576821
30.0,59.621875,8.051692499999998
30.0,59.6166664,8.048567499999999
30.0,59.6166664,8.060937299999999
30.0,59.61875,8.0497394
30.0,59.628125,8.0473956
30.0,59.628125,8.0536456
30.0,59.6375,8.056770599999998
30.0,59.6375,8.0499999
30.0,59.628125,8.0601562
30.0,59.6239586,8.0677084
30.0,59.6333336,8.060416800000002
30.0,59.627083600000006,8.067187700000002
30.0,59.627083600000006,8.073698
30.0,59.634375,8.0632814
30.0,59.638541399999994,8.057291799999998
30.0,59.629166399999995,8.0635418
30.0,59.6260414,8.0528647
30.0,59.621875,8.0552085
30.0,59.620833600000005,8.0632814
30.0,59.6239586,8.0585938
30.0,59.62604220000001,8.0596354
30.0,59.62604220000001,8.063541599999999
30.0,59.621875,8.0625
30.0,59.625,8.0695312
30.0,59.623958599999995,8.071875
30.0,59.61875,8.0731772
30.0,59.7760414,8.0773438
30.0,60.140625,8.072135399999999
30.0,60.69479140000001,8.085676999999999
30.0,61.458332799999994,8.116145799999998
30.0,62.36770779999999,8.136458199999998
30.0,63.3343742,8.165625
30.0,64.2843742,8.2109375
30.0,65.221875,8.2338543
30.0,66.1375,8.261198000000002
30.0,67.09375,8.300260600000001
30.0,67.97291720000001,8.320052200000001
30.0,68.6729172,8.3419272
30.0,69.1895828,8.3486979
30.0,69.5145828,8.3486979
30.0,69.66458279999999,8.344791599999999
30.0,69.6708328,8.3408854
30.0,69.6708328,8.3330729
30.0,69.675,8.3351563
30.0,69.68125,8.340625
30.0,69.68125,8.3411459
30.0,69.68125,8.344270900000001
30.0,69.675,8.344270900000001
30.0,69.6708328,8.34375
30.0,69.66458279999999,8.3398438
30.0,69.6604156,8.3330729
30.0,69.6604156,8.3377603
30.0,69.6666656,8.3354165
30.0,69.6708328,8.3322915
30.0,69.66458279999999,8.3252603
30.0,69.66875,8.327604
30.0,69.6708328,8.326822799999999
30.0,69.6708328,8.329166599999999
30.0,69.66458279999999,8.3421875
30.0,69.6729156,8.3414062
30.0,69.6729156,8.346875
30.0,69.6770828,8.3458334
30.0,69.68333279999999,8.3473959
30.0,69.6895828,8.336458400000001
30.0,69.6854172,8.346875
30.0,69.6729172,8.3359375
30.0,69.6729172,8.335416599999999
30.0,69.6666672,8.3364582
30.0,69.6666672,8.3442707
30.0,69.675,8.3385416
30.0,69.6708328,8.3541666
30.0,69.6708328,8.3533853
30.0,69.66458279999999,8.34375
30.0,69.6604156,8.3375
30.0,69.65416559999998,8.3398438
30.0,69.66458279999999,8.3367188
30.0,69.66458279999999,8.3354167
30.0,69.6708328,8.3354167
30.0,69.675,8.340104199999999
30.0,69.68125,8.345572899999999
30.0,69.69166720000001,8.331510399999999
30.0,69.69166720000001,8.3335938
30.0,69.69166720000001,8.334375
30.0,69.6833344,8.344270900000001
30.0,69.6833344,8.3388022
30.0,69.6729172,8.341146
30.0,69.6645844,8.338021000000001
30.0,69.6645844,8.347396
30.0,69.6666672,8.3289063
30.0,69.6666672,8.3296875
30.0,69.66875,8.3351562
30.0,69.6770828,8.337499900000001
30.0,69.6708328,8.3281249
30.0,69.6729156,8.3330728
30.0,69.6791656,8.334635299999999
30.0,69.6770828,8.340104
30.0,69.6708328,8.344010299999999
30.0,69.67291559999998,8.3528644
30.0,69.6770828,8.357291499999999
35.0,55.84729764,8.6010415
40.0,42.02962186,8.8540549
45.0,28.21052309,9.127939
50.0,14.38903925,9.3906995
55.0,0.564541478,9.6309899
55.0,0.565434338,9.6515256
55.0,0.56750139,9.644606
55.0,0.57285854,9.6421504
55.0,0.5733561199999999,9.6247768
55.0,0.576760142,9.624590600000001
55.0,0.580331562,9.6127602
55.0,0.57882254,9.606063599999999
55.0,0.57746,9.5825517
55.0,0.5788271899999999,9.5954982
55.0,0.5763857800000001,9.6026038
55.0,0.573711872,9.596502599999999
55.0,0.5737118720000001,9.602976000000002
55.0,0.573260782,9.5976935
55.0,0.5727469119999999,9.6138394
55.0,0.5714215819999999,9.6075894
55.0,0.56738512,9.6074406
55.0,0.56210703,9.6180804
55.0,0.56011206,9.630357
55.0,0.5616164400000001,9.6164432
55.0,0.567710658,9.625223100000001
55.0,0.5733049680000001,9.6107143
55.0,0.5783040479999999,9.6181549
55.0,0.580147888,9.6163692
55.0,0.5792829279999999,9.601414
55.0,0.5731608,9.5919647
55.0,0.5661504799999999,9.6074035
55.0,0.56979166,9.5855285
55.0,0.5707240400000001,9.580841000000001
55.0,0.5684895799999999,9.58471
55.0,0.570568272,9.592299
55.0,0.577104262,9.593378
55.0,0.571589002,9.5999999
55.0,0.567515342,9.605133900000002
55.0,0.568773242,9.6162201
55.0,0.56985443,9.608705400000002
55.0,0.570175294,9.599776799999999
55.0,0.5717145539999999,9.5920387
55.0,0.572040082,9.5944569
55.0,0.5705612879999999,9.5808407
55.0,0.573637468,9.5908108
55.0,0.571305354,9.602046
55.0,0.573607246,9.5975818
55.0,0.57954567,9.581324200000001
55.0,0.584698204,9.584895800000002
55.0,0.580764044,9.5826638
55.0,0.580766364,9.573214400000001
55.0,0.5758021720000001,9.581771
55.0,0.5760672400000001,9.582887
55.0,0.568403552,9.585342399999998
55.0,0.56784552,9.5773438
55.0,0.56820824,9.577566999999998
55.0,0.5656529,9.5745908
55.0,0.5586681600000001,9.5728052
55.0,0.560202748,9.563653200000001
55.0,0.5601887999999999,9.5602678
55.0,0.5567801299999999,9.559598099999999
55.0,0.56036551,9.5524553
55.0,0.56216051,9.563392799999999
55.0,0.559549378,9.555245600000001
55.0,0.557582298,9.563951
55.0,0.561800128,9.5612725
55.0,0.5652459999999999,9.5750372
55.0,0.55822174,9.5710193
55.0,0.562981312,9.5724703
55.0,0.5631557,9.5590774
55.0,0.5615932,9.5552828
55.0,0.562862728,9.548214300000001
55.0,0.5693777879999999,9.5522322
55.0,0.572474894,9.553348199999999
55.0,0.570633372,9.568750099999999
55.0,0.571282082,9.5622023
55.0,0.564369412,9.5702383
55.0,0.564892572,9.5606402
55.0,0.5625534719999999,9.553906600000001
55.0,0.565308786,9.5536832
55.0,0.562509316,9.535193799999998
55.0,0.5688918519999999,9.5546132
55.0,0.5662690840000001,9.5649926
55.0,0.5632580180000001,9.5767114
55.0,0.557184718,9.5615329
55.0,0.558616998,9.6055432
55.0,0.5551990320000001,9.5783112
55.0,0.5618071,9.575707
55.0,0.56556686,9.569457
55.0,0.57215866,9.5793529
55.0,0.5755603600000001,9.565029999999998
55.0,0.5763020799999999,9.563021
55.0,0.57081706,9.5562502
55.0,0.57042644,9.569791799999999
55.0,0.56703126,9.581458399999999
55.0,0.5668359479999999,9.5838022
55.0,0.5675520959999999,9.569479399999999
55.0,0.5679427159999999,9.573906500000001
55.0,0.562897142,9.575469000000002
55.0,0.565846356,9.5789065
55.0,0.564055988,9.6106772
55.0,0.56508138,9.6036459
55.0,0.56360678,9.590625
55.0,0.5661946739999999,9.5877603
55.0,0.564827486,9.5758854
55.0,0.56437176,9.5469791
55.0,0.5638834800000001,9.5605207
55.0,0.566643888,9.586301899999999
55.0,0.5714648400000001,9.578854100000001
55.0,0.569804684,9.5741665
55.0,0.5697884,9.5905728
55.0,0.569749332,9.6024477
55.0,0.568004544,9.5863539
55.0,0.5649967379999999,9.5872914
55.0,0.564726568,9.5913539
55.0,0.563362638,9.5812498
55.0,0.5647103,9.546562400000001
55.0,0.56822593,9.570625000000001
55.0,0.568011084,9.572187500000002
55.0,0.570566412,9.5365624
55.0,0.5721289119999999,9.515937399999999
55.0,0.56525391,9.5403124
55.0,0.5764648400000001,9.525
55.0,0.72580076,9.5271876
55.0,1.065156232,9.548125200000001
55.0,1.589980452,9.573125200000002
55.0,2.30738282,9.5662502
55.0,3.20406248,9.544375200000001
55.0,4.17957026,9.5340626
55.0,5.184296819999999,9.535
55.0,6.19851552,9.521718799999999
55.0,7.21546872,9.5592188
55.0,8.256874999999999,9.6132812
55.0,9.312031399999999,9.6773438
55.0,10.3446096,9.7848439
55.0,11.3860159,9.9275001
55.0,12.460078300000001,10.069062500000001
55.0,13.528203299999998,10.212499900000001
55.0,14.5807031,10.411249799999998
55.0,15.639999900000001,10.6465623
55.0,16.7296874,10.8271873
55.0,17.7926562,11.082734299999998
55.0,18.847656,11.328359500000001
55.0,19.897656,11.562343799999999
55.0,20.932656,11.763593799999999
55.0,21.9281248,12.034843799999999
55.0,22.925156,12.2652344
55.0,23.9214062,12.550546800000001
55.0,24.9335938,12.816875
55.0,25.966250000000002,13.114687499999999
55.0,27.008906200000002,13.4274999
55.0,27.94625,13.7064843
55.0,28.675156199999996,13.9295311
55.0,29.1882812,14.106406099999997
55.0,29.4882812,14.225937399999998
55.0,29.5776562,14.2642968
55.0,29.5821872,14.2787499
55.0,29.5915622,14.274453099999999
55.0,29.583437200000002,14.2550781
55.0,29.583906000000002,14.214921899999998
55.0,29.590156,14.210625099999998
55.0,29.5903124,14.180546999999999
55.0,29.5817186,14.184453199999998
55.0,29.5903124,14.221953199999998
55.0,29.5921874,14.2441406
55.0,29.589843600000002,14.2503906
55.0,29.5921874,14.2785156
55.0,29.5898438,14.2773438
55.0,29.584375,14.2617188
55.0,29.5859374,14.276171999999999
55.0,29.584531199999997,14.2696096
55.0,29.582968599999997,14.2602346
55.0,29.594687399999998,14.2539846
55.0,29.595468599999997,14.260625199999998
55.0,29.593124999999997,14.265312599999998
55.0,29.5929688,14.2613282
55.0,29.5890626,14.2773438
55.0,29.584375,14.2886719
55.0,29.5882812,14.2941407
55.0,29.5843748,14.2636719
55.0,29.5898434,14.2664062
55.0,29.586718400000002,14.2886718
55.0,29.5906246,14.3101561
55.0,29.591145400000006,14.3121092
55.0,29.5919268,14.3203124
55.0,29.5919268,14.3328124
55.0,29.600520600000003,14.3203124
55.0,29.597395600000006,14.2898438
55.0,29.5906248,14.2792969
55.0,29.591406,14.2863281
55.0,29.589843600000002,14.2691406
55.0,29.5867186,14.2457032
55.0,29.5828124,14.259375
55.0,29.5867188,14.2691406
55.0,29.5898438,14.2820312
55.0,29.588801999999998,14.2851562
55.0,29.5911458,14.305078
55.0,29.600520799999998,14.294140500000001
55.0,29.604426999999998,14.2914061
55.0,29.597135200000004,14.281380200000001
55.0,29.597395800000005,14.2946614
55.0,29.5966144,14.2618489
55.0,29.5966144,14.256119799999999
55.0,29.588020600000004,14.268229199999999
55.0,29.5960936,14.257942700000001
55.0,29.586458,14.2660156
55.0,29.582551799999997,14.2859375
55.0,29.5794268,14.3026041
55.0,29.583853799999996,14.2960938
55.0,29.585416399999996,14.278125
55.0,29.595833200000005,14.2407553
55.0,29.5960938,14.247916800000002
55.0,29.6,14.257682400000002
55.0,29.6010418,14.2467449
55.0,29.6010418,14.2623699
55.0,29.5971356,14.286197999999999
55.0,29.601301999999997,14.261198000000002
55.0,29.595833199999998,14.252604200000002
55.0,29.5895832,14.263020799999998
55.0,29.585676999999997,14.273176999999999
55.0,29.584375,14.265885399999998
55.0,29.584635600000002,14.279036300000001
55.0,29.5882814,14.273176999999999
55.0,29.5937502,14.275130200000001
55.0,29.5994794,14.2864584
55.0,29.6031252,14.2738281
55.0,29.597656399999998,14.2757813
55.0,29.594792,14.2507813
55.0,29.5986982,14.2498697
55.0,29.5968752,14.2209635
55.0,29.6046876,14.245572899999999
55.0,29.6109376,14.2565104
55.0,29.6085938,14.2653645
55.0,29.5992188,14.2617188
55.0,29.5976562,14.296875
55.0,29.5945312,14.278125
55.0,29.5976562,14.271875
55.0,29.5984374,14.2864584
55.0,29.6036456,14.2713541
55.0,29.599739399999997,14.2471353
55.0,29.604947599999996,14.272135299999999
55.0,29.598697599999998,14.2653644
55.0,29.597916399999995,14.253645599999999
55.0,29.601041399999996,14.253645600000002
55.0,29.6020832,14.266406
55.0,29.5921876,14.2742185
55.0,29.588020800000002,14.2575519
55.0,29.5890626,14.284895699999998
55.0,29.584896200000003,14.2921875
55.0,29.588541799999994,14.2911459
55.0,29.588020999999998,14.272916799999999
55.0,29.594271000000003,14.3031252
55.0,29.594791599999997,14.2914064
55.0,29.5906248,14.2898439
55.0,29.590104200000003,14.283073000000002
55.0,29.593229199999996,14.2841146
55.0,29.591146000000002,14.2851562
55.0,29.595833600000002,14.2942709
55.0,29.5979168,14.284375
55.0,29.595833199999998,14.291666800000002
55.0,29.595833199999998,14.2609377
55.0,29.592708199999997,14.2449221
55.0,29.585416399999996,14.245442800000001
55.0,29.586458200000003,14.2511719
55.0,29.5833332,14.2652344
55.0,29.669791399999998,14.303776
55.0,29.9427082,14.384375
55.0,30.4140624,14.5321616
55.0,31.100521000000004,14.7743491
55.0,31.983854200000003,15.095703199999999
55.0,32.9984378,15.4441407
55.0,34.041146000000005,15.808724100000001
55.0,35.0875,16.152604099999998
55.0,36.14375,16.4796875
55.0,37.21875,16.809375
55.0,38.321354,17.1851562
55.0,39.477604,17.5622394
55.0,40.6505212,17.9226562
55.0,41.827603999999994,18.3070312
55.0,43.008854,18.6507812
55.0,44.1729164,18.9520832
55.0,45.3270828,19.225
55.0,46.52083280000001,19.471875
55.0,47.7041664,19.630208200000002
55.0,48.891666400000005,19.7927082
55.0,50.0541664,20.0010418
55.0,51.20625,20.171875
55.0,52.325,20.3625
55.0,53.45625,20.5770836
55.0,54.5875,20.7052086
55.0,55.71875,20.79375
55.0,56.8229164,20.9125
55.0,57.8249992,21.008333200000003
55.0,58.5979156,21.0812496
55.0,59.1541656,21.1697914
55.0,59.489582,21.2166664
55.0,59.614582,21.239583200000002
55.0,59.610415599999996,21.2541668
55.0,59.610415599999996,21.235416800000003
55.0,59.6041656,21.265625
55.0,59.6062492,21.28125
55.0,59.60833279999999,21.283333199999998
55.0,59.6166664,21.2927082
55.0,59.6145836,21.304166799999997
55.0,59.6187508,21.2875
55.0,59.625000799999995,21.315625
55.0,59.6218758,21.3171876
55.0,59.6218758,21.3067708
55.0,59.619792200000006,21.3161458
55.0,59.61979219999999,21.3255208
55.0,59.62604219999999,21.3359376
55.0,59.6291672,21.3791668
55.0,59.63125,21.3947918
55.0,59.6354164,21.4541668
55.0,59.636457799999995,21.4989586
55.0,59.6281242,21.525000400000003
55.0,59.636457799999995,21.4989586
55.0,59.634375,21.510416799999998
55.0,59.640625,21.5197918
55.0,59.641666400000005,21.4989586
55.0,59.64375,21.4885418
55.0,59.6375,21.4875
55.0,59.6375,21.469791800000003
55.0,59.635417200000006,21.4666668
55.0,59.629167200000005,21.478125
55.0,59.63229220000001,21.4734374
55.0,59.634375,21.494271
55.0,59.630207799999994,21.519271
55.0,59.630207799999994,21.500521
55.0,59.6322914,21.496354200000003
55.0,59.6260414,21.4885418
55.0,59.626041400000005,21.4645832
55.0,59.6260414,21.4614582
55.0,59.6260414,21.4656246
55.0,59.622916399999994,21.4510414
55.0,59.621875,21.4822914
55.0,59.619792200000006,21.508333200000003
55.0,59.619792200000006,21.492708200000003
55.0,59.6145836,21.4734374
55.0,59.615625,21.5244792
55.0,59.621875,21.5015624
55.0,59.6197914,21.5338542
55.0,59.628125,21.5416666
55.0,59.627083600000006,21.559896000000002
55.0,59.625000799999995,21.540104200000002
55.0,59.622917199999996,21.5432292
55.0,59.6135422,21.540625
55.0,59.60520859999999,21.5557294
55.0,59.613541399999995,21.558854399999998
55.0,59.61770779999999,21.5682294
55.0,59.61770779999999,21.5838544
55.0,59.629166399999995,21.5552086
55.0,59.63125,21.5822918
55.0,59.6302086,21.621875
55.0,59.628125,21.5958332
55.0,59.628125,21.596875
55.0,59.622916399999994,21.584895600000003
55.0,59.620832799999995,21.553645600000003
55.0,59.6197914,21.5130206
55.0,59.625,21.5218748
55.0,59.620833600000005,21.4999998
55.0,59.6239586,21.4984374
55.0,59.6239586,21.5078124
55.0,59.6260414,21.5026042
55.0,59.629166399999995,21.521354199999998
55.0,59.63333279999999,21.5307292
55.0,59.6312492,21.544271000000002
55.0,59.633332800000005,21.534896
55.0,59.6270828,21.566146
55.0,59.630207799999994,21.5677086
55.0,59.6322914,21.565625400000002
55.0,59.6302086,21.5593754
55.0,59.6302086,21.570313
55.0,59.6218758,21.5442712
55.0,59.609375799999995,21.5380212
55.0,59.607292199999996,21.5161462
55.0,59.615625,21.5005212
55.0,59.615625,21.4677086
55.0,59.6260414,21.4895836
55.0,59.6322914,21.456771
55.0,59.630207799999994,21.4921874
55.0,59.622916399999994,21.488020600000002
55.0,59.622916399999994,21.5213538
55.0,59.625,21.529687000000003
55.0,59.63125,21.5515622
55.0,59.6375,21.519270799999997
55.0,59.640625,21.5520832
55.0,59.646875,21.578125
55.0,59.644791399999995,21.5354168
55.0,59.6354164,21.5203124
55.0,59.634375,21.520833000000003
55.0,59.63854140000001,21.550520600000002
55.0,59.63229140000001,21.4989582
55.0,59.634375,21.4947914
55.0,59.640625,21.534895799999997
55.0,59.63541640000001,21.5875002
55.0,59.629166399999995,21.552083399999997
55.0,59.6322914,21.5880208
55.0,59.6343742,21.5817708
55.0,59.6218742,21.5489582
55.0,59.7677078,21.5104164
55.0,60.10104140000001,21.539583200000003
55.0,60.594791400000005,21.5286458
55.0,61.278125,21.6390626
55.0,62.1875,21.7406252
55.0,63.135417200000006,21.856250199999998
55.0,64.0604172,21.9406252
55.0,65.021875,22.055729399999997
55.0,65.971875,22.107291999999998
55.0,66.89375,22.168229399999998
55.0,67.80833279999999,22.243229399999997
55.0,68.55625,22.3182294
55.0,69.0916672,22.3796876
55.0,69.4583344,22.427083200000002
55.0,69.6395844,22.4661458
55.0,69.6375016,22.4380208
55.0,69.63958439999999,22.4536458
55.0,69.6500016,22.4505208
55.0,69.6520844,22.44375
55.0,69.6458344,22.4390624
55.0,69.64583440000001,22.458854199999998
55.0,69.64583440000001,22.4369792
55.0,69.6416672,22.4296874
55.0,69.64791720000001,22.453125
55.0,69.66041720000001,22.45625
55.0,69.6604172,22.459375
55.0,69.66041720000001,22.484375
55.0,69.66458440000001,22.494791799999998
55.0,69.66458440000001,22.4651042
55.0,69.6520844,22.4713542
55.0,69.64791720000001,22.456770600000002
55.0,69.64791720000001,22.461458
55.0,69.65208279999999,22.452083000000002
55.0,69.6395828,22.4380206
55.0,69.6395828,22.444270600000003
55.0,69.6395828,22.4359374
55.0,69.6395828,22.43125
55.0,69.63125,22.4510418
55.0,69.6375,22.476041799999997
55.0,69.65,22.4729168
55.0,69.6541672,22.496875
55.0,69.6541672,22.4640624
55.0,69.6541672,22.4380206
55.0,69.65625,22.4546874
55.0,69.64375,22.4234374
55.0,69.6395828,22.411979199999998
55.0,69.63333279999999,22.403125
55.0,69.6395828,22.4015624
55.0,69.6395828,22.3796874
55.0,69.6395828,22.3984374
55.0,69.6395828,22.4140624
55.0,69.6479156,22.4401042
55.0,69.6416656,22.4213542
55.0,69.6395828,22.4421874
55.0,69.64375,22.425520600000002
55.0,69.65625,22.414583
55.0,69.6541672,22.405208000000002
55.0,69.6583344,22.4661456
55.0,69.6520844,22.4677082
55.0,69.6541672,22.465625
55.0,69.6416672,22.488020799999997
55.0,69.6416672,22.4927082
55.0,69.6375,22.4895832
55.0,69.64375,22.467708
55.0,69.6458328,22.4749998
55.0,69.65208279999999,22.432291600000003
55.0,69.6458328,22.4432292
55.0,69.6458328,22.4265624
55.0,69.6395828,22.41875
55.0,69.63125,22.4114582
55.0,69.62916720000001,22.420833199999997
55.0,69.6416672,22.405208199999997
55.0,69.6354172,22.390625
55.0,69.6416672,22.3953126
55.0,69.6416672,22.4182294
55.0,69.65,22.3994794
55.0,69.64375,22.4182294
55.0,69.65,22.421354400000002
55.0,69.64375,22.4458336
55.0,69.65,22.4307292
55.0,69.6375,22.4619792
55.0,69.63125,22.4385418
55.0,69.6354172,22.4375
55.0,69.6354172,22.411458200000002
55.0,69.6354172,22.4520834
55.0,69.6416672,22.459896
55.0,69.6458344,22.4760416
55.0,69.6416672,22.484895799999997
55.0,69.64791720000001,22.4895832
55.0,69.64791720000001,22.442708
55.0,69.64583440000001,22.4380204
55.0,69.64791720000001,22.4562496
55.0,69.6541672,22.4421872
55.0,69.6541672,22.440624800000002
55.0,69.64375,22.4244792
55.0,69.6395828,22.435416800000002
55.0,69.6395828,22.401042
55.0,69.63333279999999,22.440104400000003
55.0,69.6270828,22.4432294
55.0,69.6395828,22.456770799999997
55.0,69.6395828,22.4473956
55.0,69.63333279999999,22.4473956
55.0,69.6395828,22.434895599999997
55.0,69.6395828,22.423958199999998
55.0,69.6395828,22.421875
55.0,69.6458328,22.4140626
55.0,69.65208279999999,22.4421874
55.0,69.6458328,22.446875
55.0,69.6458328,22.453125
55.0,69.64375,22.425
55.0,69.6416672,22.4375
55.0,69.6416672,22.3984376
55.0,69.6416672,22.3984376
55.0,69.6416672,22.3984376
55.0,69.6354172,22.4328126
55.0,69.6375,22.4421876
55.0,69.63125,22.4781252
55.0,69.63125,22.4468752
55.0,69.63125,22.4375
55.0,69.63125,22.45625
55.0,69.625,22.434375
55.0,69.625,22.421875
51.0,55.81523437999999,18.766406240000002
47.0,42.00553386,15.098632900000002
43.0,28.19454056,11.40337618
39.0,14.38541668,7.72737168
35.0,0.575667328,4.04293148
35.0,0.5722772620000001,4.0361235
35.0,0.568557022,4.03631884
35.0,0.570500842,4.0362630600000005
35.0,0.5691476019999999,4.03860676
35.0,0.5687407039999999,4.03627236
35.0,0.571154202,4.0308408
35.0,0.574069942,4.0372581400000005
35.0,0.573200342,4.0395461
35.0,0.573342172,4.04022516
35.0,0.5687523280000001,4.042903699999999
35.0,0.565976096,4.04666108
35.0,0.5631347659999999,4.04414994
35.0,0.5587890600000001,4.047888680000001
35.0,0.557531164,4.04715388
35.0,0.558865798,4.0500649399999995
35.0,0.558977404,4.048725660000001
35.0,0.5640090259999999,4.04995334
35.0,0.568231492,4.045879739999999
35.0,0.5705891879999999,4.0468842800000004
35.0,0.569910242,4.04441968
35.0,0.569010416,4.04304318
35.0,0.564085744,4.043489599999999
35.0,0.5670549640000001,4.0434338
35.0,0.563334734,4.04446612
35.0,0.5690964519999999,4.04496832
35.0,0.574711686,4.04919082
35.0,0.576378826,4.043545320000001
35.0,0.5714960060000001,4.039025220000001
35.0,0.573025946,4.040838819999999
35.0,0.5711821140000001,4.0370069200000005
35.0,0.5666062199999999,4.032933320000001
35.0,0.569431272,4.03511898
35.0,0.570042792,4.03774178
35.0,0.570531072,4.032328860000001
35.0,0.5694312719999999,4.0378907
35.0,0.574104822,4.03748144
35.0,0.57088217,4.039490460000001
35.0,0.568457038,4.039490460000001
35.0,0.570003266,4.04693086
35.0,0.568496566,4.04029022
35.0,0.56393463,4.039248519999999
35.0,0.565845896,4.04221544
35.0,0.5693336139999999,4.042717639999999
35.0,0.567313052,4.03901604
35.0,0.569773066,4.0455636
35.0,0.5713634599999999,4.04573096
35.0,0.570107874,4.04287562
35.0,0.569907908,4.03709998
35.0,0.565806342,4.03470048
35.0,0.5670014680000001,4.02949218
35.0,0.56717354,4.02834826
35.0,0.56555524,4.02879468
35.0,0.5656854600000001,4.0358538799999994
35.0,0.56952894,4.032319660000001
35.0,0.57028229,4.0341054
35.0,0.57312361,4.03926726
35.0,0.57484189,4.04434538
35.0,0.57442335,4.0421132
35.0,0.57521157,4.0452010000000005
35.0,0.5741419999999999,4.0471913
35.0,0.5713099739999999,4.042559560000001
35.0,0.571907554,4.038597560000001
35.0,0.5710402940000001,4.04360128
35.0,0.574528026,4.04499632
35.0,0.571886658,4.04719122
35.0,0.571503004,4.047898120000001
35.0,0.567401438,4.05013026
35.0,0.566727138,4.04869796
35.0,0.563460306,4.05059528
35.0,0.565232066,4.04752608
35.0,0.5656157199999999,4.04598218
35.0,0.566808516,4.04152718
35.0,0.566773636,4.04013208
35.0,0.5680594360000001,4.04013208
35.0,0.568619792,4.0456939
35.0,0.566457406,4.05133002
35.0,0.566799202,4.0541108800000005
35.0,0.567508382,4.055766419999999
35.0,0.562723222,4.0543713
35.0,0.560530604,4.04908852
35.0,0.5623907220000001,4.04538692
35.0,0.558400764,4.04309892
35.0,0.559100624,4.041601460000001
35.0,0.562119824,4.045079899999999
35.0,0.5617989600000001,4.0471445600000004
35.0,0.5584216740000001,4.04675394
35.0,0.5681245260000001,4.053878259999999
35.0,0.567719954,4.05221358
35.0,0.5671421640000001,4.05286462
35.0,0.568141978,4.04729368
35.0,0.5668398979999999,4.05224154
35.0,0.560394578,4.05041862
35.0,0.56052245,4.05436202
35.0,0.56044106,4.0477865600000005
35.0,0.55996906,4.0534506200000004
35.0,0.566764308,4.05188812
35.0,0.5685709480000001,4.0563411799999995
35.0,0.569889308,4.05380212
35.0,0.566341148,4.062981779999999
35.0,0.563948568,4.06109366
35.0,0.56387044,4.062916599999999
35.0,0.563707688,4.06041664
35.0,0.563173836,4.06003898
35.0,0.5641829360000001,4.05443998
35.0,0.565013016,4.05828122
35.0,0.5623958360000001,4.05812502
35.0,0.5629101479999999,4.055859379999999
35.0,0.5618814999999999,4.05545578
35.0,0.56419271,4.05649748
35.0,0.563974602,4.0559245200000005
35.0,0.559404282,4.055455719999999
35.0,0.5586946620000001,4.05707026
35.0,0.5588248819999999,4.05833318
35.0,0.5618522240000001,4.05677068
35.0,0.559840512,4.0595832000000005
35.0,0.562145192,4.0564582
35.0,0.5628157519999999,4.05289054
35.0,0.561920572,4.05325514
35.0,0.5598274719999999,4.05794264
35.0,0.560804032,4.04833324
35.0,0.56242514,4.0545832399999995
35.0,0.5635189,4.05552078
35.0,0.6494922,4.05843752
35.0,0.930638028,4.0593489400000005
35.0,1.412141948,4.0673958
35.0,2.0853646,4.06770828
35.0,2.92044272,4.06177072
35.0,3.87575518,4.06622378
35.0,4.8444531,4.07015606
35.0,5.820624959999999,4.06968734
35.0,6.80593746,4.06312486
35.0,7.8328124599999995,4.0715623800000005
35.0,8.87875,4.06484368
35.0,9.931875,4.06531248
35.0,10.997499999999999,4.071406260000001
35.0,12.065546799999998,4.08453126
35.0,13.1255468,4.0846874799999995
35.0,14.1630468,4.09781252
35.0,15.216171800000001,4.097656259999999
35.0,16.2899218,4.1071874799999994
35.0,17.348125,4.1245702799999995
35.0,18.404375,4.159882820000001
35.0,19.486249800000003,4.202539079999999
35.0,20.5193748,4.2981641
35.0,21.499374800000002,4.498789159999999
35.0,22.5162498,4.83734384
35.0,23.537031,5.309687599999999
35.0,24.5351562,5.85062508
35.0,25.5703124,6.38128912
35.0,26.6190624,6.82503912
35.0,27.601406200000003,7.146836039999999
35.0,28.4062502,7.332617279999999
35.0,29.005937799999998,7.442148499999999
35.0,29.383281599999997,7.5047657
35.0,29.560312800000002,7.547617220000001
35.0,29.574219,7.562382820000001
35.0,29.569375,7.56019532
35.0,29.5678124,7.548789080000001
35.0,29.569375,7.54046876
35.0,29.569375,7.5394922
35.0,29.575,7.53355474
35.0,29.5757812,7.536679739999999
35.0,29.571875,7.5320703600000005
35.0,29.5684374,7.53523448
35.0,29.5739062,7.528593839999999
35.0,29.573124999999997,7.526601619999999
35.0,29.572187399999997,7.521132880000001
35.0,29.575312399999994,7.52542976
35.0,29.573281199999997,7.541210959999999
35.0,29.568593599999996,7.5324219
35.0,29.571718599999997,7.52128908
35.0,29.5754688,7.52378904
35.0,29.5754688,7.52066404
35.0,29.5770312,7.50718744
35.0,29.5801564,7.52183588
35.0,29.579375199999998,7.525546779999999
35.0,29.5796878,7.519921819999999
35.0,29.581094,7.52820306
35.0,29.5803128,7.528984339999999
35.0,29.5795314,7.52390624
35.0,29.573281400000003,7.521171900000001
35.0,29.5764062,7.5213672
35.0,29.575,7.51015626
35.0,29.5773438,7.502148460000001
35.0,29.575,7.487890660000001
35.0,29.5789062,7.4916016
35.0,29.5726562,7.497460940000001
35.0,29.5695312,7.492968759999999
35.0,29.571875,7.497656279999999
35.0,29.5726564,7.506640620000001
35.0,29.5734376,7.508984379999999
35.0,29.575000199999998,7.509765659999999
35.0,29.580469,7.520507839999999
35.0,29.5781252,7.522851559999999
35.0,29.5830732,7.51809892
35.0,29.580729400000003,7.518489559999999
35.0,29.579166800000003,7.509309879999999
35.0,29.5752604,7.506575499999999
35.0,29.576041600000003,7.5038411400000005
35.0,29.5679686,7.503906239999999
35.0,29.5695312,7.5082030799999995
35.0,29.5710938,7.527734319999999
35.0,29.5703126,7.53417964
35.0,29.5679688,7.53554682
35.0,29.5695312,7.543164020000001
35.0,29.5687498,7.541992179999999
35.0,29.569791600000002,7.537825499999999
35.0,29.576041600000003,7.537239560000001
35.0,29.5791666,7.53255202
35.0,29.5807292,7.520247360000001
35.0,29.580208600000002,7.51673172
35.0,29.586198000000003,7.4988281
35.0,29.5854168,7.50683592
35.0,29.5867188,7.50989582
35.0,29.5875,7.515364559999999
35.0,29.5895832,7.514387999999999
35.0,29.5846352,7.52578126
35.0,29.583854000000002,7.51835938
35.0,29.584895799999998,7.51666668
35.0,29.584895799999998,7.519466199999999
35.0,29.586458399999998,7.5184896
35.0,29.5851564,7.5145182
35.0,29.5804688,7.5254557
35.0,29.5765626,7.5223307
35.0,29.5723958,7.52102856
35.0,29.573176999999998,7.52532546
35.0,29.570051999999997,7.53391926
35.0,29.576302,7.514387999999999
35.0,29.5739582,7.522981799999999
35.0,29.58125,7.528971440000001
35.0,29.5804688,7.52545582
35.0,29.580729400000003,7.52343752
35.0,29.580729400000003,7.528906279999999
35.0,29.5817712,7.534505179999999
35.0,29.579427399999997,7.5354166000000005
35.0,29.579948,7.54023428
35.0,29.5804686,7.538932220000001
35.0,29.582551799999997,7.53450516
35.0,29.588541199999998,7.5349609200000005
35.0,29.583593200000003,7.522330739999999
35.0,29.579166200000003,7.525911499999999
35.0,29.578645599999998,7.5207032
35.0,29.5703124,7.520833380000001
35.0,29.570573000000003,7.50839852
35.0,29.574739800000003,7.52246102
35.0,29.574739800000003,7.51894538
35.0,29.5789062,7.51660164
35.0,29.5828124,7.51640632
35.0,29.5796874,7.5263021199999995
35.0,29.577604200000003,7.504687479999999
35.0,29.584635400000003,7.503125
35.0,29.578385400000002,7.49817704
35.0,29.574479200000003,7.497200480000001
35.0,29.574218600000002,7.48704424
35.0,29.578384999999997,7.5037109399999995
35.0,29.5747394,7.50442704
35.0,29.5804688,7.514192679999999
35.0,29.5835938,7.51966144
35.0,29.5744794,7.51236974
35.0,29.563021199999998,7.51354164
35.0,29.5557294,7.511197900000001
35.0,29.55625,7.52070308
35.0,29.559375,7.510546840000001
35.0,29.564583199999998,7.51666666
35.0,29.577083199999997,7.517838499999999
35.0,29.576041399999998,7.51236974
35.0,29.56875,7.50143224
35.0,29.5708332,7.50351554
35.0,29.568489399999997,7.5029296
35.0,29.5695312,7.508398359999999
35.0,29.573698,7.50735676
35.0,29.6257812,7.5044922
35.0,29.8289062,7.53235684
35.0,30.2484376,7.592122499999999
35.0,30.8682294,7.65800794
35.0,31.6807294,7.76451834
35.0,32.6557294,7.884830840000001
35.0,33.700521200000004,8.015039139999999
35.0,34.74375,8.14218754
35.0,35.8182288,8.273567700000001
35.0,36.9536452,8.417057199999999
35.0,38.076561600000005,8.5691406
35.0,39.1890616,8.7066406
35.0,40.30989520000001,8.8457031
35.0,41.422916400000005,8.9713541
35.0,42.51875,9.063020900000001
35.0,43.675521200000006,9.1660156
35.0,44.896354800000005,9.270182199999999
35.0,46.1421884,9.3634113
35.0,47.3963548,9.4571613
35.0,48.6192712,9.562369499999999
35.0,49.808333600000005,9.6338539
35.0,50.9395836,9.691666399999999
35.0,52.06875,9.758333200000001
35.0,53.175,9.821354099999999
35.0,54.3208336,9.8729166
35.0,55.441667200000005,9.9276041
35.0,56.55416720000001,9.9796875
35.0,57.6020836,10.008854099999999
35.0,58.4354172,10.034895699999998
35.0,59.0375008,10.0598957
35.0,59.437500799999995,10.070312300000001
35.0,59.6187508,10.0812498
35.0,59.6312508,10.0885414
35.0,59.6395836,10.0843748
35.0,59.6375,10.0843748
35.0,59.6416664,10.080729100000001
35.0,59.645832799999994,10.079166599999999
35.0,59.645832799999994,10.079166599999999
35.0,59.64375,10.0828125
35.0,59.64375,10.072916800000002
35.0,59.64375,10.0765625
35.0,59.6458336,10.0703125
35.0,59.6375008,10.0640625
35.0,59.64166719999999,10.0583332
35.0,59.65208359999999,10.0671873
35.0,59.64583359999999,10.0692707
35.0,59.6416664,10.079166599999999
35.0,59.6499992,10.088541600000001
35.0,59.645832799999994,10.0973959
35.0,59.6354164,10.1015625
35.0,59.6354164,10.1052084
35.0,59.63125,10.1135416
35.0,59.629167200000005,10.1119791
35.0,59.63125,10.1057291
35.0,59.6375,10.10625
35.0,59.65,10.1041666
35.0,59.65,10.094791599999999
35.0,59.654166399999994,10.0895834
35.0,59.65416640000001,10.096875
35.0,59.66041640000001,10.100520900000001
35.0,59.658332800000004,10.1041668
35.0,59.67083280000001,10.0953127
35.0,59.66666640000001,10.1057293
35.0,59.6666664,10.1000002
35.0,59.65625,10.0869793
35.0,59.65,10.0953125
35.0,59.64375,10.1
35.0,59.652082799999995,10.092708400000001
35.0,59.65625,10.0979166
35.0,59.6625,10.0984375
35.0,59.660417200000005,10.0921875
35.0,59.6697922,10.0960937
35.0,59.6697922,10.084635299999999
35.0,59.66770859999999,10.0872396
35.0,59.6614586,10.0960937
35.0,59.665625,10.091927100000001
35.0,59.65625,10.098177100000001
35.0,59.64791720000001,10.123698000000001
35.0,59.6500008,10.132552100000002
35.0,59.6500008,10.1320312
35.0,59.6468758,10.1437499
35.0,59.6468758,10.1377603
35.0,59.6489586,10.1179685
35.0,59.644791399999995,10.1028644
35.0,59.64895779999999,10.100260299999999
35.0,59.6499992,10.0921875
35.0,59.6499992,10.094270900000001
35.0,59.64583280000001,10.097135500000002
35.0,59.6479164,10.1028646
35.0,59.6479164,10.1007812
35.0,59.65,10.1065103
35.0,59.652083600000005,10.101822799999999
35.0,59.65625,10.1057291
35.0,59.65625,10.0979166
35.0,59.65,10.0984375
35.0,59.65416640000001,10.0963541
35.0,59.645832799999994,10.10625
35.0,59.64479140000001,10.1101563
35.0,59.64479140000001,10.1226563
35.0,59.653125,10.1294272
35.0,59.6489586,10.122916900000002
35.0,59.653125,10.1109376
35.0,59.652083600000005,10.1039063
35.0,59.6489586,10.1046875
35.0,59.646875,10.097395699999998
35.0,59.6375,10.1098957
35.0,59.64166720000001,10.1203125
35.0,59.65,10.121875
35.0,59.653125,10.115625
35.0,59.655208599999995,10.123958400000001
35.0,59.66458359999999,10.1148437
35.0,59.6625,10.118229
35.0,59.6625,10.1166665
35.0,59.65625,10.1166665
35.0,59.6583328,10.1083331
35.0,59.6583328,10.111979
35.0,59.6583328,10.1127603
35.0,59.65,10.121614399999999
35.0,59.65416640000001,10.128124799999998
35.0,59.653125,10.1333332
35.0,59.659375,10.1213541
35.0,59.659375,10.118229099999999
35.0,59.669791399999994,10.1203125
35.0,59.675,10.1114584
35.0,59.669791399999994,10.1145834
35.0,59.65520779999999,10.124479099999999
35.0,59.661457799999994,10.1205728
35.0,59.65520779999999,10.118489399999998
35.0,59.645832799999994,10.1247394
35.0,59.64375,10.120051899999998
35.0,59.6489586,10.124479099999999
35.0,59.646875,10.1382813
35.0,59.642708600000006,10.132552200000001
35.0,59.6552086,10.1208335
35.0,59.6572914,10.127604400000001
35.0,59.660416399999995,10.122135600000002
35.0,59.65625,10.1059897
35.0,59.6572914,10.113021
35.0,59.6510414,10.1200522
35.0,59.659375,10.1187501
35.0,59.6614586,10.126041699999998
35.0,59.761458600000005,10.1307292
35.0,60.072917200000006,10.137239499999998
35.0,60.588542200000006,10.154426999999998
35.0,61.28854220000001,10.184374799999999
35.0,62.18333359999999,10.2239582
35.0,63.1937508,10.265624800000001
35.0,64.1541672,10.304426900000001
35.0,65.103125,10.350781000000001
35.0,66.040625,10.3888019
35.0,66.99166720000001,10.4294269
35.0,67.875,10.466666499999999
35.0,68.60416719999999,10.4976562
35.0,69.1270844,10.505989600000001
35.0,69.4854172,10.5091146
35.0,69.63125,10.5005208
35.0,69.63125,10.5033855
35.0,69.63333279999999,10.5020834
35.0,69.6479156,10.5177084
35.0,69.6395828,10.5270834
35.0,69.6458328,10.5419272
35.0,69.6458328,10.542447899999999
35.0,69.6395828,10.542447899999999
35.0,69.63125,10.534635399999999
35.0,69.63125,10.5299479
35.0,69.625,10.509635399999999
35.0,69.63125,10.5039063
35.0,69.63125,10.508333400000001
35.0,69.6375,10.5020834
35.0,69.6375,10.5091146
35.0,69.6416672,10.5242187
35.0,69.6354172,10.5351562
35.0,69.6354172,10.5382812
35.0,69.62916720000001,10.5570312
35.0,69.6333344,10.5505209
35.0,69.6354172,10.536198100000002
35.0,69.6354172,10.529948100000002
35.0,69.6354172,10.5226563
35.0,69.62916720000001,10.515625
35.0,69.63333279999999,10.5203125
35.0,69.63333279999999,10.5335937
35.0,69.6270828,10.5390625
35.0,69.6354156,10.5432293
35.0,69.6416656,10.5354169
35.0,69.64166559999998,10.526041900000001
35.0,69.64791559999999,10.517448100000001
35.0,69.6604156,10.508854300000001
35.0,69.65208279999999,10.5046875
35.0,69.6458328,10.5132812
35.0,69.6375,10.524739399999998
35.0,69.6375,10.528645699999998
35.0,69.64375,10.5231769
35.0,69.65625,10.5263019
35.0,69.6625,10.5388019
35.0,69.6625,10.540104099999999
35.0,69.6541672,10.5432291
35.0,69.6541672,10.548697899999999
35.0,69.6541672,10.5460938
35.0,69.6625,10.525260399999999
35.0,69.66875,10.5104166
35.0,69.66458279999999,10.5104166
35.0,69.6604156,10.5104166
35.0,69.6479156,10.5104166
35.0,69.6458328,10.4992187
35.0,69.64375,10.5080728
35.0,69.64375,10.4916665
35.0,69.6354172,10.4911456
35.0,69.6416672,10.478645599999998
35.0,69.6354172,10.493489399999998
35.0,69.6375,10.4869791
35.0,69.6416672,10.4929688
35.0,69.6416672,10.500520900000001
35.0,69.64791720000001,10.5169271
35.0,69.66458440000001,10.514323000000001
35.0,69.66458440000001,10.519791700000003
35.0,69.6666672,10.5184896
35.0,69.6666672,10.5119793
35.0,69.6541672,10.5088543
35.0,69.6375,10.512239600000001
35.0,69.63541719999999,10.501823000000002
35.0,69.62916720000001,10.506510400000002
35.0,69.6354172,10.501302
35.0,69.6416672,10.503645800000001
35.0,69.64583440000001,10.5106771
35.0,69.6354172,10.517187400000001
35.0,69.6354172,10.5203124
35.0,69.6375,10.525520799999999
35.0,69.6375,10.527083300000001
35.0,69.63333279999999,10.5239583
35.0,69.6395828,10.5247396
35.0,69.6395828,10.524479300000001
35.0,69.63125,10.5286459
35.0,69.625,10.5341146
35.0,69.625,10.5333333
35.0,69.625,10.5390624
35.0,69.63125,10.5455727
35.0,69.6375,10.540104
35.0,69.6375,10.5260416
35.0,69.6375,10.520051999999998
40.0,55.824707032000006,10.4111979
45.0,42.00916574,10.3093007
50.0,28.193882539999997,10.277009099999999
55.0,14.380559439999999,10.2369421
60.0,0.56468332,10.146391499999998
60.0,0.566164436,10.178422799999998
60.0,0.563653268,10.216369199999999
60.0,0.5618745279999999,10.1728795
60.0,0.564699582,10.131436099999998
60.0,0.566875922,10.1722845
60.0,0.5663295140000001,10.1730657
60.0,0.568577934,10.1344125
60.0,0.562146574,10.1707966
60.0,0.55872163,10.1894722
60.0,0.5542654899999999,10.163914
60.0,0.5526611300000001,10.185565800000001
60.0,0.548808356,10.229129599999998
60.0,0.556985896,10.1797246
60.0,0.557557886,10.1649924
60.0,0.5631859,10.1684522
60.0,0.55939592,10.1694566
60.0,0.561293244,10.1618674
60.0,0.558668164,10.1231026
60.0,0.561228144,10.140253000000001
60.0,0.5622047099999999,10.1476192
60.0,0.57001256,10.1318826
60.0,0.571788982,10.1344496
60.0,0.5725981219999999,10.200521
60.0,0.569731214,10.1646206
60.0,0.565576174,10.1707218
60.0,0.571086764,10.1606772
60.0,0.5715424920000001,10.135119
60.0,0.5717471040000001,10.079947999999998
60.0,0.573881592,10.1045016
60.0,0.577562306,10.070498599999999
60.0,0.571828498,10.069717399999998
60.0,0.5721912180000001,10.085789
60.0,0.572991078,10.149218999999999
60.0,0.574423368,10.140773999999999
60.0,0.578999254,10.1425596
60.0,0.578748142,10.150930200000001
60.0,0.579361982,10.1281252
60.0,0.57950149,10.110268
60.0,0.5765625,10.1131326
60.0,0.569176672,10.121131199999999
60.0,0.565884252,10.1226936
60.0,0.5638055620000001,10.123177
60.0,0.5648193220000001,10.126562400000001
60.0,0.5606340559999999,10.1433034
60.0,0.560339924,10.1420013
60.0,0.5627441360000001,10.142745399999999
60.0,0.5619489400000001,10.1621652
60.0,0.55913552,10.1476192
60.0,0.5661946760000001,10.1527532
60.0,0.569201096,10.1473961
60.0,0.565485504,10.1468752
60.0,0.5656412900000001,10.149367600000001
60.0,0.5642740980000001,10.136421
60.0,0.558414728,10.117224400000001
60.0,0.552691368,10.1361231
60.0,0.555328088,10.124069700000002
60.0,0.554851438,10.118229099999999
60.0,0.55369351,10.1313988
60.0,0.554963036,10.1412204
60.0,0.559026236,10.137500300000001
60.0,0.559323856,10.127157799999999
60.0,0.559909792,10.137202400000001
60.0,0.5622674919999999,10.133854300000001
60.0,0.565099526,10.125260500000001
60.0,0.568866266,10.1187871
60.0,0.568164066,10.139174
60.0,0.56487282,10.1211681
60.0,0.5631010599999999,10.1354537
60.0,0.56082706,10.124181499999999
60.0,0.556830128,10.1354168
60.0,0.554737488,10.130283
60.0,0.5558244880000001,10.1165925
60.0,0.555466416,10.1046134
60.0,0.552808776,10.1329616
60.0,0.553736508,10.122024099999999
60.0,0.5551734620000001,10.123140099999999
60.0,0.556243022,10.116778499999999
60.0,0.5568452340000001,10.1081848
60.0,0.560730554,10.0883186
60.0,0.565873782,10.144828999999998
60.0,0.5630324480000001,10.1123142
60.0,0.561730378,10.072730799999999
60.0,0.565799378,10.089137
60.0,0.564925126,10.0552085
60.0,0.562939458,9.9929688
60.0,0.56461589,10.01875
60.0,0.562866208,10.076302100000001
60.0,0.5586669879999999,10.0807291
60.0,0.5612386,10.1223957
60.0,0.55907388,10.1205728
60.0,0.5619352080000001,10.1333332
60.0,0.56545898,10.1374998
60.0,0.5668587300000001,10.133333200000001
60.0,0.5645312600000001,10.1223957
60.0,0.56732749,10.1525521
60.0,0.5664030099999999,10.148906199999999
60.0,0.56218426,10.0894271
60.0,0.560898456,10.138385500000002
60.0,0.564469418,10.226406399999998
60.0,0.561494156,10.2131772
60.0,0.565302756,10.186094
60.0,0.566308606,10.287344000000001
60.0,0.5642252680000001,10.2451044
60.0,0.558684896,10.147708499999998
60.0,0.5557226479999999,10.128437600000002
60.0,0.553111968,10.1444791
60.0,0.557952468,10.0808332
60.0,0.6632258999999999,10.0642706
60.0,0.92694986,10.077291500000001
60.0,1.3729655,10.105104
60.0,2.0088639600000002,10.1213541
60.0,2.82779302,10.1502604
60.0,3.7687891000000002,10.171822899999999
60.0,4.75125004,10.1390104
60.0,5.76234378,10.1455729
60.0,6.787109480000001,10.1543228
60.0,7.82906248,10.1306249
60.0,8.877500000000001,10.1837499
60.0,9.955,10.3215623
60.0,11.0010156,10.417265400000002
60.0,12.040703,10.543828
60.0,13.099765600000001,10.7675779
60.0,14.133515399999999,10.958828
60.0,15.171640400000001,11.1913281
60.0,16.2593746,11.4596875
60.0,17.3395308,11.7571875
60.0,18.3901558,12.019062700000001
60.0,19.456406,12.3159377
60.0,20.496406,12.6106252
60.0,21.4973436,12.915703400000002
60.0,22.4965624,13.236953399999999
60.0,23.5209374,13.628828199999997
60.0,24.5228124,13.967656199999999
60.0,25.5359376,14.3710938
60.0,26.585,14.8216406
60.0,27.5990624,15.2558594
60.0,28.4121874,15.5824222
60.0,29.0278124,15.883203599999998
60.0,29.4240622,16.056015799999997
60.0,29.5953124,16.1003908
60.0,29.60625,16.1050782
60.0,29.601875,16.103828
60.0,29.5995312,16.109687200000003
60.0,29.5960938,16.110624800000004
60.0,29.597343799999997,16.124062400000003
60.0,29.5989062,16.094765600000002
60.0,29.604531399999996,16.101953
60.0,29.601406399999995,16.096875
60.0,29.606875000000002,16.0929688
60.0,29.60375,16.1076562
60.0,29.60375,16.1139062
60.0,29.6004686,16.1632814
60.0,29.6035936,16.151172
60.0,29.601249799999998,16.1382814
60.0,29.601249800000005,16.1164064
60.0,29.601249800000005,16.1644532
60.0,29.601249800000005,16.1152344
60.0,29.5973436,16.1257812
60.0,29.595781199999998,16.1398436
60.0,29.5976562,16.1498434
60.0,29.596875,16.1182028
60.0,29.5984374,16.1107808
60.0,29.6039062,16.1260152
60.0,29.6015624,16.1197652
60.0,29.603125,16.1152342
60.0,29.6054688,16.1148436
60.0,29.6000002,16.120703
60.0,29.5970316,16.1116404
60.0,29.6017192,16.1178904
60.0,29.597812799999996,16.148359
60.0,29.596771,16.1369008
60.0,29.5991146,16.1454946
60.0,29.6005206,16.128385400000003
60.0,29.5973956,16.145182400000003
60.0,29.598176799999997,16.1319012
60.0,29.5953124,16.13125
60.0,29.596875,16.119922
60.0,29.5914062,16.1554688
60.0,29.5929686,16.1140626
60.0,29.5914062,16.0871094
60.0,29.5937498,16.0882812
60.0,29.5890622,16.110937200000002
60.0,29.5921874,16.0874996
60.0,29.5903644,16.096093200000002
60.0,29.595833200000005,16.0984372
60.0,29.591927,16.1046872
60.0,29.5997396,16.073828
60.0,29.603645800000002,16.0625
60.0,29.6067708,16.0932294
60.0,29.6020832,16.1264324
60.0,29.5989582,16.140885599999997
60.0,29.5966144,16.1608074
60.0,29.594270599999998,16.1841148
60.0,29.5914062,16.192448000000002
60.0,29.5914062,16.129948000000002
60.0,29.5976562,16.1100262
60.0,29.5976562,16.131510600000002
60.0,29.603125,16.1273438
60.0,29.6085938,16.13125
60.0,29.6078126,16.1489582
60.0,29.605469,16.159505
60.0,29.600781599999998,16.154817599999998
60.0,29.5963546,16.154817599999998
60.0,29.5924482,16.128255199999998
60.0,29.5924482,16.1402344
60.0,29.5971356,16.14375
60.0,29.602604200000002,16.1320312
60.0,29.5994792,16.1278644
60.0,29.5971356,16.1255206
60.0,29.5929688,16.1197914
60.0,29.5890626,16.111978999999998
60.0,29.587239599999997,16.101302
60.0,29.591666599999996,16.0878906
60.0,29.595312200000002,16.0592447
60.0,29.599478999999995,16.0763021
60.0,29.602343400000002,16.1020833
60.0,29.598697800000004,16.0986977
60.0,29.599479000000002,16.1152341
60.0,29.602864599999997,16.1415362
60.0,29.608072800000002,16.1651038
60.0,29.606770800000003,16.1682288
60.0,29.609375,16.1867184
60.0,29.609375,16.1678384
60.0,29.6059894,16.175390399999998
60.0,29.6,16.1486978
60.0,29.603385600000003,16.0835937
60.0,29.6065106,16.0565103
60.0,29.604166799999994,16.0803383
60.0,29.6083336,16.0709633
60.0,29.609114799999997,16.0601559
60.0,29.605729199999995,16.0983068
60.0,29.6046874,16.1227862
60.0,29.6059894,16.1173174
60.0,29.602864399999998,16.107421600000002
60.0,29.6007812,16.1261716
60.0,29.6041668,16.1328124
60.0,29.600260600000002,16.129426799999997
60.0,29.5971356,16.1164062
60.0,29.5971356,16.1242188
60.0,29.6070312,16.108854400000002
60.0,29.604947599999996,16.121875
60.0,29.609895599999998,16.114323
60.0,29.6070312,16.1308592
60.0,29.608073,16.162109199999996
60.0,29.601302399999998,16.1805986
60.0,29.6013024,16.1535154
60.0,29.5971356,16.158723600000002
60.0,29.641666800000003,16.1463538
60.0,29.825,16.2338538
60.0,30.1885414,16.372395599999997
60.0,30.755208200000006,16.6348956
60.0,31.555208200000003,16.98125
60.0,32.5041668,17.4291668
60.0,33.522916800000004,17.7739586
60.0,34.564583600000006,18.2031254
60.0,35.642708600000006,18.626562800000002
60.0,36.753125,19.036979199999998
60.0,37.871875,19.469271
60.0,39.0052086,19.944271
60.0,40.153125,20.359896
60.0,41.283333600000006,20.7937504
60.0,42.387500800000005,21.237500400000002
60.0,43.5229172,21.5635418
60.0,44.658333600000006,21.946875
60.0,45.8291672,22.2875
60.0,47.035417200000005,22.583333200000002
60.0,48.2083336,22.827083199999997
60.0,49.3989586,23.1523438
60.0,50.621875,23.357552000000002
60.0,51.840625,23.576302
60.0,53.013541399999994,23.757551999999997
60.0,54.209375,23.9054688
60.0,55.375,24.005208200000002
60.0,56.45416720000001,24.1697918
60.0,57.49166720000001,24.3395832
60.0,58.3416672,24.4322914
60.0,58.97083359999999,24.5562496
60.0,59.38125,24.6770832
60.0,59.6166664,24.687499600000002
60.0,59.6479164,24.6927082
60.0,59.65,24.753125
60.0,59.6479164,24.757291799999997
60.0,59.652083600000005,24.765625
60.0,59.64791720000001,24.815625
60.0,59.64791720000001,24.852083200000003
60.0,59.65,24.859375
60.0,59.65,24.9083332
60.0,59.65,24.9166664
60.0,59.645832799999994,24.9375
60.0,59.645832799999994,24.932291799999998
60.0,59.645832799999994,24.9447918
60.0,59.64375,24.9333336
60.0,59.6416664,24.944792200000002
60.0,59.652083600000005,24.9458336
60.0,59.6458336,24.966666800000002
60.0,59.6437508,24.9770832
60.0,59.6437508,24.986458199999998
60.0,59.64166719999999,24.9885414
60.0,59.635417200000006,25.0052082
60.0,59.6437508,24.9916664
60.0,59.6447922,25.008333200000003
60.0,59.644792200000005,25.0333332
60.0,59.6427094,25.0354164
60.0,59.644792200000005,25.0270832
60.0,59.63645859999999,25.0291668
60.0,59.63333359999999,25.01875
60.0,59.6333336,25.025
60.0,59.63333359999999,25.0104168
60.0,59.6385422,25.00625
60.0,59.640625799999995,25.020833200000002
60.0,59.644792200000005,25.0114582
60.0,59.65104219999999,24.98125
60.0,59.646875,25.0010418
60.0,59.6395836,25.00625
60.0,59.640625,25.01875
60.0,59.6489586,25.053125
60.0,59.646875,25.0760414
60.0,59.6489586,25.0812496
60.0,59.653125,25.080208199999998
60.0,59.665625,25.0911458
60.0,59.655208599999995,25.077604400000002
60.0,59.646875,25.045313
60.0,59.644791399999995,25.0338548
60.0,59.644791399999995,25.048438
60.0,59.629166399999995,25.001562800000002
60.0,59.6374992,24.997396000000002
60.0,59.63958280000001,25.0265624
60.0,59.6416664,25.0223956
60.0,59.63958279999999,25.0119788
60.0,59.6416664,25.0427082
60.0,59.6375,25.0416664
60.0,59.64375,25.0130208
60.0,59.652083600000005,25.008854
60.0,59.656250799999995,25.003645799999997
60.0,59.65833359999999,25.009895800000002
60.0,59.65208359999999,24.990625
60.0,59.647917199999995,25.0348956
60.0,59.64791720000001,25.0765624
60.0,59.64583359999999,25.081249800000002
60.0,59.6437508,25.073957999999998
60.0,59.6541672,25.0963538
60.0,59.65833359999999,25.0723956
60.0,59.654166399999994,25.0369788
60.0,59.654166399999994,25.039583200000003
60.0,59.652082799999995,25.0104164
60.0,59.6510414,25.031770599999998
60.0,59.64895779999999,25.047395599999998
60.0,59.648957800000005,25.0682292
60.0,59.642707800000004,25.0640624
60.0,59.6468742,25.1109374
60.0,59.63958280000001,25.098958200000002
60.0,59.6354164,25.0911456
60.0,59.63125,25.0973956
60.0,59.63541640000001,25.1276038
60.0,59.634375,25.0911456
60.0,59.640625,25.0880206
60.0,59.646875,25.1041664
60.0,59.646875,25.095312200000002
60.0,59.651042200000006,25.076562199999998
60.0,59.651042200000006,25.0984372
60.0,59.64270859999999,25.1015622
60.0,59.634375,25.086979
60.0,59.634375,25.0776038
60.0,59.6260414,25.0421874
60.0,59.6260414,25.0078124
60.0,59.6322914,25.0171874
60.0,59.636458600000005,24.9921874
60.0,59.636458600000005,24.9953126
60.0,59.642708600000006,25.018228999999998
60.0,59.6458336,25.033853999999998
60.0,59.6458336,25.018228999999998
60.0,59.64375,25.024479
60.0,59.65,24.980729
60.0,59.6416664,24.9817708
60.0,59.638541399999994,25.0083334
60.0,59.636457799999995,24.9843752
60.0,59.6427078,24.9937502
60.0,59.6343742,25.0307294
60.0,59.64479140000001,25.0213544
60.0,59.641666400000005,24.9979168
60.0,59.6416664,25.0145836
60.0,59.6354164,25.0380212
60.0,59.6395836,25.046354400000002
60.0,59.634375,25.066667000000002
60.0,59.634375,25.054167
60.0,59.636458600000005,25.0812502
60.0,59.636458600000005,25.066145799999997
60.0,59.64375,25.050520799999997
60.0,59.646875,25.0166664
60.0,59.653125,25.0057288
60.0,59.6572914,24.9755206
60.0,59.6635414,24.965625
60.0,59.6583328,24.966666800000002
60.0,59.661457799999994,24.972396
60.0,59.732291399999994,24.9812504
60.0,59.990625,25.0005212
60.0,60.4427086,25.0427086
60.0,61.097917200000005,25.1307294
60.0,61.953125799999995,25.2614588
60.0,62.913542199999995,25.388542
60.0,63.8947922,25.5401044
60.0,64.8552086,25.671354400000002
60.0,65.8041664,25.7885418
60.0,66.73958280000001,25.8875
60.0,67.69375,26.034375
60.0,68.45,26.09375
60.0,69.0395828,26.153125
60.0,69.43125,26.1703124
60.0,69.64375,26.16875
60.0,69.65625,26.14375
60.0,69.65,26.13125
60.0,69.6458344,26.111458199999998
60.0,69.6520844,26.094270799999997
60.0,69.6437516,26.096875
60.0,69.6395844,26.0890624
60.0,69.6458344,26.090625
60.0,69.65416719999999,26.105208600000005
60.0,69.6479172,26.150521200000004
60.0,69.64791720000001,26.1578126
60.0,69.6416672,26.1718752
60.0,69.6395844,26.1421876
60.0,69.6395844,26.1364582
60.0,69.6395844,26.120832999999998
60.0,69.6395844,26.122916600000003
60.0,69.6458344,26.1104166
60.0,69.65,26.163541600000002
60.0,69.6375,26.186979200000003
60.0,69.6375,26.188541800000003
60.0,69.63333279999999,26.1875
60.0,69.6395828,26.2
60.0,69.6354172,26.2072918
60.0,69.6354172,26.186979400000002
60.0,69.6354172,26.176042000000002
60.0,69.6354172,26.207292000000002
60.0,69.6229172,26.2026046
60.0,69.61875,26.185937799999998
60.0,69.62291719999999,26.2020834
60.0,69.62291719999999,26.2130208
60.0,69.62291719999999,26.1380208
60.0,69.6291672,26.14375
60.0,69.62291719999999,26.1515624
60.0,69.62708280000001,26.1463542
60.0,69.6333328,26.132291600000002
60.0,69.6333328,26.1760416
60.0,69.6333328,26.163541600000002
60.0,69.64583280000001,26.149479200000002
60.0,69.6375,26.116666600000002
60.0,69.63125,26.125521
60.0,69.6375,26.131770999999997
60.0,69.64375,26.157291800000003
60.0,69.6458328,26.1479168
60.0,69.6458328,26.194792
60.0,69.6458328,26.1921876
60.0,69.63333279999999,26.2203126
60.0,69.6270828,26.1947918
60.0,69.625,26.2291668
60.0,69.625,26.196354200000002
60.0,69.62916720000001,26.208333599999996
60.0,69.64791720000001,26.184896
60.0,69.64791720000001,26.204166800000003
60.0,69.6416672,26.16875
60.0,69.64791720000001,26.19375
60.0,69.64375,26.186458199999997
60.0,69.63125,26.147395799999998
60.0,69.63125,26.13125
60.0,69.64375,26.108854400000002
60.0,69.6375,26.094791800000003
60.0,69.6375,26.078125
60.0,69.63125,26.09375
60.0,69.63125,26.0817706
60.0,69.6125,26.0973954
60.0,69.6125,26.117708
60.0,69.62083279999999,26.122916600000003
60.0,69.6270828,26.127604
60.0,69.63333279999999,26.132291600000002
60.0,69.6354156,26.118229200000002
60.0,69.6416656,26.090104200000003
60.0,69.6333328,26.08125
60.0,69.6395828,26.090625199999998
60.0,69.6395828,26.076562799999998
60.0,69.6479172,26.106771
60.0,69.6416672,26.106771
60.0,69.6416672,26.097395799999997
60.0,69.63541719999999,26.1364582
60.0,69.6333344,26.138020599999997
60.0,69.6354172,26.1484374
60.0,69.6416672,26.171875
60.0,69.6416672,26.2171876
60.0,69.6416672,26.1994794
60.0,69.6375,26.210417
60.0,69.6375,26.190104400000003
60.0,69.6375,26.1635418
60.0,69.6375,26.122916800000002
60.0,69.6458328,26.121875
60.0,69.6458328,26.1140624
60.0,69.6395828,26.1421876
60.0,69.6395828,26.1734376
60.0,69.6395828,26.20625
60.0,69.63125,26.189583199999998
60.0,69.6375,26.200520599999997
60.0,69.6375,26.189583
60.0,69.63125,26.1692704
60.0,69.63125,26.181770399999998
60.0,69.6375,26.1859372
60.0,69.6354172,26.195833
60.0,69.6416672,26.173958
60.0,69.64791720000001,26.167707999999998
60.0,69.64791720000001,26.130208
60.0,69.64791720000001,26.133333
60.0,69.65,26.1296872
60.0,69.65,26.1546872
58.0,55.629833983999994,22.6374998
56.0,41.615757529999996,19.1497768
54.0,27.592682754,15.6305802
52.0,13.569993954000001,12.1245906
50.0,-0.453876026,8.601822799999999
50.0,-0.45190895,8.6140996
50.0,-0.45629766399999994,8.6033852
50.0,-0.45462356000000004,8.6011534
50.0,-0.45530250399999994,8.576786
50.0,-0.45496768000000004,8.5709079
50.0,-0.45747186399999995,8.5586311
50.0,-0.45780552399999996,8.5539436
50.0,-0.459378484,8.5376116
50.0,-0.45894600599999996,8.5398437
50.0,-0.45874372,8.5466146
50.0,-0.46194196400000004,8.571354199999998
50.0,-0.46067243199999997,8.581845099999999
50.0,-0.460808456,8.599516099999999
50.0,-0.46401251400000004,8.611495199999998
50.0,-0.46477981,8.637388
50.0,-0.46241164599999995,8.625818
50.0,-0.46404739,8.641108399999998
50.0,-0.46248489,8.6379834
50.0,-0.45907157200000004,8.650557799999998
50.0,-0.45918201999999997,8.6267484
50.0,-0.4644136019999999,8.623176999999998
50.0,-0.464444988,8.6201636
50.0,-0.46252673799999994,8.616555199999999
50.0,-0.46132696199999995,8.600037400000001
50.0,-0.462653458,8.588579
50.0,-0.45772297999999995,8.574814199999999
50.0,-0.457011486,8.5453498
50.0,-0.462856908,8.5331101
50.0,-0.46784435,8.5188244
50.0,-0.46119675000000004,8.5009672
50.0,-0.46143275399999995,8.491741000000001
50.0,-0.46055036200000005,8.5
50.0,-0.45909947399999995,8.5238841
50.0,-0.45383998999999997,8.5587056
50.0,-0.45320406,8.609115
50.0,-0.45275763399999996,8.6481774
50.0,-0.45066150999999993,8.6803202
50.0,-0.44764230000000005,8.702529799999999
50.0,-0.448674664,8.7036458
50.0,-0.448431688,8.6878346
50.0,-0.4477632020000001,8.6645088
50.0,-0.444401036,8.639062599999999
50.0,-0.446422754,8.6186386
50.0,-0.447923634,8.5879095
50.0,-0.449841878,8.569159500000001
50.0,-0.44834099800000005,8.575297899999999
50.0,-0.442503712,8.5699035
50.0,-0.44075985199999995,8.5634303
50.0,-0.43685942000000005,8.5711684
50.0,-0.434240142,8.579948300000002
50.0,-0.435335288,8.5736983
50.0,-0.44316057999999997,8.551637099999999
50.0,-0.44320824600000003,8.5204615
50.0,-0.44491723,8.4968007
50.0,-0.447501634,8.476860199999999
50.0,-0.44647508199999997,8.4642114
50.0,-0.446405326,8.4802829
50.0,-0.444634722,8.5009673
50.0,-0.440364586,8.5361607
50.0,-0.44142485200000003,8.5732143
50.0,-0.43826613400000003,8.6037203
50.0,-0.43449823400000004,8.6360119
50.0,-0.43253813599999996,8.6703869
50.0,-0.43439476800000004,8.6896578
50.0,-0.43564104800000003,8.6970238
50.0,-0.44072615200000004,8.6959076
50.0,-0.441857332,8.6801339
50.0,-0.444953268,8.6521577
50.0,-0.44587402200000004,8.6226934
50.0,-0.440505252,8.5907738
50.0,-0.431816172,8.582217199999999
50.0,-0.420167178,8.567485
50.0,-0.404613096,8.5758184
50.0,-0.38422502999999997,8.572470200000001
50.0,-0.36597726399999997,8.600372
50.0,-0.35501651,8.6033482
50.0,-0.349486144,8.592708400000001
50.0,-0.342922248,8.5703868
50.0,-0.341376026,8.5844493
50.0,-0.33949963,8.5594493
50.0,-0.33626766999999996,8.5473587
50.0,-0.33741745,8.5696057
50.0,-0.33851492,8.5710939
50.0,-0.336480414,8.5614586
50.0,-0.33393786599999997,8.560267999999999
50.0,-0.332188196,8.563132399999999
50.0,-0.32969564,8.5523436
50.0,-0.33146972599999996,8.573177000000001
50.0,-0.332592774,8.5776039
50.0,-0.33497721399999997,8.582291399999999
50.0,-0.337792968,8.5830726
50.0,-0.337410484,8.592187200000001
50.0,-0.338199878,8.5867184
50.0,-0.338712574,8.582551800000001
50.0,-0.34267579000000004,8.5598955
50.0,-0.346264656,8.5526039
50.0,-0.345169276,8.5586977
50.0,-0.343745116,8.533958100000001
50.0,-0.345657552,8.5352602
50.0,-0.34190592200000003,8.5482812
50.0,-0.336144206,8.5540624
50.0,-0.340983074,8.5445833
50.0,-0.33987630599999996,8.5626041
50.0,-0.337670902,8.557395699999999
50.0,-0.339208988,8.5753644
50.0,-0.340322268,8.573177
50.0,-0.33702636999999996,8.5820311
50.0,-0.33933757,8.5913541
50.0,-0.344174808,8.5927605
50.0,-0.34201823600000003,8.5841668
50.0,-0.342057296,8.5966668
50.0,-0.34027995200000005,8.5891668
50.0,-0.33669922,8.5706773
50.0,-0.337978514,8.578177100000001
50.0,-0.343046874,8.5664583
50.0,-0.34199218800000003,8.5708333
50.0,-0.343271488,8.575833300000001
50.0,-0.298415532,8.580625
50.0,-0.07322022399999999,8.6071876
50.0,0.346506356,8.613437600000001
50.0,0.9520337099999999,8.5975002
50.0,1.7601294159999998,8.5987502
50.0,2.69636724,8.5962502
50.0,3.66242188,8.554375199999999
50.0,4.65187496,8.5615626
50.0,5.64968746,8.574062600000001
50.0,6.65593746,8.5828126
50.0,7.701093779999999,8.6153124
50.0,8.755312579999998,8.685312399999999
50.0,9.809531459999999,8.75625
50.0,10.873437599999999,8.8271874
50.0,11.941250199999999,8.9415624
50.0,13.0259376,9.075
50.0,14.077812599999998,9.2075
50.0,15.11875,9.372499999999999
50.0,16.167812599999998,9.558125
50.0,17.241875,9.732499999999998
50.0,18.2739062,9.905156199999999
50.0,19.3414062,10.0748436
50.0,20.4132812,10.244530999999998
50.0,21.453125,10.4217185
50.0,22.453125,10.603593499999999
50.0,23.4695314,10.818827899999999
50.0,24.4639066,11.0394531
50.0,25.4839066,11.2797657
50.0,26.5245316,11.524297
50.0,27.5301564,11.7683594
50.0,28.3551564,11.9765626
50.0,28.9832812,12.154687599999999
50.0,29.3726562,12.2582032
50.0,29.559375,12.3324219
50.0,29.5800002,12.3599221
50.0,29.5800002,12.3724221
50.0,29.578125,12.362734499999998
50.0,29.5765624,12.3596095
50.0,29.574218600000002,12.339296999999998
50.0,29.574218600000002,12.3371094
50.0,29.571093400000002,12.3363281
50.0,29.5735936,12.3533593
50.0,29.577499999999997,12.3572655
50.0,29.574374999999996,12.3779687
50.0,29.5773438,12.3683593
50.0,29.5773438,12.3753906
50.0,29.5789064,12.3652344
50.0,29.577812599999998,12.3765626
50.0,29.5809376,12.3878906
50.0,29.577812599999998,12.3972656
50.0,29.577812599999998,12.3945312
50.0,29.5754688,12.401953
50.0,29.5726562,12.3855468
50.0,29.5718748,12.3644531
50.0,29.572656000000002,12.3527343
50.0,29.5710936,12.3277343
50.0,29.5734374,12.31875
50.0,29.575,12.3292968
50.0,29.5765626,12.335156099999999
50.0,29.5773438,12.3503905
50.0,29.5828126,12.3656249
50.0,29.5789062,12.3597656
50.0,29.5757812,12.3714844
50.0,29.5789062,12.3550782
50.0,29.5796876,12.3519532
50.0,29.5757812,12.3414062
50.0,29.5820312,12.3667968
50.0,29.5851562,12.360937400000001
50.0,29.5778644,12.3756509
50.0,29.577083,12.3522135
50.0,29.5778644,12.365885500000001
50.0,29.5708332,12.348697900000001
50.0,29.570051999999997,12.3334635
50.0,29.573176999999998,12.320442799999999
50.0,29.5739584,12.334505199999999
50.0,29.5723958,12.3368489
50.0,29.576302,12.3407552
50.0,29.5739582,12.3770834
50.0,29.58125,12.3792968
50.0,29.5789062,12.3949218
50.0,29.5822918,12.3714843
50.0,29.584635600000002,12.3632812
50.0,29.592448,12.341796800000001
50.0,29.5838542,12.3535156
50.0,29.5807292,12.3359376
50.0,29.577604200000003,12.3453126
50.0,29.576823,12.338671999999999
50.0,29.573698200000003,12.326562599999999
50.0,29.5744794,12.3433595
50.0,29.5804688,12.356510400000001
50.0,29.5809894,12.368619800000001
50.0,29.582551799999997,12.369401
50.0,29.578906,12.367838500000001
50.0,29.5765624,12.333854200000001
50.0,29.5666666,12.3363283
50.0,29.5651042,12.3132814
50.0,29.561198,12.3234376
50.0,29.5671874,12.3218751
50.0,29.574218600000002,12.322526
50.0,29.5828124,12.322135300000001
50.0,29.5875,12.3197916
50.0,29.5885418,12.3039063
50.0,29.5822918,12.3269531
50.0,29.578125,12.334244899999998
50.0,29.578125,12.329557399999999
50.0,29.5765624,12.3496095
50.0,29.5723956,12.3498698
50.0,29.576302,12.3342448
50.0,29.5783856,12.336848900000001
50.0,29.5799482,12.346614500000001
50.0,29.5851564,12.335677
50.0,29.5921876,12.3567708
50.0,29.594791800000003,12.3727865
50.0,29.5914062,12.3778647
50.0,29.5859374,12.376953199999999
50.0,29.5791666,12.3760416
50.0,29.576302199999997,12.3895832
50.0,29.565885400000003,12.3669269
50.0,29.5682292,12.3701821
50.0,29.570573000000003,12.3804686
50.0,29.5752606,12.402213399999999
50.0,29.5783856,12.401692700000002
50.0,29.5838544,12.425911500000002
50.0,29.580729400000003,12.4175781
50.0,29.5815106,12.3960937
50.0,29.5783856,12.392448
50.0,29.5773438,12.3591146
50.0,29.575,12.330599
50.0,29.577083199999997,12.3238281
50.0,29.576302,12.3238281
50.0,29.570051999999997,12.3134113
50.0,29.5690102,12.3290363
50.0,29.572916400000004,12.3399737
50.0,29.577083199999997,12.3290362
50.0,29.5747394,12.3464841
50.0,29.582552,12.360286200000001
50.0,29.5815106,12.3514321
50.0,29.575521200000004,12.3356769
50.0,29.569271200000003,12.338801899999998
50.0,29.573177400000002,12.308854
50.0,29.577864800000004,12.3122394
50.0,29.577864799999997,12.327343500000001
50.0,29.586979200000002,12.3505207
50.0,29.588021000000005,12.3625
50.0,29.587239800000003,12.375260399999998
50.0,29.623698,12.3638022
50.0,29.85,12.4013022
50.0,30.266927,12.5020834
50.0,30.872135200000002,12.684375
50.0,31.6773438,12.906770900000001
50.0,32.6315106,13.175520899999999
50.0,33.6526042,13.4759116
50.0,34.718229599999994,13.791015699999999
50.0,35.8203132,14.0832032
50.0,36.934896,14.357682299999999
50.0,38.0578124,14.6446614
50.0,39.1708336,14.906249800000001
50.0,40.247916399999994,15.197395699999998
50.0,41.3552078,15.466926899999999
50.0,42.5260414,15.7617185
50.0,43.7260414,16.057031000000002
50.0,44.9281242,16.323697600000003
50.0,46.1885414,16.4851558
50.0,47.41875,16.6781246
50.0,48.58125,16.8416664
50.0,49.729167200000006,16.9874996
50.0,50.8604172,17.1114582
50.0,51.9625,17.2375
50.0,53.06875,17.3197918
50.0,54.189583600000006,17.3958336
50.0,55.316666399999995,17.4322922
50.0,56.4359376,17.4750004
50.0,57.50885480000001,17.5114586
50.0,58.37135479999999,17.5375
50.0,59.0046876,17.534375
50.0,59.4130212,17.5083332
50.0,59.60625,17.486458199999998
50.0,59.6125,17.471875
50.0,59.6104164,17.4375
50.0,59.60625,17.4260414
50.0,59.6083336,17.420833199999997
50.0,59.6072922,17.4333332
50.0,59.61145859999999,17.4427082
50.0,59.607292199999996,17.45625
50.0,59.609375799999995,17.4447918
50.0,59.611458600000006,17.428125
50.0,59.6125,17.403125
50.0,59.6125,17.385416799999998
50.0,59.6166664,17.403125
50.0,59.620832799999995,17.4239582
50.0,59.6208328,17.471875
50.0,59.622916399999994,17.503125
50.0,59.6166664,17.4979164
50.0,59.6104164,17.472916399999995
50.0,59.6104164,17.4760414
50.0,59.6083336,17.477082799999998
50.0,59.6020836,17.4739578
50.0,59.604167200000006,17.4822914
50.0,59.61041720000001,17.514583199999997
50.0,59.6062508,17.513541800000002
50.0,59.6062508,17.503125400000002
50.0,59.609375799999995,17.500000399999998
50.0,59.61145859999999,17.5093754
50.0,59.61145859999999,17.4770836
50.0,59.613541399999995,17.4885418
50.0,59.6197914,17.5
50.0,59.6197914,17.5046874
50.0,59.621875,17.5140624
50.0,59.6177086,17.541146
50.0,59.613542200000005,17.5265628
50.0,59.613542200000005,17.516146
50.0,59.61666720000001,17.5197918
50.0,59.619792200000006,17.546875
50.0,59.62604219999999,17.5583332
50.0,59.6218758,17.5947914
50.0,59.6177086,17.6104164
50.0,59.615625,17.6177082
50.0,59.60625,17.5989582
50.0,59.60208279999999,17.6104164
50.0,59.610415599999996,17.599999599999997
50.0,59.6124992,17.595833199999998
50.0,59.6114578,17.594270799999997
50.0,59.6156242,17.600520799999998
50.0,59.61354140000001,17.6078126
50.0,59.613541399999995,17.6182294
50.0,59.607291399999994,17.6390626
50.0,59.60833279999999,17.6520832
50.0,59.6125,17.65625
50.0,59.614582799999994,17.6208332
50.0,59.61979140000001,17.6380208
50.0,59.621875,17.641145799999997
50.0,59.619792200000006,17.640104400000002
50.0,59.61458359999999,17.6453126
50.0,59.6145836,17.6942712
50.0,59.6072922,17.671875399999998
50.0,59.61145859999999,17.660937999999998
50.0,59.611458600000006,17.6619794
50.0,59.61041720000001,17.655729400000002
50.0,59.608334400000004,17.6546876
50.0,59.6125008,17.663020799999998
50.0,59.6062508,17.682291399999997
50.0,59.6062508,17.7010414
50.0,59.61041720000001,17.718229
50.0,59.608333599999995,17.724479
50.0,59.61041719999999,17.724479
50.0,59.6135422,17.720833199999998
50.0,59.613542200000005,17.704166800000003
50.0,59.609375799999995,17.730729200000003
50.0,59.6062508,17.696354200000002
50.0,59.60416719999999,17.7046874
50.0,59.6031258,17.7135418
50.0,59.6072922,17.7296876
50.0,59.61145859999999,17.706770799999997
50.0,59.6125,17.721353999999998
50.0,59.609375,17.752083399999997
50.0,59.6114578,17.7843748
50.0,59.609374200000005,17.8046872
50.0,59.6124992,17.830728999999998
50.0,59.6208328,17.833853999999995
50.0,59.627082800000004,17.801041399999995
50.0,59.6270828,17.778125
50.0,59.625,17.7739582
50.0,59.621875,17.7864582
50.0,59.61979140000001,17.8
50.0,59.60729140000001,17.8171874
50.0,59.611458600000006,17.8265624
50.0,59.613541399999995,17.8296874
50.0,59.607291399999994,17.8078124
50.0,59.607291399999994,17.819270600000003
50.0,59.6104164,17.842708199999997
50.0,59.60208279999999,17.8562496
50.0,59.60208279999999,17.8895832
50.0,59.60833279999999,17.922395599999998
50.0,59.610416400000005,17.950520599999997
50.0,59.610416400000005,17.952083
50.0,59.60625,17.9624998
50.0,59.6083336,17.948957999999998
50.0,59.6020836,17.9203124
50.0,59.604167200000006,17.915104200000002
50.0,59.6072922,17.924479400000003
50.0,59.61770859999999,17.9380212
50.0,59.61458359999999,17.950521200000004
50.0,59.6125,17.9901044
50.0,59.6041664,17.9901044
50.0,59.605207799999995,17.9916668
50.0,59.598957799999994,17.9734376
50.0,59.597916399999995,17.984895799999997
50.0,59.60625,17.971353999999998
50.0,59.60625,17.993228999999996
50.0,59.61041720000001,17.975520799999998
50.0,59.71041720000001,17.9958332
50.0,60.0,18.016666800000003
50.0,60.48125,18.1083336
50.0,61.1666664,18.169791800000002
50.0,62.036457799999994,18.2890624
50.0,63.009375,18.383854200000002
50.0,63.9677086,18.4921874
50.0,64.8989586,18.5468748
50.0,65.81145940000002,18.643749800000002
50.0,66.7145844,18.7312498
50.0,67.60625,18.816666199999997
50.0,68.3625,18.849478799999996
50.0,68.95,18.8864582
50.0,69.3645828,18.91875
50.0,69.59375,18.9328126
50.0,69.6416672,18.9479168
50.0,69.6375,18.9588542
50.0,69.6375,18.9781248
50.0,69.6354172,18.9697916
50.0,69.63125,18.946354200000002
50.0,69.625,18.9182294
50.0,69.62916720000001,18.9307294
50.0,69.6354172,18.936979400000002
50.0,69.63541719999999,18.9244794
50.0,69.6416672,18.9416668
50.0,69.6541672,18.966146000000002
50.0,69.6541672,18.955208600000002
50.0,69.64791720000001,18.9380212
50.0,69.64791720000001,18.9619794
50.0,69.64791720000001,18.9479168
50.0,69.6395844,18.9427082
50.0,69.6395844,18.9442706
50.0,69.6458344,18.950520599999997
50.0,69.64583440000001,18.9213538
50.0,69.63958440000002,18.9385414
50.0,69.64375,18.923958199999998
50.0,69.64375,18.9177082
50.0,69.63125,18.8973956
50.0,69.63125,18.8953124
50.0,69.63125,18.8921874
50.0,69.6229172,18.8828124
50.0,69.62916720000001,18.8593748
50.0,69.6416672,18.875
50.0,69.6416672,18.8947918
50.0,69.6416672,18.8807292
50.0,69.6416672,18.891666800000003
50.0,69.63958440000002,18.9234376
50.0,69.63958440000002,18.9265624
50.0,69.6354172,18.9411456
50.0,69.6354172,18.953125
50.0,69.6416672,18.9578124
50.0,69.64375,18.951041600000003
50.0,69.63333279999999,18.9484374
50.0,69.63333279999999,18.9359374
50.0,69.63333279999999,18.9286456
50.0,69.63125,18.9203124
50.0,69.61875,18.934375
50.0,69.6229172,18.9244792
50.0,69.6270844,18.899479200000002
50.0,69.6270844,18.902604200000003
50.0,69.62916720000001,18.9031248
50.0,69.63958440000002,18.8947916
50.0,69.64583440000001,18.890104200000003
50.0,69.6416672,18.886979200000003
50.0,69.6375,18.8984374
50.0,69.63125,18.9
50.0,69.63333279999999,18.891145799999997
50.0,69.6270828,18.875520799999997
50.0,69.63541559999999,18.8796876
50.0,69.6458328,18.860416800000003
50.0,69.6458328,18.8697918
50.0,69.64375,18.8609374
50.0,69.65,18.893749800000002
50.0,69.64791720000001,18.900520399999998
50.0,69.64791720000001,18.9161456
50.0,69.64375,18.899478799999997
50.0,69.6458328,18.905208
50.0,69.6395828,18.889583199999997
50.0,69.63333279999999,18.899479
50.0,69.6270828,18.880729
50.0,69.6375,18.914583399999998
50.0,69.64375,18.914583399999998
50.0,69.64791720000001,18.911978999999995
50.0,69.66041720000001,18.913020799999998
50.0,69.66041720000001,18.934895599999997
50.0,69.66041720000001,18.9255204
50.0,69.64791720000001,18.9374998
50.0,69.64375,18.9541666
50.0,69.63125,18.947916600000003
50.0,69.6375,18.9416666
50.0,69.6354172,18.922396000000003
50.0,69.6354172,18.8807292
50.0,69.6416672,18.8854168
50.0,69.64791720000001,18.868229200000002
50.0,69.6416672,18.860416800000003
50.0,69.64375,18.865625
50.0,69.64375,18.9015624
50.0,69.64375,18.8953124
50.0,69.6375,18.9020832
50.0,69.6375,18.9192708
50.0,69.63125,18.920833199999997
50.0,69.63125,18.923958399999997
50.0,69.6291672,18.9161458
50.0,69.6229172,18.9484376
50.0,69.6229172,18.94375
50.0,69.62916720000001,18.9359376
50.0,69.62916720000001,18.935416800000002
50.0,69.63125,18.9572918
50.0,69.64375,18.9557292
50.0,69.64375,18.9385416
50.0,69.65,18.947916600000003
50.0,69.6541672,18.9354166
50.0,69.66041720000001,18.929166600000002
50.0,69.6666672,18.921354200000003
50.0,69.6666672,18.946354200000002
50.0,69.6541672,18.9276042
50.0,69.65,18.9546874
